778|N|Trenton|Stenton|2016-03-23|1 min|2016-03-23 00:01:47
598|N|Thorndale|Narberth|2016-03-23|1 min|2016-03-23 00:01:58
279|S|Elm|Ridley Park|2016-03-23|2 min|2016-03-23 00:02:02
476|N|Airport Terminal E-F|Suburban Station|2016-03-23|On Time|2016-03-23 00:03:19
474|N|Airport Terminal E-F|Jenkintown-Wyncote|2016-03-23|On Time|2016-03-23 00:03:35
279|S|Elm|Crum Lynne|2016-03-23|2 min|2016-03-23 00:03:42
778|N|Trenton|Sedgwick|2016-03-23|2 min|2016-03-23 00:03:48
598|N|Thorndale|Merion|2016-03-23|1 min|2016-03-23 00:03:58
395|S|Trent|Temple U|2016-03-23|On Time|2016-03-23 00:04:17
6464|N|Powelton Yard|30th Street Station|2016-03-23|On Time|2016-03-23 00:04:22
9264|N|Marcus Hook|University City|2016-03-23|On Time|2016-03-23 00:05:02
778|N|Trenton|Mt Airy|2016-03-23|1 min|2016-03-23 00:05:05
276|N|Wilmington|Miquon|2016-03-23|On Time|2016-03-23 00:05:50
598|N|Thorndale|Overbrook|2016-03-23|1 min|2016-03-23 00:05:59
476|N|Airport Terminal E-F|Jefferson Station|2016-03-23|On Time|2016-03-23 00:06:21
279|S|Elm|Eddystone|2016-03-23|2 min|2016-03-23 00:06:25
474|N|Airport Terminal E-F|Glenside|2016-03-23|1 min|2016-03-23 00:07:29
778|N|Trenton|Wyndmoor|2016-03-23|3 min|2016-03-23 00:07:30
6479|S|Warminster|Suburban Station|2016-03-23|On Time|2016-03-23 00:08:11
591|S|Doylestown|Wayne Jct|2016-03-23|1 min|2016-03-23 00:08:21
279|S|Elm|Chester TC|2016-03-23|2 min|2016-03-23 00:08:24
9264|N|Marcus Hook|30th Street Station|2016-03-23|On Time|2016-03-23 00:09:02
478|N|Airport Terminal E-F|Airport Terminal C-D|2016-03-23|On Time|2016-03-23 00:09:03
478|N|Airport Terminal E-F|Airport Terminal B|2016-03-23|On Time|2016-03-23 00:09:17
778|N|Trenton|Gravers|2016-03-23|2 min|2016-03-23 00:09:30
777|S|Chestnut Hill East|North Philadelphia|2016-03-23|On Time|2016-03-23 00:10:15
395|S|Trent|Jefferson Station|2016-03-23|1 min|2016-03-23 00:10:17
6479|S|Warminster|30th Street Station|2016-03-23|On Time|2016-03-23 00:11:02
778|N|Trenton|Chestnut Hill East|2016-03-23|1 min|2016-03-23 00:11:04
276|N|Wilmington|Spring Mill|2016-03-23|2 min|2016-03-23 00:11:08
6464|N|Powelton Yard|Suburban Station|2016-03-23|On Time|2016-03-23 00:11:31
279|S|Elm|Highland Ave|2016-03-23|2 min|2016-03-23 00:11:32
9264|N|Marcus Hook|Suburban Station|2016-03-23|On Time|2016-03-23 00:12:11
395|S|Trent|Suburban Station|2016-03-23|On Time|2016-03-23 00:13:02
398|N|Elwyn|Jenkintown-Wyncote|2016-03-23|1 min|2016-03-23 00:13:36
279|S|Elm|Marcus Hook|2016-03-23|2 min|2016-03-23 00:13:42
476|N|Airport Terminal E-F|Temple U|2016-03-23|On Time|2016-03-23 00:13:45
276|N|Wilmington|Conshohocken|2016-03-23|2 min|2016-03-23 00:13:51
591|S|Doylestown|North Broad St|2016-03-23|2 min|2016-03-23 00:13:52
9264|N|Marcus Hook|Jefferson Station|2016-03-23|On Time|2016-03-23 00:14:13
478|N|Airport Terminal E-F|Eastwick Station|2016-03-23|On Time|2016-03-23 00:14:17
6464|N|Powelton Yard|Jefferson Station|2016-03-23|On Time|2016-03-23 00:14:24
398|N|Elwyn|Noble|2016-03-23|1 min|2016-03-23 00:14:29
591|S|Doylestown|Temple U|2016-03-23|1 min|2016-03-23 00:15:42
777|S|Chestnut Hill East|Bridesburg|2016-03-23|On Time|2016-03-23 00:16:15
398|N|Elwyn|Rydal|2016-03-23|1 min|2016-03-23 00:16:29
279|S|Elm|Claymont|2016-03-23|2 min|2016-03-23 00:17:07
598|N|Thorndale|30th Street Station|2016-03-23|On Time|2016-03-23 00:17:59
398|N|Elwyn|Meadowbrook|2016-03-23|1 min|2016-03-23 00:18:27
395|S|Trent|30th Street Station|2016-03-23|On Time|2016-03-23 00:19:02
777|S|Chestnut Hill East|Tacony|2016-03-23|On Time|2016-03-23 00:19:10
395|S|Trent|University City|2016-03-23|On Time|2016-03-23 00:20:17
476|N|Airport Terminal E-F|Wayne Jct|2016-03-23|On Time|2016-03-23 00:20:21
591|S|Doylestown|Jefferson Station|2016-03-23|2 min|2016-03-23 00:21:02
6464|N|Powelton Yard|Temple U|2016-03-23|On Time|2016-03-23 00:21:03
777|S|Chestnut Hill East|Holmesburg Jct|2016-03-23|On Time|2016-03-23 00:21:10
276|N|Wilmington|Norristown TC|2016-03-23|3 min|2016-03-23 00:21:50
598|N|Thorndale|Suburban Station|2016-03-23|On Time|2016-03-23 00:21:58
398|N|Elwyn|Bethayres|2016-03-23|2 min|2016-03-23 00:22:26
398|N|Elwyn|Philmont|2016-03-23|2 min|2016-03-23 00:22:28
591|S|Doylestown|Suburban Station|2016-03-23|On Time|2016-03-23 00:23:01
476|N|Airport Terminal E-F|Fern Rock TC|2016-03-23|On Time|2016-03-23 00:23:43
777|S|Chestnut Hill East|Torresdale|2016-03-23|On Time|2016-03-23 00:24:13
478|N|Airport Terminal E-F|University City|2016-03-23|On Time|2016-03-23 00:24:20
777|S|Chestnut Hill East|Cornwells Heights|2016-03-23|On Time|2016-03-23 00:25:37
276|N|Wilmington|Main St|2016-03-23|2 min|2016-03-23 00:25:39
598|N|Thorndale|Jefferson Station|2016-03-23|On Time|2016-03-23 00:25:57
398|N|Elwyn|Forest Hills|2016-03-23|1 min|2016-03-23 00:26:22
6779|S|Chestnut Hill East|Gravers|2016-03-23|On Time|2016-03-23 00:26:26
398|N|Elwyn|Somerton|2016-03-23|1 min|2016-03-23 00:26:28
276|N|Wilmington|Elm St|2016-03-23|1 min|2016-03-23 00:27:19
6779|S|Chestnut Hill East|Wyndmoor|2016-03-23|On Time|2016-03-23 00:27:42
476|N|Airport Terminal E-F|Melrose Park|2016-03-23|1 min|2016-03-23 00:27:43
780|N|Trenton|Levittown|2016-03-23|On Time|2016-03-23 00:28:09
279|S|Elm|Wilmington|2016-03-23|2 min|2016-03-23 00:28:23
6779|S|Chestnut Hill East|Mt Airy|2016-03-23|On Time|2016-03-23 00:28:25
591|S|Doylestown|30th Street Station|2016-03-23|On Time|2016-03-23 00:29:01
777|S|Chestnut Hill East|Croydon|2016-03-23|On Time|2016-03-23 00:29:10
6464|N|Powelton Yard|Fern Rock TC|2016-03-23|On Time|2016-03-23 00:29:30
476|N|Airport Terminal E-F|Elkins Park|2016-03-23|On Time|2016-03-23 00:29:34
6779|S|Chestnut Hill East|Sedgwick|2016-03-23|On Time|2016-03-23 00:29:41
478|N|Airport Terminal E-F|30th Street Station|2016-03-23|1 min|2016-03-23 00:29:43
398|N|Elwyn|Trevose|2016-03-23|1 min|2016-03-23 00:29:48
598|N|Thorndale|Temple U|2016-03-23|On Time|2016-03-23 00:29:57
777|S|Chestnut Hill East|Bristol|2016-03-23|On Time|2016-03-23 00:31:02
476|N|Airport Terminal E-F|Jenkintown-Wyncote|2016-03-23|On Time|2016-03-23 00:31:33
398|N|Elwyn|Neshaminy Falls|2016-03-23|2 min|2016-03-23 00:31:34
6779|S|Chestnut Hill East|Stenton|2016-03-23|On Time|2016-03-23 00:31:41
598|N|Thorndale|North Broad St|2016-03-23|On Time|2016-03-23 00:31:57
780|N|Trenton|Bristol|2016-03-23|On Time|2016-03-23 00:32:13
398|N|Elwyn|Langhorne|2016-03-23|On Time|2016-03-23 00:33:34
478|N|Airport Terminal E-F|Suburban Station|2016-03-23|1 min|2016-03-23 00:34:12
6779|S|Chestnut Hill East|Washington Lane|2016-03-23|On Time|2016-03-23 00:34:24
476|N|Airport Terminal E-F|Glenside|2016-03-23|1 min|2016-03-23 00:35:28
780|N|Trenton|Croydon|2016-03-23|On Time|2016-03-23 00:36:13
478|N|Airport Terminal E-F|Jefferson Station|2016-03-23|On Time|2016-03-23 00:36:20
398|N|Elwyn|Woodbourne|2016-03-23|On Time|2016-03-23 00:36:28
6779|S|Chestnut Hill East|Germantown|2016-03-23|On Time|2016-03-23 00:37:01
6464|N|Powelton Yard|Jenkintown-Wyncote|2016-03-23|On Time|2016-03-23 00:37:34
598|N|Thorndale|Wayne Jct|2016-03-23|On Time|2016-03-23 00:37:57
6779|S|Chestnut Hill East|Wister|2016-03-23|On Time|2016-03-23 00:38:24
6464|N|Powelton Yard|Glenside|2016-03-23|On Time|2016-03-23 00:39:01
780|N|Trenton|Cornwells Heights|2016-03-23|On Time|2016-03-23 00:39:07
6779|S|Chestnut Hill East|Wayne Jct|2016-03-23|On Time|2016-03-23 00:40:19
6464|N|Powelton Yard|Ardsley|2016-03-23|On Time|2016-03-23 00:41:29
780|N|Trenton|Torresdale|2016-03-23|On Time|2016-03-23 00:42:13
398|N|Elwyn|Yardley|2016-03-23|On Time|2016-03-23 00:42:27
598|N|Thorndale|Fern Rock TC|2016-03-23|On Time|2016-03-23 00:43:06
478|N|Airport Terminal E-F|Temple U|2016-03-23|On Time|2016-03-23 00:43:18
6464|N|Powelton Yard|Roslyn|2016-03-23|On Time|2016-03-23 00:43:29
6464|N|Powelton Yard|Crestmont|2016-03-23|On Time|2016-03-23 00:45:30
6779|S|Chestnut Hill East|Temple U|2016-03-23|On Time|2016-03-23 00:46:12
780|N|Trenton|Holmesburg Jct|2016-03-23|On Time|2016-03-23 00:46:19
398|N|Elwyn|West Trenton|2016-03-23|On Time|2016-03-23 00:46:21
6464|N|Powelton Yard|Willow Grove|2016-03-23|On Time|2016-03-23 00:46:22
780|N|Trenton|Tacony|2016-03-23|On Time|2016-03-23 00:47:08
598|N|Thorndale|Jenkintown-Wyncote|2016-03-23|On Time|2016-03-23 00:47:57
478|N|Airport Terminal E-F|Wayne Jct|2016-03-23|On Time|2016-03-23 00:49:43
780|N|Trenton|Bridesburg|2016-03-23|On Time|2016-03-23 00:50:12
6281|S|Elm|Conshohocken|2016-03-23|On Time|2016-03-23 00:50:12
6779|S|Chestnut Hill East|Jefferson Station|2016-03-23|On Time|2016-03-23 00:51:00
598|N|Thorndale|Glenside|2016-03-23|On Time|2016-03-23 00:51:37
6281|S|Elm|Spring Mill|2016-03-23|On Time|2016-03-23 00:52:11
6464|N|Powelton Yard|Hatboro|2016-03-23|On Time|2016-03-23 00:52:18
6779|S|Chestnut Hill East|Suburban Station|2016-03-23|On Time|2016-03-23 00:53:00
478|N|Airport Terminal E-F|Fern Rock TC|2016-03-23|On Time|2016-03-23 00:53:43
598|N|Thorndale|North Hills|2016-03-23|On Time|2016-03-23 00:53:57
6779|S|Chestnut Hill East|30th Street Station|2016-03-23|On Time|2016-03-23 00:55:01
6281|S|Elm|Miquon|2016-03-23|On Time|2016-03-23 00:55:41
478|N|Airport Terminal E-F|Melrose Park|2016-03-23|On Time|2016-03-23 00:55:43
598|N|Thorndale|Oreland|2016-03-23|On Time|2016-03-23 00:55:57
9266|N|Wilmington|Claymont|2016-03-23|On Time|2016-03-23 00:56:05
6464|N|Powelton Yard|Warminster|2016-03-23|On Time|2016-03-23 00:56:18
780|N|Trenton|North Philadelphia|2016-03-23|On Time|2016-03-23 00:57:04
478|N|Airport Terminal E-F|Elkins Park|2016-03-23|On Time|2016-03-23 00:57:34
478|N|Airport Terminal E-F|Jenkintown-Wyncote|2016-03-23|On Time|2016-03-23 00:59:33
598|N|Thorndale|Ft Washington|2016-03-23|On Time|2016-03-23 00:59:38
9266|N|Wilmington|Marcus Hook|2016-03-23|On Time|2016-03-23 01:00:05
6281|S|Elm|Ivy Ridge|2016-03-23|On Time|2016-03-23 01:01:00
6281|S|Elm|Manayunk|2016-03-23|On Time|2016-03-23 01:03:00
598|N|Thorndale|Ambler|2016-03-23|On Time|2016-03-23 01:03:02
9266|N|Wilmington|Highland Ave|2016-03-23|On Time|2016-03-23 01:03:12
478|N|Airport Terminal E-F|Glenside|2016-03-23|On Time|2016-03-23 01:03:27
6281|S|Elm|Wissahickon|2016-03-23|On Time|2016-03-23 01:05:01
9266|N|Wilmington|Chester TC|2016-03-23|On Time|2016-03-23 01:05:11
598|N|Thorndale|Penllyn|2016-03-23|On Time|2016-03-23 01:05:29
6281|S|Elm|East Falls|2016-03-23|On Time|2016-03-23 01:06:12
780|N|Trenton|30th Street Station|2016-03-23|On Time|2016-03-23 01:06:26
9266|N|Wilmington|Eddystone|2016-03-23|On Time|2016-03-23 01:07:10
598|N|Thorndale|Gwynedd Valley|2016-03-23|On Time|2016-03-23 01:07:57
9266|N|Wilmington|Crum Lynne|2016-03-23|On Time|2016-03-23 01:08:05
9266|N|Wilmington|Ridley Park|2016-03-23|On Time|2016-03-23 01:09:10
6281|S|Elm|Allegheny|2016-03-23|On Time|2016-03-23 01:09:41
598|N|Thorndale|North Wales|2016-03-23|On Time|2016-03-23 01:09:57
780|N|Trenton|Suburban Station|2016-03-23|1 min|2016-03-23 01:10:26
9266|N|Wilmington|Prospect Park|2016-03-23|On Time|2016-03-23 01:11:02
598|N|Thorndale|Pennbrook|2016-03-23|On Time|2016-03-23 01:11:57
9266|N|Wilmington|Norwood|2016-03-23|On Time|2016-03-23 01:12:10
6281|S|Elm|North Broad St|2016-03-23|On Time|2016-03-23 01:12:12
780|N|Trenton|Jefferson Station|2016-03-23|On Time|2016-03-23 01:13:47
9266|N|Wilmington|Glenolden|2016-03-23|On Time|2016-03-23 01:14:10
6281|S|Elm|Temple U|2016-03-23|On Time|2016-03-23 01:14:12
9266|N|Wilmington|Folcroft|2016-03-23|On Time|2016-03-23 01:15:12
9266|N|Wilmington|Sharon Hill|2016-03-23|On Time|2016-03-23 01:17:12
598|N|Thorndale|Lansdale|2016-03-23|On Time|2016-03-23 01:17:48
9266|N|Wilmington|Curtis Park|2016-03-23|On Time|2016-03-23 01:18:09
780|N|Trenton|Temple U|2016-03-23|On Time|2016-03-23 01:18:25
6281|S|Elm|Jefferson Station|2016-03-23|On Time|2016-03-23 01:19:40
598|N|Thorndale|9th St|2016-03-23|On Time|2016-03-23 01:19:48
9266|N|Wilmington|Darby|2016-03-23|On Time|2016-03-23 01:20:11
6281|S|Elm|Suburban Station|2016-03-23|On Time|2016-03-23 01:21:00
598|N|Thorndale|Fortuna|2016-03-23|On Time|2016-03-23 01:23:15
6281|S|Elm|30th Street Station|2016-03-23|On Time|2016-03-23 01:25:01
598|N|Thorndale|Colmar|2016-03-23|On Time|2016-03-23 01:25:04
780|N|Trenton|Wayne Jct|2016-03-23|1 min|2016-03-23 01:25:05
9266|N|Wilmington|University City|2016-03-23|1 min|2016-03-23 01:27:41
598|N|Thorndale|Chalfont|2016-03-23|On Time|2016-03-23 01:27:49
780|N|Trenton|Wister|2016-03-23|2 min|2016-03-23 01:28:26
780|N|Trenton|Germantown|2016-03-23|2 min|2016-03-23 01:29:29
780|N|Trenton|Washington Lane|2016-03-23|On Time|2016-03-23 01:30:19
9266|N|Wilmington|30th Street Station|2016-03-23|2 min|2016-03-23 01:31:01
598|N|Thorndale|New Britain|2016-03-23|On Time|2016-03-23 01:31:15
780|N|Trenton|Stenton|2016-03-23|On Time|2016-03-23 01:32:09
9266|N|Wilmington|Suburban Station|2016-03-23|2 min|2016-03-23 01:34:11
780|N|Trenton|Sedgwick|2016-03-23|On Time|2016-03-23 01:34:25
780|N|Trenton|Mt Airy|2016-03-23|On Time|2016-03-23 01:35:46
9266|N|Wilmington|Jefferson Station|2016-03-23|1 min|2016-03-23 01:36:12
598|N|Thorndale|Doylestown|2016-03-23|On Time|2016-03-23 01:37:15
780|N|Trenton|Wyndmoor|2016-03-23|1 min|2016-03-23 01:38:26
780|N|Trenton|Gravers|2016-03-23|On Time|2016-03-23 01:39:28
9266|N|Wilmington|Temple U|2016-03-23|On Time|2016-03-23 01:40:11
780|N|Trenton|Chestnut Hill East|2016-03-23|On Time|2016-03-23 01:41:02
401|S|None|None|2016-03-23|On Time|2016-03-23 04:02:41
401|S|Fern Rock TC|Wayne Jct|2016-03-23|1 min|2016-03-23 04:07:19
1701|S|None|None|2016-03-23|On Time|2016-03-23 04:11:14
401|S|Fern Rock TC|Temple U|2016-03-23|1 min|2016-03-23 04:14:01
1701|S|Suburban Station|30th Street Station|2016-03-23|On Time|2016-03-23 04:18:01
1502|N|None|None|2016-03-23|On Time|2016-03-23 04:19:27
401|S|Fern Rock TC|Jefferson Station|2016-03-23|2 min|2016-03-23 04:20:02
403|S|None|None|2016-03-23|On Time|2016-03-23 04:21:20
401|S|Fern Rock TC|Suburban Station|2016-03-23|On Time|2016-03-23 04:22:16
1502|N|Frazer Yard|Malvern|2016-03-23|On Time|2016-03-23 04:22:55
403|S|Glenside|Jenkintown-Wyncote|2016-03-23|On Time|2016-03-23 04:24:34
1502|N|Frazer Yard|Paoli|2016-03-23|On Time|2016-03-23 04:26:56
401|S|Fern Rock TC|30th Street Station|2016-03-23|On Time|2016-03-23 04:28:16
1701|S|Suburban Station|North Philadelphia|2016-03-23|On Time|2016-03-23 04:28:17
403|S|Glenside|Elkins Park|2016-03-23|2 min|2016-03-23 04:28:21
403|S|Glenside|Melrose Park|2016-03-23|1 min|2016-03-23 04:30:21
401|S|Fern Rock TC|University City|2016-03-23|On Time|2016-03-23 04:31:16
403|S|Glenside|Fern Rock TC|2016-03-23|1 min|2016-03-23 04:33:20
1701|S|Suburban Station|Bridesburg|2016-03-23|On Time|2016-03-23 04:34:32
403|S|Glenside|Wayne Jct|2016-03-23|1 min|2016-03-23 04:37:12
1701|S|Suburban Station|Tacony|2016-03-23|On Time|2016-03-23 04:37:14
1701|S|Suburban Station|Holmesburg Jct|2016-03-23|On Time|2016-03-23 04:39:13
401|S|Fern Rock TC|Eastwick Station|2016-03-23|1 min|2016-03-23 04:40:17
1502|N|Frazer Yard|Ardmore|2016-03-23|On Time|2016-03-23 04:42:01
1701|S|Suburban Station|Torresdale|2016-03-23|On Time|2016-03-23 04:42:17
1502|N|Frazer Yard|Wynnewood|2016-03-23|On Time|2016-03-23 04:43:27
401|S|Fern Rock TC|Airport Terminal A|2016-03-23|On Time|2016-03-23 04:44:02
403|S|Glenside|Temple U|2016-03-23|2 min|2016-03-23 04:44:16
1701|S|Suburban Station|Cornwells Heights|2016-03-23|On Time|2016-03-23 04:45:14
401|S|Fern Rock TC|Airport Terminal C-D|2016-03-23|On Time|2016-03-23 04:46:02
1701|S|Suburban Station|Eddington|2016-03-23|On Time|2016-03-23 04:47:14
1293|S|None|None|2016-03-23|On Time|2016-03-23 04:47:23
1701|S|Suburban Station|Croydon|2016-03-23|On Time|2016-03-23 04:50:09
403|S|Glenside|Jefferson Station|2016-03-23|2 min|2016-03-23 04:50:16
6400|N|None|None|2016-03-23|On Time|2016-03-23 04:51:17
405|S|None|None|2016-03-23|On Time|2016-03-23 04:51:20
403|S|Glenside|Suburban Station|2016-03-23|On Time|2016-03-23 04:52:16
9701|S|None|None|2016-03-23|On Time|2016-03-23 04:52:17
1701|S|Suburban Station|Bristol|2016-03-23|On Time|2016-03-23 04:54:03
1293|S|Suburban Station|30th Street Station|2016-03-23|On Time|2016-03-23 04:54:05
405|S|Glenside|Jenkintown-Wyncote|2016-03-23|2 min|2016-03-23 04:55:19
1293|S|Suburban Station|University City|2016-03-23|On Time|2016-03-23 04:57:05
514|N|None|None|2016-03-23|On Time|2016-03-23 04:58:14
403|S|Glenside|30th Street Station|2016-03-23|On Time|2016-03-23 04:58:16
6400|N|Powelton Yard|30th Street Station|2016-03-23|7 min|2016-03-23 04:58:34
405|S|Glenside|Elkins Park|2016-03-23|2 min|2016-03-23 04:58:43
1701|S|Suburban Station|Levittown|2016-03-23|On Time|2016-03-23 04:59:14
405|S|Glenside|Melrose Park|2016-03-23|2 min|2016-03-23 05:00:43
514|N|Thorndale|Downingtown|2016-03-23|On Time|2016-03-23 05:02:07
6400|N|Powelton Yard|Suburban Station|2016-03-23|4 min|2016-03-23 05:02:09
403|S|Glenside|University City|2016-03-23|On Time|2016-03-23 05:02:17
9701|S|Roberts Yard|Temple U|2016-03-23|4 min|2016-03-23 05:03:09
405|S|Glenside|Fern Rock TC|2016-03-23|2 min|2016-03-23 05:03:19
6322|N|None|None|2016-03-23|On Time|2016-03-23 05:04:01
501|S|None|None|2016-03-23|On Time|2016-03-23 05:04:11
7406|N|None|None|2016-03-23|On Time|2016-03-23 05:04:17
6400|N|Powelton Yard|Jefferson Station|2016-03-23|2 min|2016-03-23 05:04:41
309|S|None|None|2016-03-23|On Time|2016-03-23 05:04:57
7218|N|None|None|2016-03-23|On Time|2016-03-23 05:05:13
1293|S|Suburban Station|Darby|2016-03-23|On Time|2016-03-23 05:05:23
309|S|West Trenton Yard|West Trenton|2016-03-23|On Time|2016-03-23 05:06:45
1701|S|Suburban Station|Trenton|2016-03-23|On Time|2016-03-23 05:07:13
9402|N|None|None|2016-03-23|On Time|2016-03-23 05:07:15
405|S|Glenside|Wayne Jct|2016-03-23|1 min|2016-03-23 05:07:19
1293|S|Suburban Station|Curtis Park|2016-03-23|On Time|2016-03-23 05:07:23
501|S|County|Colmar|2016-03-23|On Time|2016-03-23 05:07:27
6322|N|Powelton Yard|30th Street Station|2016-03-23|1 min|2016-03-23 05:08:02
514|N|Thorndale|Whitford|2016-03-23|On Time|2016-03-23 05:08:16
6400|N|Powelton Yard|Temple U|2016-03-23|1 min|2016-03-23 05:08:21
1293|S|Suburban Station|Sharon Hill|2016-03-23|On Time|2016-03-23 05:08:40
9701|S|Roberts Yard|Jefferson Station|2016-03-23|5 min|2016-03-23 05:08:41
9402|N|Airport Terminal E-F|Airport Terminal C-D|2016-03-23|On Time|2016-03-23 05:09:16
309|S|West Trenton Yard|Yardley|2016-03-23|On Time|2016-03-23 05:09:28
501|S|County|9th St|2016-03-23|On Time|2016-03-23 05:10:02
514|N|Thorndale|Exton|2016-03-23|On Time|2016-03-23 05:10:13
1293|S|Suburban Station|Folcroft|2016-03-23|On Time|2016-03-23 05:10:41
9701|S|Roberts Yard|Suburban Station|2016-03-23|2 min|2016-03-23 05:10:52
1293|S|Suburban Station|Glenolden|2016-03-23|On Time|2016-03-23 05:11:23
403|S|Glenside|Eastwick Station|2016-03-23|2 min|2016-03-23 05:12:01
6322|N|Powelton Yard|Suburban Station|2016-03-23|1 min|2016-03-23 05:12:22
501|S|County|Lansdale|2016-03-23|On Time|2016-03-23 05:12:56
9402|N|Airport Terminal E-F|Eastwick Station|2016-03-23|On Time|2016-03-23 05:13:15
1293|S|Suburban Station|Norwood|2016-03-23|On Time|2016-03-23 05:13:23
405|S|Glenside|Temple U|2016-03-23|2 min|2016-03-23 05:13:30
1293|S|Suburban Station|Prospect Park|2016-03-23|On Time|2016-03-23 05:14:31
6400|N|Powelton Yard|Wayne Jct|2016-03-23|On Time|2016-03-23 05:14:43
9701|S|Roberts Yard|30th Street Station|2016-03-23|2 min|2016-03-23 05:14:51
6322|N|Powelton Yard|Jefferson Station|2016-03-23|On Time|2016-03-23 05:16:02
514|N|Thorndale|Malvern|2016-03-23|On Time|2016-03-23 05:16:15
1293|S|Suburban Station|Ridley Park|2016-03-23|On Time|2016-03-23 05:16:31
4007|S|None|None|2016-03-23|On Time|2016-03-23 05:17:26
501|S|County|Pennbrook|2016-03-23|On Time|2016-03-23 05:17:27
403|S|Glenside|Airport Terminal A|2016-03-23|2 min|2016-03-23 05:18:01
1293|S|Suburban Station|Crum Lynne|2016-03-23|On Time|2016-03-23 05:18:40
405|S|Glenside|Jefferson Station|2016-03-23|1 min|2016-03-23 05:19:15
6400|N|Powelton Yard|Fern Rock TC|2016-03-23|On Time|2016-03-23 05:19:22
403|S|Glenside|Airport Terminal C-D|2016-03-23|1 min|2016-03-23 05:20:01
514|N|Thorndale|Paoli|2016-03-23|On Time|2016-03-23 05:20:15
501|S|County|North Wales|2016-03-23|1 min|2016-03-23 05:20:56
503|S|None|None|2016-03-23|On Time|2016-03-23 05:20:57
6512|N|None|None|2016-03-23|On Time|2016-03-23 05:21:10
309|S|West Trenton Yard|Woodbourne|2016-03-23|On Time|2016-03-23 05:21:10
6322|N|Powelton Yard|Temple U|2016-03-23|1 min|2016-03-23 05:21:20
1293|S|Suburban Station|Chester TC|2016-03-23|On Time|2016-03-23 05:21:23
1295|S|None|None|2016-03-23|On Time|2016-03-23 05:22:04
405|S|Glenside|Suburban Station|2016-03-23|On Time|2016-03-23 05:22:17
6400|N|Powelton Yard|Melrose Park|2016-03-23|On Time|2016-03-23 05:22:19
407|S|None|None|2016-03-23|On Time|2016-03-23 05:22:19
6512|N|Powelton Yard|30th Street Station|2016-03-23|On Time|2016-03-23 05:23:12
9402|N|Airport Terminal E-F|University City|2016-03-23|On Time|2016-03-23 05:23:16
309|S|West Trenton Yard|Langhorne|2016-03-23|On Time|2016-03-23 05:24:08
514|N|Thorndale|Berwyn|2016-03-23|On Time|2016-03-23 05:24:15
9597|S|None|None|2016-03-23|On Time|2016-03-23 05:24:30
6400|N|Powelton Yard|Elkins Park|2016-03-23|On Time|2016-03-23 05:24:34
1293|S|Suburban Station|Highland Ave|2016-03-23|On Time|2016-03-23 05:24:40
407|S|Glenside|Jenkintown-Wyncote|2016-03-23|On Time|2016-03-23 05:24:43
501|S|County|Gwynedd Valley|2016-03-23|2 min|2016-03-23 05:24:56
503|S|Doylestown|Delaware Valley College|2016-03-23|1 min|2016-03-23 05:24:57
9402|N|Airport Terminal E-F|30th Street Station|2016-03-23|On Time|2016-03-23 05:26:03
514|N|Thorndale|Devon|2016-03-23|On Time|2016-03-23 05:26:08
9701|S|Roberts Yard|North Philadelphia|2016-03-23|3 min|2016-03-23 05:27:10
1293|S|Suburban Station|Marcus Hook|2016-03-23|On Time|2016-03-23 05:27:22
6322|N|Powelton Yard|Wayne Jct|2016-03-23|1 min|2016-03-23 05:27:27
514|N|Thorndale|Strafford|2016-03-23|On Time|2016-03-23 05:28:08
503|S|Doylestown|New Britain|2016-03-23|1 min|2016-03-23 05:28:08
405|S|Glenside|30th Street Station|2016-03-23|On Time|2016-03-23 05:28:18
A601|S|None|None|2016-03-23|On Time|2016-03-23 05:28:20
407|S|Glenside|Elkins Park|2016-03-23|2 min|2016-03-23 05:28:20
6400|N|Powelton Yard|Jenkintown-Wyncote|2016-03-23|On Time|2016-03-23 05:28:27
501|S|County|Penllyn|2016-03-23|5 min|2016-03-23 05:28:27
6512|N|Powelton Yard|Suburban Station|2016-03-23|On Time|2016-03-23 05:28:52
309|S|West Trenton Yard|Neshaminy Falls|2016-03-23|1 min|2016-03-23 05:30:07
1293|S|Suburban Station|Claymont|2016-03-23|On Time|2016-03-23 05:30:07
514|N|Thorndale|Wayne-A|2016-03-23|On Time|2016-03-23 05:30:08
407|S|Glenside|Melrose Park|2016-03-23|1 min|2016-03-23 05:30:21
501|S|County|Ambler|2016-03-23|2 min|2016-03-23 05:30:33
9703|S|None|None|2016-03-23|On Time|2016-03-23 05:30:51
503|S|Doylestown|Chalfont|2016-03-23|On Time|2016-03-23 05:30:57
1295|S|Suburban Station|30th Street Station|2016-03-23|1 min|2016-03-23 05:31:01
309|S|West Trenton Yard|Trevose|2016-03-23|1 min|2016-03-23 05:31:05
9402|N|Airport Terminal E-F|Suburban Station|2016-03-23|On Time|2016-03-23 05:31:09
9597|S|Roberts Yard|Temple U|2016-03-23|1 min|2016-03-23 05:31:21
6400|N|Powelton Yard|Glenside|2016-03-23|On Time|2016-03-23 05:31:22
6322|N|Powelton Yard|Fern Rock TC|2016-03-23|2 min|2016-03-23 05:31:27
6512|N|Powelton Yard|Jefferson Station|2016-03-23|On Time|2016-03-23 05:32:00
326|N|None|None|2016-03-23|On Time|2016-03-23 05:32:05
A601|S|Overbrook Int|Ardmore|2016-03-23|On Time|2016-03-23 05:32:14
405|S|Glenside|University City|2016-03-23|On Time|2016-03-23 05:32:16
326|N|Elwyn|None|2016-03-23|On Time|2016-03-23 05:32:21
514|N|Thorndale|St. Davids|2016-03-23|On Time|2016-03-23 05:32:24
9701|S|Roberts Yard|Bridesburg|2016-03-23|3 min|2016-03-23 05:32:37
9402|N|Airport Terminal E-F|Jefferson Station|2016-03-23|On Time|2016-03-23 05:32:41
501|S|County|Ft Washington|2016-03-23|1 min|2016-03-23 05:32:54
407|S|Glenside|Fern Rock TC|2016-03-23|1 min|2016-03-23 05:33:19
1295|S|Suburban Station|University City|2016-03-23|2 min|2016-03-23 05:34:06
514|N|Thorndale|Radnor|2016-03-23|On Time|2016-03-23 05:34:24
309|S|West Trenton Yard|Somerton|2016-03-23|On Time|2016-03-23 05:34:26
6400|N|Powelton Yard|Ardsley|2016-03-23|On Time|2016-03-23 05:34:30
1203|S|None|None|2016-03-23|On Time|2016-03-23 05:34:31
9701|S|Roberts Yard|Tacony|2016-03-23|3 min|2016-03-23 05:35:14
309|S|West Trenton Yard|Forest Hills|2016-03-23|On Time|2016-03-23 05:35:18
6322|N|Powelton Yard|Elkins Park|2016-03-23|2 min|2016-03-23 05:35:21
516|N|None|None|2016-03-23|On Time|2016-03-23 05:36:13
514|N|Thorndale|Villanova|2016-03-23|On Time|2016-03-23 05:36:14
6400|N|Powelton Yard|Roslyn|2016-03-23|On Time|2016-03-23 05:36:29
326|N|Elwyn|Media|2016-03-23|2 min|2016-03-23 05:36:45
501|S|County|Oreland|2016-03-23|1 min|2016-03-23 05:36:54
503|S|Doylestown|Link Belt|2016-03-23|1 min|2016-03-23 05:36:56
9597|S|Roberts Yard|Jefferson Station|2016-03-23|1 min|2016-03-23 05:37:09
9404|N|None|None|2016-03-23|On Time|2016-03-23 05:37:15
309|S|West Trenton Yard|Philmont|2016-03-23|On Time|2016-03-23 05:37:17
407|S|Glenside|Wayne Jct|2016-03-23|1 min|2016-03-23 05:37:19
9703|S|Roberts Yard|Temple U|2016-03-23|On Time|2016-03-23 05:38:01
9701|S|Roberts Yard|Holmesburg Jct|2016-03-23|3 min|2016-03-23 05:38:09
514|N|Thorndale|Rosemont|2016-03-23|On Time|2016-03-23 05:38:24
6400|N|Powelton Yard|Crestmont|2016-03-23|On Time|2016-03-23 05:38:29
326|N|Elwyn|Moylan-Rose Valley|2016-03-23|On Time|2016-03-23 05:38:45
6322|N|Powelton Yard|Jenkintown-Wyncote|2016-03-23|1 min|2016-03-23 05:38:47
6512|N|Powelton Yard|Temple U|2016-03-23|1 min|2016-03-23 05:38:50
501|S|County|North Hills|2016-03-23|1 min|2016-03-23 05:38:50
503|S|Doylestown|Colmar|2016-03-23|1 min|2016-03-23 05:38:57
9404|N|Airport Terminal E-F|Airport Terminal C-D|2016-03-23|On Time|2016-03-23 05:39:15
9597|S|Roberts Yard|Suburban Station|2016-03-23|On Time|2016-03-23 05:39:21
6212|N|None|None|2016-03-23|On Time|2016-03-23 05:39:23
1293|S|Suburban Station|Wilmington|2016-03-23|On Time|2016-03-23 05:39:23
4007|S|Warminster|Hatboro|2016-03-23|On Time|2016-03-23 05:39:26
9404|N|Airport Terminal E-F|Airport Terminal B|2016-03-23|On Time|2016-03-23 05:40:03
514|N|Thorndale|Bryn Mawr|2016-03-23|On Time|2016-03-23 05:40:24
6400|N|Powelton Yard|Willow Grove|2016-03-23|On Time|2016-03-23 05:40:30
9701|S|Roberts Yard|Torresdale|2016-03-23|3 min|2016-03-23 05:40:37
6512|N|Powelton Yard|North Broad St|2016-03-23|On Time|2016-03-23 05:40:57
6322|N|Powelton Yard|Noble|2016-03-23|2 min|2016-03-23 05:40:58
326|N|Elwyn|Wallingford|2016-03-23|On Time|2016-03-23 05:40:58
514|N|Thorndale|Daylesford|2016-03-23|On Time|2016-03-23 05:41:02
516|N|Frazer Yard|Malvern|2016-03-23|On Time|2016-03-23 05:41:20
6212|N|Powelton Yard|30th Street Station|2016-03-23|On Time|2016-03-23 05:42:01
503|S|Doylestown|9th St|2016-03-23|On Time|2016-03-23 05:42:01
405|S|Glenside|Eastwick Station|2016-03-23|2 min|2016-03-23 05:42:01
501|S|County|Glenside|2016-03-23|2 min|2016-03-23 05:42:02
309|S|West Trenton Yard|Bethayres|2016-03-23|2 min|2016-03-23 05:42:06
514|N|Thorndale|Haverford|2016-03-23|On Time|2016-03-23 05:42:15
313|S|None|None|2016-03-23|On Time|2016-03-23 05:42:47
6322|N|Powelton Yard|Rydal|2016-03-23|1 min|2016-03-23 05:43:05
216|N|None|None|2016-03-23|On Time|2016-03-23 05:43:05
326|N|Elwyn|Swarthmore|2016-03-23|On Time|2016-03-23 05:43:10
9703|S|Roberts Yard|Jefferson Station|2016-03-23|1 min|2016-03-23 05:43:13
1203|S|Suburban Station|30th Street Station|2016-03-23|1 min|2016-03-23 05:43:15
9701|S|Roberts Yard|Cornwells Heights|2016-03-23|3 min|2016-03-23 05:44:03
514|N|Thorndale|Ardmore|2016-03-23|On Time|2016-03-23 05:44:15
9404|N|Airport Terminal E-F|Eastwick Station|2016-03-23|On Time|2016-03-23 05:44:16
309|S|West Trenton Yard|Meadowbrook|2016-03-23|On Time|2016-03-23 05:44:35
407|S|Glenside|Temple U|2016-03-23|3 min|2016-03-23 05:44:41
313|S|West Trenton Yard|West Trenton|2016-03-23|On Time|2016-03-23 05:44:57
6322|N|Powelton Yard|Meadowbrook|2016-03-23|1 min|2016-03-23 05:45:05
207|S|None|None|2016-03-23|On Time|2016-03-23 05:45:06
516|N|Frazer Yard|Paoli|2016-03-23|On Time|2016-03-23 05:45:20
503|S|Doylestown|Lansdale|2016-03-23|1 min|2016-03-23 05:46:01
405|S|Glenside|Airport Terminal A|2016-03-23|2 min|2016-03-23 05:46:01
9701|S|Roberts Yard|Eddington|2016-03-23|3 min|2016-03-23 05:46:02
9597|S|Roberts Yard|30th Street Station|2016-03-23|On Time|2016-03-23 05:46:14
514|N|Thorndale|Wynnewood|2016-03-23|On Time|2016-03-23 05:46:15
216|N|Marcus Hook|Highland Ave|2016-03-23|On Time|2016-03-23 05:46:18
501|S|County|Jenkintown-Wyncote|2016-03-23|2 min|2016-03-23 05:46:21
1203|S|Suburban Station|University City|2016-03-23|1 min|2016-03-23 05:46:31
6212|N|Powelton Yard|Suburban Station|2016-03-23|On Time|2016-03-23 05:46:44
326|N|Elwyn|Morton|2016-03-23|On Time|2016-03-23 05:46:45
207|S|Elm|Main St|2016-03-23|On Time|2016-03-23 05:46:50
9703|S|Roberts Yard|Suburban Station|2016-03-23|On Time|2016-03-23 05:46:52
7218|N|Trenton|Levittown|2016-03-23|On Time|2016-03-23 05:47:13
309|S|West Trenton Yard|Rydal|2016-03-23|1 min|2016-03-23 05:47:18
6512|N|Powelton Yard|Wayne Jct|2016-03-23|1 min|2016-03-23 05:47:20
4007|S|Warminster|Willow Grove|2016-03-23|1 min|2016-03-23 05:47:26
405|S|Glenside|Airport Terminal C-D|2016-03-23|On Time|2016-03-23 05:48:01
405|S|Glenside|Airport Terminal B|2016-03-23|On Time|2016-03-23 05:48:01
313|S|West Trenton Yard|Yardley|2016-03-23|On Time|2016-03-23 05:48:02
501|S|County|Melrose Park|2016-03-23|2 min|2016-03-23 05:48:12
514|N|Thorndale|Narberth|2016-03-23|On Time|2016-03-23 05:48:15
6322|N|Powelton Yard|Bethayres|2016-03-23|3 min|2016-03-23 05:48:23
9701|S|Roberts Yard|Croydon|2016-03-23|3 min|2016-03-23 05:48:37
1295|S|Suburban Station|Ridley Park|2016-03-23|4 min|2016-03-23 05:49:01
6322|N|Powelton Yard|Philmont|2016-03-23|2 min|2016-03-23 05:49:06
705|S|None|None|2016-03-23|On Time|2016-03-23 05:49:26
503|S|Doylestown|Pennbrook|2016-03-23|On Time|2016-03-23 05:50:01
407|S|Glenside|Jefferson Station|2016-03-23|2 min|2016-03-23 05:50:01
309|S|West Trenton Yard|Noble|2016-03-23|2 min|2016-03-23 05:50:01
4007|S|Warminster|Crestmont|2016-03-23|2 min|2016-03-23 05:50:02
326|N|Elwyn|Secane|2016-03-23|On Time|2016-03-23 05:50:02
A601|S|Overbrook Int|Paoli|2016-03-23|On Time|2016-03-23 05:50:14
6212|N|Powelton Yard|Jefferson Station|2016-03-23|On Time|2016-03-23 05:50:19
514|N|Thorndale|Merion|2016-03-23|On Time|2016-03-23 05:50:24
216|N|Marcus Hook|Chester TC|2016-03-23|1 min|2016-03-23 05:50:27
5712|N|None|None|2016-03-23|On Time|2016-03-23 05:50:28
6400|N|Powelton Yard|Hatboro|2016-03-23|On Time|2016-03-23 05:50:30
516|N|Frazer Yard|Daylesford|2016-03-23|On Time|2016-03-23 05:50:30
1803|S|None|None|2016-03-23|On Time|2016-03-23 05:50:32
805|S|None|None|2016-03-23|On Time|2016-03-23 05:50:36
6512|N|Powelton Yard|Fern Rock TC|2016-03-23|3 min|2016-03-23 05:50:57
207|S|Elm|Norristown TC|2016-03-23|On Time|2016-03-23 05:51:06
7218|N|Trenton|Bristol|2016-03-23|On Time|2016-03-23 05:51:13
501|S|County|Fern Rock TC|2016-03-23|1 min|2016-03-23 05:51:27
516|N|Frazer Yard|Berwyn|2016-03-23|On Time|2016-03-23 05:52:03
805|S|South Fox Chase|Ryers|2016-03-23|1 min|2016-03-23 05:52:05
9703|S|Roberts Yard|30th Street Station|2016-03-23|On Time|2016-03-23 05:52:11
216|N|Marcus Hook|Eddystone|2016-03-23|1 min|2016-03-23 05:52:13
407|S|Glenside|Suburban Station|2016-03-23|On Time|2016-03-23 05:52:16
A601|S|Overbrook Int|Exton|2016-03-23|On Time|2016-03-23 05:52:20
6322|N|Powelton Yard|Forest Hills|2016-03-23|1 min|2016-03-23 05:52:23
514|N|Thorndale|Overbrook|2016-03-23|On Time|2016-03-23 05:52:24
705|S|Chestnut Hill East|Gravers|2016-03-23|On Time|2016-03-23 05:52:25
9701|S|Roberts Yard|Bristol|2016-03-23|3 min|2016-03-23 05:52:37
1295|S|Suburban Station|Chester TC|2016-03-23|4 min|2016-03-23 05:52:49
805|S|South Fox Chase|Cheltenham|2016-03-23|On Time|2016-03-23 05:52:53
503|S|Doylestown|North Wales|2016-03-23|On Time|2016-03-23 05:52:56
326|N|Elwyn|Primos|2016-03-23|1 min|2016-03-23 05:53:03
6400|N|Powelton Yard|Warminster|2016-03-23|On Time|2016-03-23 05:53:18
705|S|Chestnut Hill East|Wyndmoor|2016-03-23|On Time|2016-03-23 05:53:25
6322|N|Powelton Yard|Somerton|2016-03-23|1 min|2016-03-23 05:53:27
516|N|Frazer Yard|Devon|2016-03-23|On Time|2016-03-23 05:54:14
4007|S|Warminster|Roslyn|2016-03-23|4 min|2016-03-23 05:54:28
309|S|West Trenton Yard|Jenkintown-Wyncote|2016-03-23|2 min|2016-03-23 05:54:36
1203|S|Suburban Station|Darby|2016-03-23|3 min|2016-03-23 05:55:01
216|N|Marcus Hook|Crum Lynne|2016-03-23|1 min|2016-03-23 05:55:05
5712|N|Thorndale|Downingtown|2016-03-23|1 min|2016-03-23 05:55:09
7218|N|Trenton|Croydon|2016-03-23|On Time|2016-03-23 05:55:13
705|S|Chestnut Hill East|Mt Airy|2016-03-23|On Time|2016-03-23 05:55:25
313|S|West Trenton Yard|Woodbourne|2016-03-23|On Time|2016-03-23 05:55:25
501|S|County|Wayne Jct|2016-03-23|2 min|2016-03-23 05:55:27
6322|N|Powelton Yard|Trevose|2016-03-23|1 min|2016-03-23 05:55:28
9404|N|Airport Terminal E-F|University City|2016-03-23|On Time|2016-03-23 05:56:01
326|N|Elwyn|Clifton-Aldan|2016-03-23|1 min|2016-03-23 05:56:02
1295|S|Suburban Station|Marcus Hook|2016-03-23|4 min|2016-03-23 05:56:05
A601|S|Overbrook Int|Downingtown|2016-03-23|On Time|2016-03-23 05:56:15
516|N|Frazer Yard|Strafford|2016-03-23|On Time|2016-03-23 05:56:31
207|S|Elm|Conshohocken|2016-03-23|On Time|2016-03-23 05:56:45
805|S|South Fox Chase|Lawndale|2016-03-23|1 min|2016-03-23 05:56:54
503|S|Doylestown|Gwynedd Valley|2016-03-23|On Time|2016-03-23 05:56:57
216|N|Marcus Hook|Ridley Park|2016-03-23|1 min|2016-03-23 05:57:05
1203|S|Suburban Station|Curtis Park|2016-03-23|3 min|2016-03-23 05:57:05
6212|N|Powelton Yard|Temple U|2016-03-23|1 min|2016-03-23 05:57:12
9597|S|Roberts Yard|Overbrook|2016-03-23|1 min|2016-03-23 05:57:13
9701|S|Roberts Yard|Levittown|2016-03-23|3 min|2016-03-23 05:57:14
326|N|Elwyn|Gladstone|2016-03-23|1 min|2016-03-23 05:57:16
309|S|West Trenton Yard|Fern Rock TC|2016-03-23|2 min|2016-03-23 05:57:18
4007|S|Warminster|Ardsley|2016-03-23|4 min|2016-03-23 05:57:27
6322|N|Powelton Yard|Neshaminy Falls|2016-03-23|2 min|2016-03-23 05:57:28
313|S|West Trenton Yard|Langhorne|2016-03-23|On Time|2016-03-23 05:58:01
516|N|Frazer Yard|Wayne-A|2016-03-23|On Time|2016-03-23 05:58:02
1203|S|Suburban Station|Sharon Hill|2016-03-23|3 min|2016-03-23 05:58:04
407|S|Glenside|30th Street Station|2016-03-23|On Time|2016-03-23 05:58:16
705|S|Chestnut Hill East|Sedgwick|2016-03-23|On Time|2016-03-23 05:58:25
6512|N|Powelton Yard|Jenkintown-Wyncote|2016-03-23|2 min|2016-03-23 05:58:28
1803|S|Suburban Station|30th Street Station|2016-03-23|On Time|2016-03-23 05:58:31
1203|S|Suburban Station|Folcroft|2016-03-23|3 min|2016-03-23 05:59:01
216|N|Marcus Hook|Prospect Park|2016-03-23|1 min|2016-03-23 05:59:05
6212|N|Powelton Yard|North Broad St|2016-03-23|On Time|2016-03-23 05:59:06
9404|N|Airport Terminal E-F|30th Street Station|2016-03-23|On Time|2016-03-23 05:59:11
7218|N|Trenton|Cornwells Heights|2016-03-23|On Time|2016-03-23 05:59:12
326|N|Elwyn|Lansdowne|2016-03-23|1 min|2016-03-23 05:59:15
805|S|South Fox Chase|Olney|2016-03-23|On Time|2016-03-23 05:59:19
514|N|Thorndale|30th Street Station|2016-03-23|On Time|2016-03-23 05:59:19
207|S|Elm|Spring Mill|2016-03-23|On Time|2016-03-23 05:59:23
6322|N|Powelton Yard|Langhorne|2016-03-23|On Time|2016-03-23 05:59:27
6512|N|Powelton Yard|Glenside|2016-03-23|2 min|2016-03-23 06:00:01
516|N|Frazer Yard|St. Davids|2016-03-23|On Time|2016-03-23 06:00:02
216|N|Marcus Hook|Norwood|2016-03-23|1 min|2016-03-23 06:00:27
1295|S|Suburban Station|Claymont|2016-03-23|4 min|2016-03-23 06:00:49
503|S|Doylestown|Penllyn|2016-03-23|4 min|2016-03-23 06:00:56
705|S|Chestnut Hill East|Stenton|2016-03-23|1 min|2016-03-23 06:01:08
501|S|County|North Broad St|2016-03-23|4 min|2016-03-23 06:01:11
9597|S|Roberts Yard|Ardmore|2016-03-23|1 min|2016-03-23 06:01:12
9703|S|Roberts Yard|North Philadelphia|2016-03-23|On Time|2016-03-23 06:01:13
407|S|Glenside|University City|2016-03-23|On Time|2016-03-23 06:01:15
5712|N|Thorndale|Whitford|2016-03-23|1 min|2016-03-23 06:01:25
4007|S|Warminster|Glenside|2016-03-23|4 min|2016-03-23 06:01:26
3505|S|None|None|2016-03-23|On Time|2016-03-23 06:01:27
7218|N|Trenton|Torresdale|2016-03-23|On Time|2016-03-23 06:02:02
516|N|Frazer Yard|Radnor|2016-03-23|On Time|2016-03-23 06:02:02
1203|S|Suburban Station|Glenolden|2016-03-23|3 min|2016-03-23 06:02:09
216|N|Marcus Hook|Glenolden|2016-03-23|1 min|2016-03-23 06:02:12
A640|N|None|None|2016-03-23|On Time|2016-03-23 06:02:14
326|N|Elwyn|Fernwood|2016-03-23|2 min|2016-03-23 06:02:18
207|S|Elm|Miquon|2016-03-23|On Time|2016-03-23 06:02:22
6212|N|Powelton Yard|Allegheny|2016-03-23|3 min|2016-03-23 06:02:49
503|S|Doylestown|Ambler|2016-03-23|1 min|2016-03-23 06:02:54
216|N|Marcus Hook|Folcroft|2016-03-23|1 min|2016-03-23 06:03:05
9404|N|Airport Terminal E-F|Suburban Station|2016-03-23|On Time|2016-03-23 06:03:11
5712|N|Thorndale|Exton|2016-03-23|1 min|2016-03-23 06:03:20
9597|S|Roberts Yard|Haverford|2016-03-23|1 min|2016-03-23 06:03:21
220|N|None|None|2016-03-23|On Time|2016-03-23 06:03:23
4007|S|Warminster|Jenkintown-Wyncote|2016-03-23|2 min|2016-03-23 06:03:26
6322|N|Powelton Yard|Woodbourne|2016-03-23|On Time|2016-03-23 06:03:27
501|S|County|Temple U|2016-03-23|3 min|2016-03-23 06:03:27
3505|S|West Trenton Yard|West Trenton|2016-03-23|On Time|2016-03-23 06:03:27
6512|N|Powelton Yard|North Hills|2016-03-23|3 min|2016-03-23 06:04:00
516|N|Frazer Yard|Villanova|2016-03-23|On Time|2016-03-23 06:04:02
313|S|West Trenton Yard|Neshaminy Falls|2016-03-23|On Time|2016-03-23 06:04:02
1203|S|Suburban Station|Norwood|2016-03-23|3 min|2016-03-23 06:04:06
705|S|Chestnut Hill East|Washington Lane|2016-03-23|3 min|2016-03-23 06:04:26
328|N|None|None|2016-03-23|On Time|2016-03-23 06:04:36
514|N|Thorndale|Suburban Station|2016-03-23|On Time|2016-03-23 06:04:51
6512|N|Powelton Yard|Oreland|2016-03-23|3 min|2016-03-23 06:04:57
1203|S|Suburban Station|Prospect Park|2016-03-23|3 min|2016-03-23 06:04:59
313|S|West Trenton Yard|Trevose|2016-03-23|On Time|2016-03-23 06:05:03
216|N|Marcus Hook|Sharon Hill|2016-03-23|1 min|2016-03-23 06:05:05
328|N|Elwyn|Elwyn Station|2016-03-23|On Time|2016-03-23 06:05:10
326|N|Elwyn|Angora|2016-03-23|3 min|2016-03-23 06:05:10
9701|S|Roberts Yard|Trenton|2016-03-23|3 min|2016-03-23 06:05:14
812|N|None|None|2016-03-23|On Time|2016-03-23 06:05:16
805|S|South Fox Chase|Wayne Jct|2016-03-23|1 min|2016-03-23 06:05:20
9597|S|Roberts Yard|Bryn Mawr|2016-03-23|1 min|2016-03-23 06:05:22
4007|S|Warminster|Elkins Park|2016-03-23|4 min|2016-03-23 06:06:01
7218|N|Trenton|Holmesburg Jct|2016-03-23|On Time|2016-03-23 06:06:02
6212|N|Powelton Yard|East Falls|2016-03-23|2 min|2016-03-23 06:06:19
503|S|Doylestown|Ft Washington|2016-03-23|On Time|2016-03-23 06:06:28
3505|S|West Trenton Yard|Yardley|2016-03-23|On Time|2016-03-23 06:06:34
812|N|Chestnut Hill West|Highland|2016-03-23|1 min|2016-03-23 06:06:36
5315|S|None|None|2016-03-23|On Time|2016-03-23 06:06:57
1203|S|Suburban Station|Ridley Park|2016-03-23|3 min|2016-03-23 06:07:01
516|N|Frazer Yard|Rosemont|2016-03-23|On Time|2016-03-23 06:07:02
9404|N|Airport Terminal E-F|Jefferson Station|2016-03-23|On Time|2016-03-23 06:07:12
9703|S|Roberts Yard|Bridesburg|2016-03-23|On Time|2016-03-23 06:07:14
9597|S|Roberts Yard|Villanova|2016-03-23|On Time|2016-03-23 06:07:22
705|S|Chestnut Hill East|Germantown|2016-03-23|3 min|2016-03-23 06:07:24
326|N|Elwyn|49th St|2016-03-23|3 min|2016-03-23 06:07:25
4007|S|Warminster|Melrose Park|2016-03-23|3 min|2016-03-23 06:07:26
9406|N|None|None|2016-03-23|On Time|2016-03-23 06:08:01
7218|N|Trenton|Tacony|2016-03-23|On Time|2016-03-23 06:08:02
705|S|Chestnut Hill East|Wister|2016-03-23|2 min|2016-03-23 06:08:02
313|S|West Trenton Yard|Somerton|2016-03-23|On Time|2016-03-23 06:08:02
6212|N|Powelton Yard|Wissahickon|2016-03-23|2 min|2016-03-23 06:08:07
216|N|Marcus Hook|Curtis Park|2016-03-23|1 min|2016-03-23 06:08:15
9406|N|Airport Terminal E-F|Airport Terminal C-D|2016-03-23|On Time|2016-03-23 06:08:16
A640|N|Thorn|Downingtown|2016-03-23|4 min|2016-03-23 06:08:20
207|S|Elm|Ivy Ridge|2016-03-23|On Time|2016-03-23 06:08:33
6512|N|Powelton Yard|Ft Washington|2016-03-23|3 min|2016-03-23 06:08:35
328|N|Elwyn|Media|2016-03-23|On Time|2016-03-23 06:08:35
1203|S|Suburban Station|Crum Lynne|2016-03-23|3 min|2016-03-23 06:08:40
507|S|None|None|2016-03-23|On Time|2016-03-23 06:08:48
812|N|Chestnut Hill West|St. Martins|2016-03-23|1 min|2016-03-23 06:08:53
309|S|West Trenton Yard|Temple U|2016-03-23|3 min|2016-03-23 06:08:58
501|S|County|Jefferson Station|2016-03-23|5 min|2016-03-23 06:09:01
313|S|West Trenton Yard|Forest Hills|2016-03-23|On Time|2016-03-23 06:09:03
6212|N|Powelton Yard|Manayunk|2016-03-23|2 min|2016-03-23 06:09:06
1703|S|None|None|2016-03-23|On Time|2016-03-23 06:09:09
9597|S|Roberts Yard|Radnor|2016-03-23|On Time|2016-03-23 06:09:12
514|N|Thorndale|Jefferson Station|2016-03-23|On Time|2016-03-23 06:09:19
407|S|Glenside|Eastwick Station|2016-03-23|1 min|2016-03-23 06:10:16
216|N|Marcus Hook|Darby|2016-03-23|1 min|2016-03-23 06:10:16
4007|S|Warminster|Fern Rock TC|2016-03-23|2 min|2016-03-23 06:10:21
207|S|Elm|Manayunk|2016-03-23|On Time|2016-03-23 06:10:27
503|S|Doylestown|Oreland|2016-03-23|On Time|2016-03-23 06:10:28
9703|S|Roberts Yard|Tacony|2016-03-23|On Time|2016-03-23 06:10:37
1203|S|Suburban Station|Eddystone|2016-03-23|3 min|2016-03-23 06:10:40
516|N|Frazer Yard|Bryn Mawr|2016-03-23|On Time|2016-03-23 06:10:44
503|S|Doylestown|North Hills|2016-03-23|On Time|2016-03-23 06:10:51
7218|N|Trenton|Bridesburg|2016-03-23|On Time|2016-03-23 06:10:52
6512|N|Powelton Yard|Ambler|2016-03-23|1 min|2016-03-23 06:10:57
5315|S|County|Colmar|2016-03-23|1 min|2016-03-23 06:10:57
1803|S|Suburban Station|North Philadelphia|2016-03-23|1 min|2016-03-23 06:11:00
313|S|West Trenton Yard|Philmont|2016-03-23|On Time|2016-03-23 06:11:03
812|N|Chestnut Hill West|Allen Lane|2016-03-23|1 min|2016-03-23 06:11:04
220|N|Wilmington|Claymont|2016-03-23|On Time|2016-03-23 06:11:05
328|N|Elwyn|Moylan-Rose Valley|2016-03-23|On Time|2016-03-23 06:11:10
9404|N|Airport Terminal E-F|Temple U|2016-03-23|On Time|2016-03-23 06:11:12
805|S|South Fox Chase|Temple U|2016-03-23|2 min|2016-03-23 06:11:12
9597|S|Roberts Yard|St. Davids|2016-03-23|On Time|2016-03-23 06:11:22
1295|S|Suburban Station|Wilmington|2016-03-23|4 min|2016-03-23 06:11:23
326|N|Elwyn|University City|2016-03-23|On Time|2016-03-23 06:11:25
6322|N|Powelton Yard|Yardley|2016-03-23|On Time|2016-03-23 06:11:28
6212|N|Powelton Yard|Ivy Ridge|2016-03-23|1 min|2016-03-23 06:12:01
705|S|Chestnut Hill East|Wayne Jct|2016-03-23|2 min|2016-03-23 06:12:02
507|S|Doylestown|Delaware Valley College|2016-03-23|1 min|2016-03-23 06:12:07
4007|S|Warminster|Wayne Jct|2016-03-23|2 min|2016-03-23 06:12:11
4211|S|None|None|2016-03-23|On Time|2016-03-23 06:12:18
207|S|Elm|Wissahickon|2016-03-23|1 min|2016-03-23 06:12:27
5712|N|Thorndale|Malvern|2016-03-23|2 min|2016-03-23 06:12:28
501|S|County|Suburban Station|2016-03-23|2 min|2016-03-23 06:12:30
9703|S|Roberts Yard|Holmesburg Jct|2016-03-23|On Time|2016-03-23 06:12:37
1203|S|Suburban Station|Chester TC|2016-03-23|3 min|2016-03-23 06:12:40
6512|N|Powelton Yard|Penllyn|2016-03-23|1 min|2016-03-23 06:12:57
5315|S|County|9th St|2016-03-23|1 min|2016-03-23 06:12:57
6322|N|Powelton Yard|West Trenton|2016-03-23|On Time|2016-03-23 06:13:21
9597|S|Roberts Yard|Wayne-A|2016-03-23|On Time|2016-03-23 06:13:22
516|N|Frazer Yard|Haverford|2016-03-23|1 min|2016-03-23 06:13:27
1803|S|Suburban Station|Queen Lane|2016-03-23|On Time|2016-03-23 06:14:01
9406|N|Airport Terminal E-F|Eastwick Station|2016-03-23|On Time|2016-03-23 06:14:16
A640|N|Thorn|Exton|2016-03-23|4 min|2016-03-23 06:14:20
812|N|Chestnut Hill West|Carpenter|2016-03-23|1 min|2016-03-23 06:14:25
207|S|Elm|East Falls|2016-03-23|On Time|2016-03-23 06:14:27
4211|S|Warminster|Hatboro|2016-03-23|On Time|2016-03-23 06:14:29
3505|S|West Trenton Yard|Woodbourne|2016-03-23|On Time|2016-03-23 06:14:34
328|N|Elwyn|Wallingford|2016-03-23|On Time|2016-03-23 06:14:35
812|N|Chestnut Hill West|Upsal|2016-03-23|1 min|2016-03-23 06:14:36
507|S|Doylestown|New Britain|2016-03-23|On Time|2016-03-23 06:14:38
5714|N|None|None|2016-03-23|On Time|2016-03-23 06:14:39
309|S|West Trenton Yard|Jefferson Station|2016-03-23|4 min|2016-03-23 06:14:42
6211|S|None|None|2016-03-23|On Time|2016-03-23 06:14:50
6512|N|Powelton Yard|Gwynedd Valley|2016-03-23|On Time|2016-03-23 06:14:57
5315|S|County|Lansdale|2016-03-23|On Time|2016-03-23 06:14:57
326|N|Elwyn|30th Street Station|2016-03-23|On Time|2016-03-23 06:14:57
313|S|West Trenton Yard|Bethayres|2016-03-23|On Time|2016-03-23 06:15:03
220|N|Wilmington|Marcus Hook|2016-03-23|On Time|2016-03-23 06:15:05
9597|S|Roberts Yard|Strafford|2016-03-23|On Time|2016-03-23 06:15:12
9409|S|Roberts Yard|Temple U|2016-03-23|3 min|2016-03-23 06:15:12
9703|S|Roberts Yard|Torresdale|2016-03-23|On Time|2016-03-23 06:15:13
503|S|Doylestown|Glenside|2016-03-23|On Time|2016-03-23 06:15:20
5712|N|Thorndale|Paoli|2016-03-23|2 min|2016-03-23 06:15:25
516|N|Frazer Yard|Ardmore|2016-03-23|1 min|2016-03-23 06:15:27
407|S|Glenside|Airport Terminal A|2016-03-23|On Time|2016-03-23 06:16:01
1803|S|Suburban Station|Chelten Avenue|2016-03-23|On Time|2016-03-23 06:16:01
514|N|Thorndale|Temple U|2016-03-23|1 min|2016-03-23 06:16:09
216|N|Marcus Hook|University City|2016-03-23|1 min|2016-03-23 06:16:15
501|S|County|30th Street Station|2016-03-23|2 min|2016-03-23 06:16:30
1803|S|Suburban Station|Tulpehocken|2016-03-23|On Time|2016-03-23 06:16:31
514|N|Thorndale|North Broad St|2016-03-23|On Time|2016-03-23 06:16:43
328|N|Elwyn|Swarthmore|2016-03-23|1 min|2016-03-23 06:16:46
7218|N|Trenton|North Philadelphia|2016-03-23|On Time|2016-03-23 06:16:52
812|N|Chestnut Hill West|Tulpehocken|2016-03-23|On Time|2016-03-23 06:16:53
6512|N|Powelton Yard|North Wales|2016-03-23|On Time|2016-03-23 06:16:57
313|S|West Trenton Yard|Meadowbrook|2016-03-23|On Time|2016-03-23 06:17:03
207|S|Elm|Allegheny|2016-03-23|On Time|2016-03-23 06:17:05
9597|S|Roberts Yard|Devon|2016-03-23|On Time|2016-03-23 06:17:12
3505|S|West Trenton Yard|Langhorne|2016-03-23|On Time|2016-03-23 06:17:14
805|S|South Fox Chase|Jefferson Station|2016-03-23|4 min|2016-03-23 06:17:15
309|S|West Trenton Yard|Suburban Station|2016-03-23|2 min|2016-03-23 06:17:18
516|N|Frazer Yard|Wynnewood|2016-03-23|1 min|2016-03-23 06:17:27
407|S|Glenside|Airport Terminal C-D|2016-03-23|On Time|2016-03-23 06:18:00
1803|S|Suburban Station|Upsal|2016-03-23|On Time|2016-03-23 06:18:01
1703|S|Suburban Station|30th Street Station|2016-03-23|1 min|2016-03-23 06:18:01
705|S|Chestnut Hill East|Temple U|2016-03-23|1 min|2016-03-23 06:18:02
4007|S|Warminster|Temple U|2016-03-23|2 min|2016-03-23 06:18:10
5714|N|Thorndale|Downingtown|2016-03-23|On Time|2016-03-23 06:18:14
6212|N|Powelton Yard|Miquon|2016-03-23|3 min|2016-03-23 06:18:18
507|S|Doylestown|Chalfont|2016-03-23|On Time|2016-03-23 06:18:24
220|N|Wilmington|Highland Ave|2016-03-23|On Time|2016-03-23 06:18:31
503|S|Doylestown|Jenkintown-Wyncote|2016-03-23|On Time|2016-03-23 06:18:33
9703|S|Roberts Yard|Cornwells Heights|2016-03-23|On Time|2016-03-23 06:18:37
1295|S|Suburban Station|Churchmans Crossing|2016-03-23|4 min|2016-03-23 06:18:49
516|N|Frazer Yard|Narberth|2016-03-23|1 min|2016-03-23 06:18:54
6512|N|Powelton Yard|Pennbrook|2016-03-23|On Time|2016-03-23 06:18:57
5712|N|Thorndale|Daylesford|2016-03-23|2 min|2016-03-23 06:19:01
812|N|Chestnut Hill West|Chelten Avenue|2016-03-23|On Time|2016-03-23 06:19:03
807|S|None|None|2016-03-23|On Time|2016-03-23 06:19:03
328|N|Elwyn|Morton|2016-03-23|On Time|2016-03-23 06:19:04
9597|S|Roberts Yard|Berwyn|2016-03-23|On Time|2016-03-23 06:19:12
5712|N|Thorndale|Berwyn|2016-03-23|2 min|2016-03-23 06:19:25
326|N|Elwyn|Suburban Station|2016-03-23|On Time|2016-03-23 06:19:27
216|N|Marcus Hook|30th Street Station|2016-03-23|1 min|2016-03-23 06:20:01
1803|S|Suburban Station|Carpenter|2016-03-23|On Time|2016-03-23 06:20:02
807|S|South Fox Chase|Ryers|2016-03-23|1 min|2016-03-23 06:20:03
805|S|South Fox Chase|Suburban Station|2016-03-23|3 min|2016-03-23 06:20:03
207|S|Elm|North Broad St|2016-03-23|On Time|2016-03-23 06:20:12
9409|S|Roberts Yard|Jefferson Station|2016-03-23|2 min|2016-03-23 06:20:16
9703|S|Roberts Yard|Eddington|2016-03-23|On Time|2016-03-23 06:20:17
5315|S|County|Pennbrook|2016-03-23|1 min|2016-03-23 06:20:29
1803|S|Suburban Station|Allen Lane|2016-03-23|On Time|2016-03-23 06:20:32
313|S|West Trenton Yard|Rydal|2016-03-23|On Time|2016-03-23 06:20:34
812|N|Chestnut Hill West|Queen Lane|2016-03-23|On Time|2016-03-23 06:20:36
807|S|South Fox Chase|Cheltenham|2016-03-23|On Time|2016-03-23 06:20:54
516|N|Frazer Yard|Merion|2016-03-23|1 min|2016-03-23 06:20:55
220|N|Wilmington|Chester TC|2016-03-23|On Time|2016-03-23 06:21:05
6212|N|Powelton Yard|Spring Mill|2016-03-23|3 min|2016-03-23 06:21:06
3505|S|West Trenton Yard|Neshaminy Falls|2016-03-23|On Time|2016-03-23 06:21:14
503|S|Doylestown|Melrose Park|2016-03-23|2 min|2016-03-23 06:21:20
4211|S|Warminster|Willow Grove|2016-03-23|2 min|2016-03-23 06:21:22
5712|N|Thorndale|Devon|2016-03-23|2 min|2016-03-23 06:21:26
3507|S|None|None|2016-03-23|On Time|2016-03-23 06:21:28
9597|S|Roberts Yard|Paoli|2016-03-23|On Time|2016-03-23 06:22:21
309|S|West Trenton Yard|30th Street Station|2016-03-23|2 min|2016-03-23 06:22:27
207|S|Elm|Temple U|2016-03-23|On Time|2016-03-23 06:22:31
313|S|West Trenton Yard|Noble|2016-03-23|On Time|2016-03-23 06:22:34
2718|N|None|None|2016-03-23|On Time|2016-03-23 06:22:41
507|S|Doylestown|Link Belt|2016-03-23|On Time|2016-03-23 06:22:57
1803|S|Suburban Station|St. Martins|2016-03-23|On Time|2016-03-23 06:23:08
9409|S|Roberts Yard|Suburban Station|2016-03-23|On Time|2016-03-23 06:23:10
705|S|Chestnut Hill East|Jefferson Station|2016-03-23|2 min|2016-03-23 06:23:11
516|N|Frazer Yard|Overbrook|2016-03-23|1 min|2016-03-23 06:23:12
220|N|Wilmington|Eddystone|2016-03-23|On Time|2016-03-23 06:23:12
7406|N|Trenton|Levittown|2016-03-23|On Time|2016-03-23 06:23:13
9703|S|Roberts Yard|Croydon|2016-03-23|On Time|2016-03-23 06:23:14
326|N|Elwyn|Jefferson Station|2016-03-23|On Time|2016-03-23 06:23:21
4007|S|Warminster|Jefferson Station|2016-03-23|On Time|2016-03-23 06:23:27
3507|S|West Trenton Yard|West Trenton|2016-03-23|On Time|2016-03-23 06:23:28
5315|S|County|North Wales|2016-03-23|On Time|2016-03-23 06:24:01
5714|N|Thorndale|Whitford|2016-03-23|On Time|2016-03-23 06:24:02
328|N|Elwyn|Secane|2016-03-23|2 min|2016-03-23 06:24:06
4211|S|Warminster|Crestmont|2016-03-23|1 min|2016-03-23 06:24:09
3505|S|West Trenton Yard|Trevose|2016-03-23|On Time|2016-03-23 06:24:23
6404|N|None|None|2016-03-23|On Time|2016-03-23 06:24:30
805|S|South Fox Chase|30th Street Station|2016-03-23|1 min|2016-03-23 06:24:32
6211|S|Elm|Main St|2016-03-23|On Time|2016-03-23 06:24:33
216|N|Marcus Hook|Suburban Station|2016-03-23|1 min|2016-03-23 06:24:33
6512|N|Powelton Yard|Lansdale|2016-03-23|1 min|2016-03-23 06:24:35
6212|N|Powelton Yard|Conshohocken|2016-03-23|4 min|2016-03-23 06:24:50
807|S|South Fox Chase|Lawndale|2016-03-23|1 min|2016-03-23 06:24:54
9406|N|Airport Terminal E-F|University City|2016-03-23|On Time|2016-03-23 06:25:16
514|N|Thorndale|Wayne Jct|2016-03-23|1 min|2016-03-23 06:25:20
503|S|Doylestown|Fern Rock TC|2016-03-23|1 min|2016-03-23 06:25:20
707|S|None|None|2016-03-23|On Time|2016-03-23 06:25:26
5712|N|Thorndale|Strafford|2016-03-23|2 min|2016-03-23 06:25:26
A640|N|Thorn|Paoli|2016-03-23|7 min|2016-03-23 06:26:01
309|S|West Trenton Yard|University City|2016-03-23|2 min|2016-03-23 06:26:01
1803|S|Suburban Station|Chestnut Hill West|2016-03-23|On Time|2016-03-23 06:26:05
507|S|Doylestown|Colmar|2016-03-23|On Time|2016-03-23 06:26:08
705|S|Chestnut Hill East|Suburban Station|2016-03-23|On Time|2016-03-23 06:26:11
5714|N|Thorndale|Exton|2016-03-23|On Time|2016-03-23 06:26:20
812|N|Chestnut Hill West|North Philadelphia|2016-03-23|On Time|2016-03-23 06:26:25
4211|S|Warminster|Roslyn|2016-03-23|2 min|2016-03-23 06:26:27
220|N|Wilmington|Crum Lynne|2016-03-23|On Time|2016-03-23 06:26:27
313|S|West Trenton Yard|Jenkintown-Wyncote|2016-03-23|On Time|2016-03-23 06:26:33
328|N|Elwyn|Primos|2016-03-23|1 min|2016-03-23 06:26:36
7406|N|Trenton|Bristol|2016-03-23|On Time|2016-03-23 06:26:52
807|S|South Fox Chase|Olney|2016-03-23|On Time|2016-03-23 06:26:53
5315|S|County|Gwynedd Valley|2016-03-23|On Time|2016-03-23 06:26:56
507|S|Doylestown|9th St|2016-03-23|On Time|2016-03-23 06:26:57
6404|N|Powelton Yard|30th Street Station|2016-03-23|2 min|2016-03-23 06:27:02
207|S|Elm|Jefferson Station|2016-03-23|On Time|2016-03-23 06:27:05
3505|S|West Trenton Yard|Somerton|2016-03-23|On Time|2016-03-23 06:27:06
9703|S|Roberts Yard|Bristol|2016-03-23|On Time|2016-03-23 06:27:14
707|S|Chestnut Hill East|Gravers|2016-03-23|On Time|2016-03-23 06:27:26
5712|N|Thorndale|Wayne-A|2016-03-23|2 min|2016-03-23 06:27:26
4007|S|Warminster|Suburban Station|2016-03-23|On Time|2016-03-23 06:27:26
501|S|County|Overbrook|2016-03-23|4 min|2016-03-23 06:27:27
3507|S|West Trenton Yard|Yardley|2016-03-23|On Time|2016-03-23 06:27:28
7218|N|Trenton|30th Street Station|2016-03-23|4 min|2016-03-23 06:28:02
216|N|Marcus Hook|Jefferson Station|2016-03-23|On Time|2016-03-23 06:28:07
220|N|Wilmington|Ridley Park|2016-03-23|On Time|2016-03-23 06:28:11
1054|N|None|None|2016-03-23|On Time|2016-03-23 06:28:11
328|N|Elwyn|Clifton-Aldan|2016-03-23|1 min|2016-03-23 06:28:36
3505|S|West Trenton Yard|Forest Hills|2016-03-23|On Time|2016-03-23 06:28:42
4211|S|Warminster|Ardsley|2016-03-23|On Time|2016-03-23 06:28:43
1295|S|Suburban Station|Newark|2016-03-23|4 min|2016-03-23 06:28:49
6211|S|Elm|Norristown TC|2016-03-23|On Time|2016-03-23 06:28:51
514|N|Thorndale|Fern Rock TC|2016-03-23|2 min|2016-03-23 06:28:57
5712|N|Thorndale|St. Davids|2016-03-23|2 min|2016-03-23 06:29:02
707|S|Chestnut Hill East|Wyndmoor|2016-03-23|On Time|2016-03-23 06:29:09
9597|S|Roberts Yard|Malvern|2016-03-23|4 min|2016-03-23 06:29:13
1703|S|Suburban Station|North Philadelphia|2016-03-23|1 min|2016-03-23 06:29:13
503|S|Doylestown|Wayne Jct|2016-03-23|3 min|2016-03-23 06:29:20
2718|N|Newark|Churchmans Crossing|2016-03-23|On Time|2016-03-23 06:29:23
501|S|County|Merion|2016-03-23|2 min|2016-03-23 06:29:27
1054|N|Cynwyd|Bala|2016-03-23|On Time|2016-03-23 06:30:01
220|N|Wilmington|Prospect Park|2016-03-23|On Time|2016-03-23 06:30:13
9409|S|Roberts Yard|30th Street Station|2016-03-23|2 min|2016-03-23 06:30:16
328|N|Elwyn|Gladstone|2016-03-23|1 min|2016-03-23 06:30:21
5315|S|County|Penllyn|2016-03-23|On Time|2016-03-23 06:30:23
326|N|Elwyn|Temple U|2016-03-23|2 min|2016-03-23 06:30:34
207|S|Elm|Suburban Station|2016-03-23|On Time|2016-03-23 06:30:40
309|S|West Trenton Yard|49th St|2016-03-23|3 min|2016-03-23 06:30:45
707|S|Chestnut Hill East|Mt Airy|2016-03-23|On Time|2016-03-23 06:30:46
507|S|Doylestown|Lansdale|2016-03-23|1 min|2016-03-23 06:30:57
3505|S|West Trenton Yard|Philmont|2016-03-23|On Time|2016-03-23 06:30:57
220|N|Wilmington|Norwood|2016-03-23|On Time|2016-03-23 06:31:05
5712|N|Thorndale|Radnor|2016-03-23|2 min|2016-03-23 06:31:08
705|S|Chestnut Hill East|30th Street Station|2016-03-23|On Time|2016-03-23 06:31:11
6404|N|Powelton Yard|Suburban Station|2016-03-23|On Time|2016-03-23 06:31:22
1054|N|Cynwyd|Wynnefield Avenue|2016-03-23|On Time|2016-03-23 06:31:26
501|S|County|Narberth|2016-03-23|2 min|2016-03-23 06:31:27
516|N|Frazer Yard|30th Street Station|2016-03-23|On Time|2016-03-23 06:32:01
501|S|County|Wynnewood|2016-03-23|2 min|2016-03-23 06:32:14
4213|S|None|None|2016-03-23|On Time|2016-03-23 06:32:30
7406|N|Trenton|Croydon|2016-03-23|On Time|2016-03-23 06:32:32
328|N|Elwyn|Lansdowne|2016-03-23|2 min|2016-03-23 06:32:36
9703|S|Roberts Yard|Levittown|2016-03-23|On Time|2016-03-23 06:32:37
514|N|Thorndale|Melrose Park|2016-03-23|3 min|2016-03-23 06:32:43
309|S|West Trenton Yard|Angora|2016-03-23|3 min|2016-03-23 06:32:46
6212|N|Powelton Yard|Norristown TC|2016-03-23|5 min|2016-03-23 06:32:50
5315|S|County|Ambler|2016-03-23|On Time|2016-03-23 06:32:51
A605|S|None|None|2016-03-23|On Time|2016-03-23 06:32:56
220|N|Wilmington|Glenolden|2016-03-23|On Time|2016-03-23 06:33:05
5712|N|Thorndale|Villanova|2016-03-23|2 min|2016-03-23 06:33:08
707|S|Chestnut Hill East|Sedgwick|2016-03-23|On Time|2016-03-23 06:33:19
313|S|West Trenton Yard|Fern Rock TC|2016-03-23|1 min|2016-03-23 06:33:20
216|N|Marcus Hook|Temple U|2016-03-23|1 min|2016-03-23 06:33:24
319|S|None|None|2016-03-23|On Time|2016-03-23 06:33:28
4007|S|Warminster|30th Street Station|2016-03-23|1 min|2016-03-23 06:34:11
328|N|Elwyn|Fernwood|2016-03-23|2 min|2016-03-23 06:34:21
330|N|None|None|2016-03-23|On Time|2016-03-23 06:34:26
4211|S|Warminster|Glenside|2016-03-23|On Time|2016-03-23 06:34:27
501|S|County|Ardmore|2016-03-23|2 min|2016-03-23 06:34:30
309|S|West Trenton Yard|Fernwood|2016-03-23|3 min|2016-03-23 06:34:45
5711|S|None|None|2016-03-23|On Time|2016-03-23 06:34:48
6211|S|Elm|Conshohocken|2016-03-23|1 min|2016-03-23 06:34:50
7406|N|Trenton|Eddington|2016-03-23|On Time|2016-03-23 06:34:51
5315|S|County|Ft Washington|2016-03-23|On Time|2016-03-23 06:34:54
507|S|Doylestown|Pennbrook|2016-03-23|On Time|2016-03-23 06:34:57
3505|S|West Trenton Yard|Bethayres|2016-03-23|1 min|2016-03-23 06:35:03
220|N|Wilmington|Folcroft|2016-03-23|On Time|2016-03-23 06:35:05
7218|N|Trenton|Suburban Station|2016-03-23|2 min|2016-03-23 06:35:09
9597|S|Roberts Yard|Exton|2016-03-23|4 min|2016-03-23 06:35:21
216|N|Marcus Hook|North Broad St|2016-03-23|On Time|2016-03-23 06:35:23
707|S|Chestnut Hill East|Stenton|2016-03-23|On Time|2016-03-23 06:35:24
9409|S|Roberts Yard|University City|2016-03-23|4 min|2016-03-23 06:36:01
6404|N|Powelton Yard|Jefferson Station|2016-03-23|On Time|2016-03-23 06:36:02
501|S|County|Haverford|2016-03-23|2 min|2016-03-23 06:36:02
3507|S|West Trenton Yard|Woodbourne|2016-03-23|On Time|2016-03-23 06:36:02
5712|N|Thorndale|Rosemont|2016-03-23|2 min|2016-03-23 06:36:06
5714|N|Thorndale|Malvern|2016-03-23|1 min|2016-03-23 06:36:11
6212|N|Powelton Yard|Main St|2016-03-23|4 min|2016-03-23 06:36:19
309|S|West Trenton Yard|Lansdowne|2016-03-23|3 min|2016-03-23 06:36:26
7218|N|Trenton|Jefferson Station|2016-03-23|1 min|2016-03-23 06:36:41
7406|N|Trenton|Cornwells Heights|2016-03-23|On Time|2016-03-23 06:36:51
A605|S|Overbrook Int|Ardmore|2016-03-23|On Time|2016-03-23 06:36:55
3505|S|West Trenton Yard|Meadowbrook|2016-03-23|On Time|2016-03-23 06:37:03
220|N|Wilmington|Sharon Hill|2016-03-23|On Time|2016-03-23 06:37:05
516|N|Frazer Yard|Suburban Station|2016-03-23|1 min|2016-03-23 06:37:09
9597|S|Roberts Yard|Whitford|2016-03-23|4 min|2016-03-23 06:37:12
7408|N|None|None|2016-03-23|On Time|2016-03-23 06:37:13
328|N|Elwyn|Angora|2016-03-23|2 min|2016-03-23 06:37:16
313|S|West Trenton Yard|Wayne Jct|2016-03-23|3 min|2016-03-23 06:37:19
6211|S|Elm|Spring Mill|2016-03-23|1 min|2016-03-23 06:37:23
503|S|Doylestown|Temple U|2016-03-23|5 min|2016-03-23 06:37:27
9408|N|None|None|2016-03-23|On Time|2016-03-23 06:38:01
814|N|None|None|2016-03-23|On Time|2016-03-23 06:38:03
309|S|West Trenton Yard|Gladstone|2016-03-23|2 min|2016-03-23 06:38:08
220|N|Wilmington|Curtis Park|2016-03-23|On Time|2016-03-23 06:38:13
5714|N|Thorndale|Paoli|2016-03-23|1 min|2016-03-23 06:38:14
501|S|County|Bryn Mawr|2016-03-23|2 min|2016-03-23 06:38:14
6212|N|Powelton Yard|Elm St|2016-03-23|2 min|2016-03-23 06:38:19
814|N|Chestnut Hill West|Highland|2016-03-23|On Time|2016-03-23 06:38:31
514|N|Thorndale|Jenkintown-Wyncote|2016-03-23|3 min|2016-03-23 06:38:35
319|S|West Trenton Yard|West Trenton|2016-03-23|On Time|2016-03-23 06:38:41
4211|S|Warminster|Elkins Park|2016-03-23|On Time|2016-03-23 06:38:42
326|N|Elwyn|Wayne Jct|2016-03-23|On Time|2016-03-23 06:38:47
5711|S|Doylestown|Delaware Valley College|2016-03-23|2 min|2016-03-23 06:38:48
1203|S|Suburban Station|Highland Ave|2016-03-23|25 min|2016-03-23 06:38:48
507|S|Doylestown|North Wales|2016-03-23|On Time|2016-03-23 06:38:52
5315|S|County|Oreland|2016-03-23|On Time|2016-03-23 06:38:54
3505|S|West Trenton Yard|Rydal|2016-03-23|On Time|2016-03-23 06:39:03
812|N|Chestnut Hill West|30th Street Station|2016-03-23|On Time|2016-03-23 06:39:09
3507|S|West Trenton Yard|Langhorne|2016-03-23|On Time|2016-03-23 06:39:14
207|S|Elm|30th Street Station|2016-03-23|2 min|2016-03-23 06:39:15
330|N|Elwyn Station|Media|2016-03-23|2 min|2016-03-23 06:39:17
6211|S|Elm|Miquon|2016-03-23|1 min|2016-03-23 06:39:23
707|S|Chestnut Hill East|Washington Lane|2016-03-23|1 min|2016-03-23 06:39:24
5712|N|Thorndale|Bryn Mawr|2016-03-23|2 min|2016-03-23 06:39:25
514|N|Thorndale|Glenside|2016-03-23|3 min|2016-03-23 06:40:02
501|S|County|Rosemont|2016-03-23|2 min|2016-03-23 06:40:02
328|N|Elwyn|49th St|2016-03-23|3 min|2016-03-23 06:40:02
814|N|Chestnut Hill West|St. Martins|2016-03-23|On Time|2016-03-23 06:40:03
220|N|Wilmington|Darby|2016-03-23|On Time|2016-03-23 06:40:12
9408|N|Airport Terminal E-F|Airport Terminal B|2016-03-23|On Time|2016-03-23 06:40:16
216|N|Marcus Hook|Allegheny|2016-03-23|3 min|2016-03-23 06:40:19
3505|S|West Trenton Yard|Noble|2016-03-23|On Time|2016-03-23 06:40:34
1703|S|Suburban Station|Torresdale|2016-03-23|1 min|2016-03-23 06:40:37
4211|S|Warminster|Melrose Park|2016-03-23|On Time|2016-03-23 06:40:43
309|S|West Trenton Yard|Clifton-Aldan|2016-03-23|4 min|2016-03-23 06:40:46
5711|S|Doylestown|New Britain|2016-03-23|On Time|2016-03-23 06:40:49
516|N|Frazer Yard|Jefferson Station|2016-03-23|On Time|2016-03-23 06:40:50
5315|S|County|North Hills|2016-03-23|On Time|2016-03-23 06:40:51
5714|N|Thorndale|Daylesford|2016-03-23|1 min|2016-03-23 06:41:02
319|S|West Trenton Yard|Yardley|2016-03-23|On Time|2016-03-23 06:41:03
705|S|Chestnut Hill East|North Philadelphia|2016-03-23|On Time|2016-03-23 06:41:11
7406|N|Trenton|Torresdale|2016-03-23|On Time|2016-03-23 06:41:13
9703|S|Roberts Yard|Trenton|2016-03-23|On Time|2016-03-23 06:41:14
330|N|Elwyn Station|Moylan-Rose Valley|2016-03-23|On Time|2016-03-23 06:41:18
6404|N|Powelton Yard|Temple U|2016-03-23|1 min|2016-03-23 06:41:23
2718|N|Newark|Wilmington|2016-03-23|On Time|2016-03-23 06:41:23
A640|N|Thorn|Ardmore|2016-03-23|11 min|2016-03-23 06:42:01
814|N|Chestnut Hill West|Allen Lane|2016-03-23|On Time|2016-03-23 06:42:02
1203|S|Suburban Station|Marcus Hook|2016-03-23|25 min|2016-03-23 06:42:05
5714|N|Thorndale|Berwyn|2016-03-23|On Time|2016-03-23 06:42:13
501|S|County|Villanova|2016-03-23|2 min|2016-03-23 06:42:13
9597|S|Roberts Yard|Downingtown|2016-03-23|4 min|2016-03-23 06:42:14
9408|N|Airport Terminal E-F|Airport Terminal C-D|2016-03-23|4 min|2016-03-23 06:42:16
309|S|West Trenton Yard|Primos|2016-03-23|4 min|2016-03-23 06:42:19
707|S|Chestnut Hill East|Germantown|2016-03-23|1 min|2016-03-23 06:42:26
514|N|Thorndale|North Hills|2016-03-23|2 min|2016-03-23 06:42:29
507|S|Doylestown|Gwynedd Valley|2016-03-23|On Time|2016-03-23 06:42:29
1703|S|Suburban Station|Cornwells Heights|2016-03-23|1 min|2016-03-23 06:42:37
807|S|South Fox Chase|Jefferson Station|2016-03-23|3 min|2016-03-23 06:42:51
503|S|Doylestown|Jefferson Station|2016-03-23|5 min|2016-03-23 06:43:02
805|S|South Fox Chase|Queen Lane|2016-03-23|7 min|2016-03-23 06:43:07
7218|N|Trenton|Temple U|2016-03-23|2 min|2016-03-23 06:43:11
313|S|West Trenton Yard|Temple U|2016-03-23|3 min|2016-03-23 06:43:11
328|N|Elwyn|University City|2016-03-23|2 min|2016-03-23 06:43:15
207|S|Elm|University City|2016-03-23|2 min|2016-03-23 06:43:15
309|S|West Trenton Yard|Secane|2016-03-23|4 min|2016-03-23 06:43:18
216|N|Marcus Hook|East Falls|2016-03-23|2 min|2016-03-23 06:43:23
707|S|Chestnut Hill East|Wister|2016-03-23|1 min|2016-03-23 06:43:24
326|N|Elwyn|Fern Rock TC|2016-03-23|2 min|2016-03-23 06:43:27
1054|N|Cynwyd|30th Street Station|2016-03-23|4 min|2016-03-23 06:44:00
4211|S|Warminster|Fern Rock TC|2016-03-23|On Time|2016-03-23 06:44:01
522|N|None|None|2016-03-23|On Time|2016-03-23 06:44:02
1203|S|Suburban Station|Claymont|2016-03-23|25 min|2016-03-23 06:44:05
4007|S|Warminster|Wynnefield Avenue|2016-03-23|On Time|2016-03-23 06:44:10
501|S|County|Radnor|2016-03-23|2 min|2016-03-23 06:44:13
514|N|Thorndale|Oreland|2016-03-23|2 min|2016-03-23 06:44:14
9409|S|Roberts Yard|Eastwick Station|2016-03-23|6 min|2016-03-23 06:44:16
9408|N|Airport Terminal E-F|Eastwick Station|2016-03-23|2 min|2016-03-23 06:44:16
805|S|South Fox Chase|Chelten Avenue|2016-03-23|5 min|2016-03-23 06:44:31
3505|S|West Trenton Yard|Jenkintown-Wyncote|2016-03-23|On Time|2016-03-23 06:44:33
5711|S|Doylestown|Chalfont|2016-03-23|1 min|2016-03-23 06:44:37
330|N|Elwyn Station|Wallingford|2016-03-23|1 min|2016-03-23 06:44:44
9524|N|None|None|2016-03-23|On Time|2016-03-23 06:44:55
216|N|Marcus Hook|Wissahickon|2016-03-23|2 min|2016-03-23 06:45:06
812|N|Chestnut Hill West|Suburban Station|2016-03-23|On Time|2016-03-23 06:45:09
5714|N|Thorndale|Devon|2016-03-23|On Time|2016-03-23 06:45:09
7406|N|Trenton|Holmesburg Jct|2016-03-23|On Time|2016-03-23 06:45:10
9597|S|Roberts Yard|Thorndale|2016-03-23|4 min|2016-03-23 06:45:12
7408|N|Trenton|Levittown|2016-03-23|On Time|2016-03-23 06:45:12
3507|S|West Trenton Yard|Neshaminy Falls|2016-03-23|1 min|2016-03-23 06:45:14
814|N|Chestnut Hill West|Carpenter|2016-03-23|On Time|2016-03-23 06:45:16
707|S|Chestnut Hill East|Wayne Jct|2016-03-23|On Time|2016-03-23 06:45:19
522|N|Bryn Mawr|Haverford|2016-03-23|On Time|2016-03-23 06:45:27
328|N|Elwyn|30th Street Station|2016-03-23|1 min|2016-03-23 06:46:01
3507|S|West Trenton Yard|Trevose|2016-03-23|1 min|2016-03-23 06:46:02
807|S|South Fox Chase|Suburban Station|2016-03-23|1 min|2016-03-23 06:46:03
805|S|South Fox Chase|Tulpehocken|2016-03-23|5 min|2016-03-23 06:46:03
