||||PERM|A-07323-97014|||Certified|J-1||ARMENIA|2012-02-01|24 WEST 25 STREET|5TH FLOOR|NEW YORK|||NETSOFT USA INC.||||10010.0|NY|||||||||||||||||||||||||||||||||||||||||||||||||||||New York||NY|541512|Computer Systems Design Services|||||||||||75629.0||||Computer Software Engineers, Applications|Level II|15-1031.00|Computer Software Engineers, Applications|OES|||yr|||||||||||||||||||||||||||||||||||||||||||||IT|75629.0||yr|||
||||PERM|A-07332-99439|||Denied|B-2||POLAND|2011-12-21|200 BROAD STREET||CARLSTADT|||PINNACLE ENVIRONEMNTAL CORP||||7072.0|NY|||||||||||||||||||||||||||||||||||||||||||||||||||||New York||NY|562211|Hazardous Waste Treatment and Disposal|||||||||||37024.0||||ASBESTOS HANDLER|Level I|47-4041.00|Hazardous Materials Removal Workers|OES|||yr|||||||||||||||||||||||||||||||||||||||||||||Other Economic Sector|37024.0||yr|||
||||PERM|A-07333-99643|||Certified|H-1B||INDIA|2011-12-01|1054 TECHNOLOGY PARK DRIVE||GLEN ALLEN|||SCHNABEL ENGINEERING, INC.||||23059.0|VA|||||||||||||||||||||||||||||||||||||||||||||||||||||Lutherville||MD|541330|Engineering Services|||||||||||47923.0||||Civil Engineer|Level I|17-2051.00|Civil Engineers|OES|||yr|||||||||||||||||||||||||||||||||||||||||||||Aerospace|47923.0||yr|||
||||PERM|A-07339-01930|||Certified|B-2||SOUTH KOREA|2011-12-01|33-17 PRINCE ST. 2ND FL||FLUSHING|||EBENEZER MISSION CHURCH||||11354.0|NY|||||||||||||||||||||||||||||||||||||||||||||||||||||Flushing||NY|813110|Religious Organizations|||||||||||10.97||||File Clerk|Level II|43-4071.00|File Clerks|OES|||hr|||||||||||||||||||||||||||||||||||||||||||||Other Economic Sector|10.97||hr|||
||||PERM|A-07345-03565|||Certified|L-1||CANADA|2012-01-26|1373 BROADWAY||ALBANY|||ALBANY INTERNATIONAL CORP.||||12204.0|NY|||||||||||||||||||||||||||||||||||||||||||||||||||||Albany||NY|333291|Paper Industry Machinery Manufacturing|||||||||||94890.0||||Sales & Service Engineer|Level IV|41-9031.00|Sales Engineers|OES|||yr|||||||||||||||||||||||||||||||||||||||||||||Advanced Mfg|100000.0||yr|||
||||PERM|A-07352-06288|||Denied|EWI||ECUADOR|2012-01-26|200 BROAD STREET||CARLSTADT|||PINNACLE ENVIRONEMNTAL CORP||||7072.0|NY|||||||||||||||||||||||||||||||||||||||||||||||||||||New York||NY|562910|Remediation Services|||||||||||37024.0||||hazardous materials removal worker|Level I|47-4041.00|Hazardous Materials Removal Workers|OES|||yr|||||||||||||||||||||||||||||||||||||||||||||Other Economic Sector|37024.0||yr|||
||||PERM|A-07354-06926|||Certified-Expired|H-1B||MEXICO|2011-10-07|285 PAWLING AVE||TROY|||EMMA WILLARD SCHOOL||||12180.0|NY|||||||||||||||||||||||||||||||||||||||||||||||||||||Troy||NY|611110|Elementary and Secondary Schools|||||||||||47083.33||||Secondary School Teachers, Except Special and Vocational Education|Level II|25-2031.00|Secondary School Teachers, Except Special and Vocational Education|OES|||yr|||||||||||||||||||||||||||||||||||||||||||||Educational Services|47084.0|52000.0|yr|||
||||PERM|A-08004-10147|||Denied|E-2||CANADA|2012-02-06|1831 -  A    BLOUNT ROAD||POMPANO BEACH|||FDS  ALUMINUM  LLC||||33069.0|FL|||||||||||||||||||||||||||||||||||||||||||||||||||||POMPANO BEACH||FL|331312|Primary Aluminum Production|||||||||||36733.0||||COST ESTIMATOR|Level I|13-1051.00|Cost Estimators|OES|||yr|||||||||||||||||||||||||||||||||||||||||||||Advanced Mfg|36733.0||yr|||
||||PERM|A-08004-10184|||Certified|H-1B||CANADA|2012-02-29|2711 CENTERVILLE ROAD||WILMINGTON|||ELECTRONIC DATA SYSTEMS CORPORATION||||19808.0|DE|||||||||||||||||||||||||||||||||||||||||||||||||||||Fort Worth||TX|541511|Custom Computer Programming Services|||||||||||44824.0||||Computer Systems Analysts|Level I|15-1051.00|Computer Systems Analysts|OES|||yr|||||||||||||||||||||||||||||||||||||||||||||IT|44824.0|85000.0|yr|||
||||PERM|A-08010-11785|||Denied|E-2||PAKISTAN|2012-03-30|3180 FULTON STREET||BROOKLYN|||AMER BROTHERS INTERNATIONAL, INC.||||11208.0|NY|||||||||||||||||||||||||||||||||||||||||||||||||||||Brooklyn||NY|452990|All Other General Merchandise Stores|||||||||||12.86||||Supervisor/Manager|Level I|41-1011.00|First-Line Supervisors/Managers of Retail Sales Workers|OES|||hr|||||||||||||||||||||||||||||||||||||||||||||Retail|12.86|16.82|hr|||
||||PERM|A-08057-27232|||Withdrawn|H-1B||INDIA|2012-03-05|4833 RUGBY AVE.|SUITE 500|BETHESDA|||AQUAS, INC.||||20814.0|MD|||||||||||||||||||||||||||||||||||||||||||||||||||||Bethesda||MD|541511|Custom Computer Programming Services|||||||||||59758.0||||Computer Programmer|Level II|15-1021.00|Computer Programmers|OES|||yr|||||||||||||||||||||||||||||||||||||||||||||IT|60000.0||yr|||
||||PERM|A-08058-28001|||Certified|H-1B||SINGAPORE|2012-01-06|525 BROADWAY, SUITE 201||NEW YORK|||NINE MUSES AND APOLLO INC||||10012.0|NY|||||||||||||||||||||||||||||||||||||||||||||||||||||New York||NY|711410|Agents and Managers for Artists, Athletes, Entertainers, and Other Public Figures|||||||||||46176.0||||Public Relations Specialist|Level II|27-3031.00|Public Relations Specialists|OES|||yr|||||||||||||||||||||||||||||||||||||||||||||Other Economic Sector|50000.0||yr|||
||||PERM|A-08076-33611|||Certified|H-1B||RUSSIA|2012-01-26|220 MIDLAND AVENUE||SADDLE BROOK|||FASTPULSE TECHNOLOGY, INC.||||7663.0|NJ|||||||||||||||||||||||||||||||||||||||||||||||||||||Saddle Brook||NJ|541512|Computer Systems Design Services|||||||||||34.3||||Electronic Engineer|Level II|17-3023.00|Electrical and Electronic Engineering Technicians|OES|||hr|||||||||||||||||||||||||||||||||||||||||||||IT|34.3||hr|||
||||PERM|A-08085-36053|||Certified|H-1B||INDIA|2011-12-09|301 PERIMETER CENTER NORTH|SUITE 200|ATLANTA|||INTEC BILLING, INC||||30346.0|GA|||||||||||||||||||||||||||||||||||||||||||||||||||||Atlanta||GA|541511|Custom Computer Programming Services|||||||||||74672.0||||Network Systems & Data Communications Analyst|Level IV|15-1081.00|Network Systems and Data Communications Analysts|OES|||yr|||||||||||||||||||||||||||||||||||||||||||||IT|80000.0||yr|||
||||PERM|A-08104-41821|||Certified|||MEXICO|2012-01-30|4700 ANNAPOLIS RD.||BLADENSBURG|||ERNEST MAIER, INC.||||20710.0|MD|||||||||||||||||||||||||||||||||||||||||||||||||||||Blandesburg||MD|327121|Brick and Structural Clay Tile Manufacturing|||||||||||36691.0||||Brickmasons and Blockmasons|Level I|51-9041.00|Extruding, Forming, Pressing, and Compacting Machine Setters, Operators, and Tenders|OES|||yr|||||||||||||||||||||||||||||||||||||||||||||Advanced Mfg|36691.0||yr|||
||||PERM|A-08120-47187|||Certified-Expired|EWI||ECUADOR|2011-10-13|170 CHERRY VALLEY AVENUE||WEST HEMPSTEAD|||NIKO DEVELOPMENT CORP||||11552.0|NY|||||||||||||||||||||||||||||||||||||||||||||||||||||WEST HEMPTEAD||NY|238320|Painting and Wall Covering Contractors|||||||||||15.64||||Painters, Construction and Maintenance|Level II|47-2141.00|Painters, Construction and Maintenance|OES|||hr|||||||||||||||||||||||||||||||||||||||||||||Construction|15.64||hr|||
||||PERM|A-08127-49255|||Certified|H-1B||INDIA|2011-12-05|103 MORGAN LANE|SUITE 102|PLAINSBORO|||COMPUNNEL SOFTWARE GROUP, INC.||||8536.0|NJ|||||||||||||||||||||||||||||||||||||||||||||||||||||MONMOUTH JN.||NJ|541511|Custom Computer Programming Services|||||||||||28.05||||SYSTEMS ANALYST|Level I|15-1051.00|Computer Systems Analysts|OES|||hr|||||||||||||||||||||||||||||||||||||||||||||IT|28.05||hr|||
||||PERM|A-08148-55775|||Certified|||CANADA|2012-03-26|7215 35 AVENUE||JACKSON HEIGHTS|||V.H.C. USA INCD/B/A VITAMIN HOMEOPTAHY CENTER||||11372.0|NY|||||||||||||||||||||||||||||||||||||||||||||||||||||JACKSON HEIGHTS||NY|44619|Other Health and Personal Care Stores|||||||||||12.06||||RETAIL SALESPERSONS|Level III|41-2031.00|Retail Salespersons|OES|||hr|||||||||||||||||||||||||||||||||||||||||||||Retail|12.5||hr|||
||||PERM|A-08162-60225|||Denied|EWI||MEXICO|2011-10-07|206 HARRISON AVENUE||LODI|||VITAMIA PASTA BOY, INC||||7644.0|NJ|||||||||||||||||||||||||||||||||||||||||||||||||||||LODI||NJ|722110|Full-Service Restaurants|||||||||||10.37||||Bakers, Bread and Pastry|Level II|51-3011.01|Bakers, Bread and Pastry|OES|||hr|||||||||||||||||||||||||||||||||||||||||||||Hospitality|10.37||hr|||
||||PERM|A-08164-61023|||Certified|||POLAND|2011-12-13|1400 W. 171ST ST.||EAST HAZEL CREST|||REFIX TRUCK & TRAILER REPAIR||||60429.0|IL|||||||||||||||||||||||||||||||||||||||||||||||||||||East Hazel Crest||IL|81111|Automotive Mechanical and Electrical Repair and Maintenance|||||||||||10.83||||Welder/Cutter|Level I|51-4121.00|Welders, Cutters, Solderers, and Brazers|OES|||hr|||||||||||||||||||||||||||||||||||||||||||||Automotive|12.0||hr|||
||||PERM|A-08176-64095|||Certified|H-1B||VENEZUELA|2011-11-03|13455 NOEL ROAD, SUITE 1500||DALLAS|||HSB SOLOMON ASSOCIATES LLC||||75240.0|TX|||||||||||||||||||||||||||||||||||||||||||||||||||||Dallas||TX|541|Professional, Scientific, and Technical Services|||||||||||141731.0||||Engineering Managers|Level IV|11-9041.00|Engineering Managers|OES|||yr|||||||||||||||||||||||||||||||||||||||||||||Other Economic Sector|141731.0||yr|||
||||PERM|A-08182-66284|||Certified-Expired|E-1||JAPAN|2011-10-06|18 EAST 41ST STREET, 3RD FL.||NEW YORK|||WORLD JOINT CORP. D/B/A IACE TRAVEL, INC.||||10017.0|NY|||||||||||||||||||||||||||||||||||||||||||||||||||||Torrance||CA|561510|Travel Agencies|||||||||||89336.0||||Computer Software Engineer|Level III|15-1031.00|Computer Software Engineers, Applications|OES|||yr|||||||||||||||||||||||||||||||||||||||||||||Hospitality|89336.0||yr|||
||||PERM|A-08190-68131|||Denied|B-2||SOUTH AFRICA|2012-01-23|7803 ROYAL CREST DR.||JACKSONVILLE|||KANTICORP.DBA EMERSON INN||||32256.0|FL|||||||||||||||||||||||||||||||||||||||||||||||||||||Jacksonville||FL|721110|Hotels (except Casino Hotels) and Motels|||||||||||21.58||||Lodging Managers|Level II|11-9081.00|Lodging Managers|OES|||hr|||||||||||||||||||||||||||||||||||||||||||||Hospitality|21.58||hr|||
||||PERM|A-08190-68200|||Denied|EWI||MEXICO|2011-10-12|106 ALBANY STREET||NEW BRUNSWICK|||MAMCO INC. DBA: OLD MAN RAFFERTY'S||||8901.0|NJ|||||||||||||||||||||||||||||||||||||||||||||||||||||NEW BRUNSWICK||NY|722110|Full-Service Restaurants|||||||||||18.31||||Chefs and Head Cooks|Level I|35-1011.00|Chefs and Head Cooks|OES|||hr|||||||||||||||||||||||||||||||||||||||||||||Hospitality|18.31||hr|||
||||PERM|A-08271-91261|||Denied|H-1B||CHINA|2012-02-16|850 BARRET AVE||LOUISVILLE|||LOUISVILLE (JEFFERSON COUNTY) METRO GOVERNMENT||||40204.0|KY|||||||||||||||||||||||||||||||||||||||||||||||||||||Louisville||KY|||||||||||||||||||17-2081.00|Environmental Engineers|OES|||||||||||||||||||||||||||||||||||||||||||||||||50000.0||yr|||
||||PERM|A-08200-71216|||Withdrawn|H-1B||RUSSIA|2011-10-14|ONE TAKEDA PARKWAY||DEERFIELD|||TAKEDA PHARMACEUTICALS NORTH AMERICA, INC.||||60015.0|IL|||||||||||||||||||||||||||||||||||||||||||||||||||||Deerfield||IL|325412|Pharmaceutical Preparation Manufacturing|||||||||||62088.0||||Accountants and Auditors|Level III|13-2011.02|Auditors|OES|||yr|||||||||||||||||||||||||||||||||||||||||||||Advanced Mfg|66000.0||yr|||
||||PERM|A-08203-71676|||Certified-Expired|||MEXICO|2011-10-21|P.O. BOX 3029||ROCK SPRINGS|||ROCKY MOUNTAIN CASING CREWS, INC.||||82902.0|WY|||||||||||||||||||||||||||||||||||||||||||||||||||||Rock Springs||WY|23712|Oil and Gas Pipeline and Related Structures Construction|||||||||||15.82||||Assistant Operator|Level I|47-5012.00|Rotary Drill Operators, Oil and Gas|OES|||hr|||||||||||||||||||||||||||||||||||||||||||||Construction|15.82||hr|||
||||PERM|A-08211-73870|||Denied|EWI||MEXICO|2011-10-11|287 BEDFORD, AVENUE||BROOKLYN|||L.A. BURRITO,  INC||||11211.0|NY|||||||||||||||||||||||||||||||||||||||||||||||||||||BROOKLYN||NY|722110|Full-Service Restaurants|||||||||||12.9||||Cooks, Restaurant|Level III|35-2014.00|Cooks, Restaurant|OES|||hr|||||||||||||||||||||||||||||||||||||||||||||Hospitality|12.9||hr|||
||||PERM|A-08211-74089|||Certified|H-1B||INDIA|2012-02-07|55 EAST 52ND ST.|27TH FLOOR|NEW YORK|||MCKINSEY & COMPANY, INC UNITED STATES||||10022.0|NY|||||||||||||||||||||||||||||||||||||||||||||||||||||Atlanta||GA|54161|Management Consulting Services|||||||||||38646.0||||Operations Research Analyst|Level I|15-2031.00|Operations Research Analysts|OES|||yr|||||||||||||||||||||||||||||||||||||||||||||Other Economic Sector|130000.0||yr|||
||||PERM|A-08212-74295|||Denied|||INDIA|2011-11-15|1430 YANKEE PARK PLACE||DAYTON|||INDUS VALLEY CONSULTANTS, INC||||45458.0|OH|||||||||||||||||||||||||||||||||||||||||||||||||||||Dayton||OH|541511|Custom Computer Programming Services|||||||||||77272.0||||Software Engineer|Level III|15-1031.00|Computer Software Engineers, Applications|OES|||yr|||||||||||||||||||||||||||||||||||||||||||||IT|77272.0||yr|||
||||PERM|A-08220-76622|||Denied|EWI||ECUADOR|2011-10-25|28-18 31TH STREET|SUITE-201|ASTORIA|||VORDONIA CONTRACTING & SUPLIES CORP||||11102.0|NY|||||||||||||||||||||||||||||||||||||||||||||||||||||ASTORIA||NY|23|Construction|||||||||||15.8||||Construction Carpenters|Level I|47-2031.01|Construction Carpenters|OES|||hr|||||||||||||||||||||||||||||||||||||||||||||Construction|15.8||hr|||
||||PERM|A-08221-77017|||Denied|EWI||MEXICO|2011-11-03|3579 VICTORY BLVD||STATEN ISLAND|||VICTORY PRODUCE,LLC.  DBA TOP TOMATO||||10314.0|NY|||||||||||||||||||||||||||||||||||||||||||||||||||||STATEN ISLAND||NY|445230|Fruit and Vegetable Markets|||||||||||12.23||||First-Line Supervisors and Manager/Supervisors - Logging Workers|Level I|45-1011.05|First-Line Supervisors and Manager/Supervisors - Logging Workers|OES|||hr|||||||||||||||||||||||||||||||||||||||||||||Retail|12.23||hr|||
||||PERM|A-08221-77195|||Certified|H-1B||PHILIPPINES|2011-12-29|412 SOUTH MAIN STREET||GREENVILLE|||GREENVILLE PUBLIC SCHOOL DISTRICT||||38702.0|MS|||||||||||||||||||||||||||||||||||||||||||||||||||||Greenville||MS|61111|Elementary and Secondary Schools|||||||||||23340.0||||Teacher|Level I|25-2031.00|Secondary School Teachers, Except Special and Vocational Education|OES|||yr|||||||||||||||||||||||||||||||||||||||||||||Educational Services|37476.0||yr|||
||||PERM|A-08224-77312|||Certified|H-1B||TURKEY|2012-02-16|ONE TECHNOLOGY WAY||NORWOOD|||ANALOG DEVICES INC.||||2062.0|MA|||||||||||||||||||||||||||||||||||||||||||||||||||||Wilmington||MA|334413|Semiconductor and Related Device Manufacturing|||||||||||88130.0||||Electronics Engineers|Level III|17-2072.00|Electronics Engineers, Except Computer|OES|||yr|||||||||||||||||||||||||||||||||||||||||||||Advanced Mfg|88130.0|96000.0|yr|||
||||PERM|A-08225-77723|||Denied|||VIETNAM|2012-02-16|1101 OAK LANE||WINTER SPRINGS|||PREMELTERS INC||||32708.0|FL|||||||||||||||||||||||||||||||||||||||||||||||||||||WINTER SPRINGS||FL|333298|All Other Industrial Machinery Manufacturing|||||||||||2188.0||||Sales Representatives|Level III|41-4012.00|Sales Representatives, Wholesale and Manufacturing, Except Technical and Scientific Products|OES|||bi|||||||||||||||||||||||||||||||||||||||||||||Advanced Mfg|28.0||hr|||
||||PERM|A-08227-78536|||Denied|EWI||ECUADOR|2012-02-16|97 LAKE AVENUE||TUCKAHOE|||ANGELINA'S RESTAURANT||||10707.0|NY|||||||||||||||||||||||||||||||||||||||||||||||||||||Tuckahoe||NY|722211|Limited-Service Restaurants|||||||||||9.5||||Cooks-Fast Food|Level I|35-2011.00|Cooks, Fast Food|OES|||hr|||||||||||||||||||||||||||||||||||||||||||||Hospitality|9.5||hr|||
||||PERM|A-08238-81419|||Withdrawn|EWI||EL SALVADOR|2012-03-28|10992 RICHARDSON ROAD||ASHLAND|||CREATIVE CONSERVATION COMPANY, INC.||||23005.0|VA|||||||||||||||||||||||||||||||||||||||||||||||||||||ASHLAND||VA|238310|Drywall and Insulation Contractors|||||||||||10.16||||INSULATION WORKERS, FLOOR, CEILING, AND WALL|Level I|47-2131.00|Insulation Workers, Floor, Ceiling, and Wall|OES|||hr|||||||||||||||||||||||||||||||||||||||||||||Construction|10.16||hr|||
||||PERM|A-08238-81533|||Certified-Expired|H-1B||INDIA|2011-10-13|ONE AT&T PLAZA|208 S. AKARD STREET|DALLAS|||AT&T, INC., AND ALL OF ITS SUBSIDIARIES AND AFFILIATES||||75202.0|TX|||||||||||||||||||||||||||||||||||||||||||||||||||||Florham Park||NJ|51721|Wireless Telecommunications Carriers (except Satellite)|||||||||||63773.0||||Operations Research Analysts|Level I|15-2031.00|Operations Research Analysts|OES|||yr|||||||||||||||||||||||||||||||||||||||||||||IT|110000.0||yr|||
||||PERM|A-08240-82338|||Certified|EWI||ECUADOR|2012-01-05|2420 POND RD.||RONKONKOMA|||NSW INSTALATION INC.||||11779.0|NY|||||||||||||||||||||||||||||||||||||||||||||||||||||RONKONKOMA||NY|238350|Finish Carpentry Contractors|||||||||||19.3||||Carpenters|Level II|47-2031.00|Carpenters|OES|||hr|||||||||||||||||||||||||||||||||||||||||||||Construction|19.3||hr|||
||||PERM|A-08241-82750|||Denied|EWI||MEXICO|2012-01-30|239 WATCHUNG AVENUE||BLOOMFIELD|||PROPERTY SERVICES LANDSCAPING, INC||||7003.0|NJ|||||||||||||||||||||||||||||||||||||||||||||||||||||BLOOMFIELD||NY|561730|Landscaping Services|||||||||||13.19||||Landscaping and Groundskeeping Workers|Level III|37-3011.00|Landscaping and Groundskeeping Workers|OES|||hr|||||||||||||||||||||||||||||||||||||||||||||Other Economic Sector|13.19||hr|||
||||PERM|A-08246-83350|||Certified|||ECUADOR|2011-11-16|1630 WYCOFF ROAD||WALL|||GARDEN STATE PRECAST||||7719.0|NC|||||||||||||||||||||||||||||||||||||||||||||||||||||WALL||NJ|327331|Concrete Block and Brick Manufacturing|||||||||||17.33||||MAINTENANCE WORKER|Level I|37-2011.00|Janitors and Cleaners, Except Maids and Housekeeping Cleaners|OES|||hr|||||||||||||||||||||||||||||||||||||||||||||Advanced Mfg|17.33|17.33|hr|||
||||PERM|A-08247-83629|||Denied|EWI||ECUADOR|2012-02-16|315 CONGRESSIONAL DRIVE||MORGANVILLE|||JEANNIE SCHUSTER||||7751.0|NJ|||||||||||||||||||||||||||||||||||||||||||||||||||||MORGANVILLE||NJ|||||||||||||||||||39-9099.99|Personal Care and Service Workers, All Other|OES|||||||||||||||||||||||||||||||||||||||||||||||||11.85||hr|||
||||PERM|A-08254-85569|||Denied|||IRAN|2011-11-17|10130-B COLVIN RUN ROAD||GREAT FALLS|||ANA VISAGE, LTD||||22066.0|VA|||||||||||||||||||||||||||||||||||||||||||||||||||||Great Falls||VA|81219|Other Personal Care Services|||||||||||41517.0||||Executive Secretaries and Administrative Assistants|Level II|43-6011.00|Executive Secretaries and Administrative Assistants|OES|||yr|||||||||||||||||||||||||||||||||||||||||||||Other Economic Sector|41517.0||yr|||
||||PERM|A-08255-86138|||Certified|H-1B||PHILIPPINES|2011-11-04|19483 PRUNERIDGE AVENUE|M/S 4206|CUPERTINO|||HEWLETT-PACKARD COMPANY||||95014.0|CA|||||||||||||||||||||||||||||||||||||||||||||||||||||Boise||ID|334111|Electronic Computer Manufacturing|||||||||||37149.0||||Market Research Analysts|Level I|19-3021.00|Market Research Analysts|OES|||yr|||||||||||||||||||||||||||||||||||||||||||||Advanced Mfg|75000.0||yr|||
||||PERM|A-08259-87626|||Denied|||PAKISTAN|2012-02-16|73-15 MAIN  STREET||FLUSHING|||AIRPLUS CONTRACTING INC.||||11367.0|NY|||||||||||||||||||||||||||||||||||||||||||||||||||||FLUSHING||NY|562211|Hazardous Waste Treatment and Disposal|||||||||||21.86||||CARPENTERS|Level II|47-2031.00|Carpenters|OES|||hr|||||||||||||||||||||||||||||||||||||||||||||Other Economic Sector|21.86||hr|||
||||PERM|A-08260-88111|||Denied|EWI||ECUADOR|2011-10-06|1027 OLD MEDFORD AVENUE||FARMINGVILLE|||S.M.C CONCRETE||||11738.0|NY|||||||||||||||||||||||||||||||||||||||||||||||||||||FARMINGVILLE||NY|23|Construction|||||||||||11.75||||Brickmasons and Blockmasons|Level I|47-2021.00|Brickmasons and Blockmasons|OES|||hr|||||||||||||||||||||||||||||||||||||||||||||Construction|11.75||hr|||
||||PERM|A-08264-89308|||Denied|H-1B||PHILIPPINES|2011-10-27|200 HOSPITAL AVE||JEFFERSON|||ASHE MEMORIAL HOSPITAL, INC||||28644.0|NC|||||||||||||||||||||||||||||||||||||||||||||||||||||Jefferson||NC|622110|General Medical and Surgical Hospitals|||||||||||17.55||||Medical Technologist|Level I|29-2011.00|Medical and Clinical Laboratory Technologists|OES|||hr|||||||||||||||||||||||||||||||||||||||||||||Health Care|20.34||hr|||
||||PERM|A-08267-89752|||Denied|H-2B||MEXICO|2012-02-16|8420 HIGHWAY 14||RANCHESTER|||PADLOCK RANCH||||82839.0|WY|||||||||||||||||||||||||||||||||||||||||||||||||||||RANCHESTER||WY|||||||||||||||||||45-2093.00|Farmworkers, Farm and Ranch Animals|Other|||||||||||||||||||||||||||||||||||||||||||||||||27000.0||yr|||
||||PERM|A-08267-89878|||Certified|H-1B||CHINA|2011-12-22|3 POLARIS WAY||ALISO VIEJO|||FLUOR ENTERPRISES, INC.||||92698.0|CA|||||||||||||||||||||||||||||||||||||||||||||||||||||Aliso Viejo||CA|23|Construction|||||||||||90669.0||||Civil Engineers||17-2051.00|Civil Engineers|Other|||yr|||||||||||||||||||||||||||||||||||||||||||||Construction|90669.0||yr|||
||||PERM|A-08270-91040|||Certified|H-1B||INDIA|2011-12-19|929 NORTH FRONT STREET||WILMINGTON|||PPD DEVELOPMENT, LP||||28401.0|NC|||||||||||||||||||||||||||||||||||||||||||||||||||||Austin||TX|541710||||||||||||93662.0||||Computer Systems Analysts|Level IV|15-1051.00|Computer Systems Analysts|OES|||yr||||||||||||||||||||||||||||||||||||||||||||||93662.0||yr|||
||||PERM|A-08276-92533|||Denied|H-1B||CAMEROON|2011-11-17|1211 MCGEE||KANSAS CITY|||KANSAS CITY #33 SCHOOL DISTRICT||||64106.0|MO|||||||||||||||||||||||||||||||||||||||||||||||||||||Kansas City||MO|611110|Elementary and Secondary Schools|||||||||||47523.0||||Elementary School Teachers, Except Special Education|Level I|25-2021.00|Elementary School Teachers, Except Special Education|CBA|||yr|||||||||||||||||||||||||||||||||||||||||||||Educational Services|59034.0||yr|||
||||PERM|A-08276-92560|||Denied|EWI||MEXICO|2012-02-14|600 IRVINGTON AVENUE||HILLSIDE|||CLS GROUP INC.||||7205.0|NJ|||||||||||||||||||||||||||||||||||||||||||||||||||||HILLSIDE||NJ|238160|Roofing Contractors|||||||||||24.4||||MANAGER / ROOFER|Level I|47-1011.00|First-Line Supervisors/Managers of Construction Trades and Extraction Workers|OES|||hr|||||||||||||||||||||||||||||||||||||||||||||Construction|24.4||hr|||
||||PERM|A-08280-93353|||Denied|TPS||EL SALVADOR|2012-02-16|200 MIDDLE NECK ROAD||GREAT NECK|||CAFE RUSTICA||||11021.0|NY|||||||||||||||||||||||||||||||||||||||||||||||||||||GREAT NECK||NY|722110|Full-Service Restaurants|||||||||||13.42||||COOK|Level III|35-2014.00|Cooks, Restaurant|Other|||hr|||||||||||||||||||||||||||||||||||||||||||||Hospitality|13.42|14.0|hr|||
||||PERM|A-08280-93404|||Certified-Expired|H-1B||INDIA|2011-10-25|3901 CASTLE HAYNE ROAD||WILMINGTON|||GE-HITACHI NUCLEAR ENERGY AMERICAS, LLC||||28402.0|NC|||||||||||||||||||||||||||||||||||||||||||||||||||||Wilmington||NC|541690|Other Scientific and Technical Consulting Services|||||||||||119954.0||||Computer and Information Systems Manager|Level IV|11-3021.00|Computer and Information Systems Managers|OES|||yr|||||||||||||||||||||||||||||||||||||||||||||Other Economic Sector|119954.0|180000.0|yr|||
||||PERM|A-08280-93430|||Denied|F-1||SOUTH KOREA|2011-10-25|5425 BUFORD HWY.||DORAVILLE|||HANGBOK, INC.||||30340.0|GA|||||||||||||||||||||||||||||||||||||||||||||||||||||Doraville||GA|722110|Full-Service Restaurants|||||||||||24107.0||||Cook, Restaurant|Level IV|35-2014.00|Cooks, Restaurant|OES|||yr|||||||||||||||||||||||||||||||||||||||||||||Hospitality|24107.0||yr|||
||||PERM|A-08284-94914|||Denied|EWI||ECUADOR|2011-10-13|36 ALONA DRIVE||MAHOPAC|||GT INDUSTRIES, INC||||10541.0|NY|||||||||||||||||||||||||||||||||||||||||||||||||||||Mahopac||NY|236220|Commercial and Institutional Building Construction|||||||||||21.01||||Construction Carpenters|Level II|47-2031.01|Construction Carpenters|Other|||hr|||||||||||||||||||||||||||||||||||||||||||||Construction|21.01||hr|||
||||PERM|A-08284-95050|||Denied|||JAMAICA|2011-10-14|351 KILORIN ROAD||WATERTOWN|||B & F CONSTRUCTION CO.||||6795.0|CT|||||||||||||||||||||||||||||||||||||||||||||||||||||WATERTOWN||CT|||||||||||||||||||47-2031.00|Carpenters|OES|||||||||||||||||||||||||||||||||||||||||||||||||20.92||hr|||
||||PERM|A-08288-95794|||Certified-Expired|H-1B||SOUTH KOREA|2011-10-04|19483 PRUNERIDGE AVENUE|M/S 4206|CUPERTINO|||HEWLETT-PACKARD COMPANY||||95014.0|CA|||||||||||||||||||||||||||||||||||||||||||||||||||||Palo Alto||CA|334111|Electronic Computer Manufacturing|||||||||||91312.0||||Computer and Information Scientists, Research|Level I|15-1011.00|Computer and Information Scientists, Research|OES|||yr|||||||||||||||||||||||||||||||||||||||||||||Advanced Mfg|105000.0||yr|||
||||PERM|A-08288-95916|||Denied|||MEXICO|2011-11-01|27830 S. 11 MILE CORNER RD.||ELOY|||STAMBAUGH FARMS||||85231.0|AZ|||||||||||||||||||||||||||||||||||||||||||||||||||||ELOY||AZ|111920|Cotton Farming|||||||||||7.04||||AGRICULTURAL EQUIPMENT OPERATORS|Level I|45-2091.00|Agricultural Equipment Operators|OES|||hr|||||||||||||||||||||||||||||||||||||||||||||Agribusiness|7.25|7.25|hr|||
||||PERM|A-08291-96775|||Certified-Expired|L-1||JAPAN|2011-10-06|3000 N. GRANDVIEW BLVD.||WAUKESHA|||GE MEDICAL SYSTEMS, LLC||||53188.0|WI|||||||||||||||||||||||||||||||||||||||||||||||||||||Waukesha||WI|334510|Electromedical and Electrotherapeutic Apparatus Manufacturing|||||||||||63419.0||||Computer Software Engineers, Systems Software|Level II|15-1032.00|Computer Software Engineers, Systems Software|OES|||yr|||||||||||||||||||||||||||||||||||||||||||||Advanced Mfg|67925.0||yr|||
||||PERM|A-08291-96813|||Denied|H-1B||PHILIPPINES|2012-03-13|50-20 67 STREET||WOODSIDE|||QUALITY RECRUITMENT & PLACEMENT SERVICES||||11377.0|NY|||||||||||||||||||||||||||||||||||||||||||||||||||||Flushing||NY|561310||||||||||||27.0||||Medical Technologist|Level IV|||OES|||hr||||||||||||||||||||||||||||||||||||||||||||||27.0||hr|||
||||PERM|A-08291-96847|||Certified|L-1||INDIA|2011-11-17|19483 PRUNERIDGE AVENUE|M/S 4206|CUPERTINO|||HEWLETT-PACKARD COMPANY||||95014.0|CA|||||||||||||||||||||||||||||||||||||||||||||||||||||Houston||TX|334111|Electronic Computer Manufacturing|||||||||||96512.0||||Computer Software Engineers, Applications|Level IV|15-1031.00|Computer Software Engineers, Applications|OES|||yr|||||||||||||||||||||||||||||||||||||||||||||Advanced Mfg|96512.0||yr|||
||||PERM|A-08291-97042|||Certified-Expired|H-1B||MEXICO|2011-10-25|3000 N. GRANDVIEW BLVD.||WAUKESHA|||GE MEDICAL SYSTEMS, LLC||||53188.0|WI|||||||||||||||||||||||||||||||||||||||||||||||||||||Waukesha||WI|334510|Electromedical and Electrotherapeutic Apparatus Manufacturing|||||||||||46218.0||||Operations Research Analysts|Level I|15-2031.00|Operations Research Analysts|OES|||yr|||||||||||||||||||||||||||||||||||||||||||||Advanced Mfg|47000.0|92000.0|yr|||
||||PERM|A-06353-92851|||Certified|H-1B||INDIA|2011-12-16|1304 WEST WALNUT HILL LANE, SUITE 240||IRVING|||THE SHAMS GROUP||||75038.0|TX|||||||||||||||||||||||||||||||||||||||||||||||||||||Irving||TX|541512|Computer Systems Design Services|||||||||||41516.0||||Operations Research Analysts|Level I|15-2031.00|Operations Research Analysts|OES|||yr|||||||||||||||||||||||||||||||||||||||||||||IT|41516.0||yr|||
||||PERM|A-07004-96978|||Certified|B-1||EL SALVADOR|2012-01-30|4915 RICHMOND TAPPAHANNOCK HWY STE A||AYLETT|||VINNY'S ITALIAN GRILL||||23009.0|VA|||||||||||||||||||||||||||||||||||||||||||||||||||||AYLETT||VA|7221|Full-Service Restaurants|||||||||||10.7||||COOKS, RESTARUANT|Level IV|35-2014.00|Cooks, Restaurant|OES|||hr|||||||||||||||||||||||||||||||||||||||||||||Hospitality|10.7||hr|||
||||PERM|A-07165-46663|||Denied|H-1B||CANADA|2011-12-01|800 CENTENNIAL AVENUE||PISCATAWAY|||GE HEALTHCARE BIOSCIENCES CORP.||||8855.0|NJ|||||||||||||||||||||||||||||||||||||||||||||||||||||Pleasanton||CA|334510|Electromedical and Electrotherapeutic Apparatus Manufacturing|||||||||||108160.0||||Sales Representatives, Wholesale and Manufacturing, Technical and Scientific Products|Level IV|41-4011.00|Sales Representatives, Wholesale and Manufacturing, Technical and Scientific Products|OES|||yr|||||||||||||||||||||||||||||||||||||||||||||Advanced Mfg|108200.0||yr|||
||||PERM|A-07213-62416|||Certified|H-1B||INDIA|2011-12-29|48 SUMMERS AVENUE||WEST LONG BRANCH|||BAMM INC||||7764.0|NJ|||||||||||||||||||||||||||||||||||||||||||||||||||||West Long Branch||NJ|541511|Custom Computer Programming Services|||||||||||47.69||||Computer Systems Analysts|Level IV|15-1051.00|Computer Systems Analysts|OES|||hr|||||||||||||||||||||||||||||||||||||||||||||IT|47.69||hr|||
||||PERM|A-07237-69481|||Certified|H-1B||INDIA|2012-01-09|24035 THREE NOTCH ROAD||HOLLYWOOD|||SHAH ASSOCIATES, MD, LLC||||20636.0|MD|||||||||||||||||||||||||||||||||||||||||||||||||||||Hollywood||MD|62111|Offices of Physicians|||||||||||138362.0||||Internists, General|Level II|29-1063.00|Internists, General|OES|||yr|||||||||||||||||||||||||||||||||||||||||||||Health Care|140000.0||yr|||
||||PERM|A-07239-69694|||Certified|H-1B||INDONESIA|2011-12-07|2828 NORTH HASKELL AVENUE||DALLAS|||AFFILIATED COMPUTER SERVICES, INC. AND IT SUBSIDIARIES AND AFFILIATES||||75204.0|TX|||||||||||||||||||||||||||||||||||||||||||||||||||||Dallas||TX|541511|Custom Computer Programming Services|||||||||||73424.0||||Division Controller|Level IV|13-2011.01|Accountants|OES|||yr|||||||||||||||||||||||||||||||||||||||||||||IT|73424.0||yr|||
||||PERM|A-07257-75661|||Denied|EWI||MEXICO|2012-03-23|684 LEXINGTON AVENUE||NEW YORK|||SHERWOOD FINE LTD||||10022.0|NY|||||||||||||||||||||||||||||||||||||||||||||||||||||NEW YORK||NY|722211|Limited-Service Restaurants|||||||||||10.41||||FOOD PREPARATION WORKERS|Level III|35-2021.00|Food Preparation Workers|OES|||hr|||||||||||||||||||||||||||||||||||||||||||||Hospitality|10.5|12.0|hr|||
||||PERM|A-07264-77890|||Certified|L-1||SWEDEN|2011-11-03|1000 WESTINGHOUSE DRIVE||CRANBERRY TOWNSHIP|||WESTINGHOUSE ELECTRIC COMPANY||||16066.0|PA|||||||||||||||||||||||||||||||||||||||||||||||||||||Monroeville||PA|54133|Engineering Services|||||||||||79019.0||||Nuclear Engineer|Level II|17-2161.00|Nuclear Engineers|OES|||yr|||||||||||||||||||||||||||||||||||||||||||||Aerospace|90000.0||yr|||
||||PERM|A-07270-79789|||Denied|H-1B||SWEDEN|2011-11-29|14 PENN PLAZA|SUITE 1105|NEW YORK|||BUSINESS MANAGEMENT INTERNATIONAL INC||||10122.0|NY|||||||||||||||||||||||||||||||||||||||||||||||||||||New York||NY|541511|Custom Computer Programming Services|||||||||||81078.0||||Computer Software Engineers, Systems Software|Level II|15-1032.00|Computer Software Engineers, Systems Software|OES|||yr|||||||||||||||||||||||||||||||||||||||||||||IT|81078.0||yr|||
||||PERM|A-07299-89765|||Denied|||PORTUGAL|2011-10-05|71 RAILROAD AVENUE||RONKONKOMA|||A-PLUS MASONRY, INC.||||11779.0|NY|||||||||||||||||||||||||||||||||||||||||||||||||||||RONKONKOMA||NY|238140|Masonry Contractors|||||||||||23.53||||STONEMASONS|Level II|47-2022.00|Stonemasons|OES|||hr|||||||||||||||||||||||||||||||||||||||||||||Construction|23.53||hr|||
||||PERM|A-07311-93198|||Certified|||INDIA|2011-12-01|3410 HILLVIEW AVENUE||PALO ALTO|||SAP LABS, LLC||||94304.0|CA|||||||||||||||||||||||||||||||||||||||||||||||||||||Newtown Square||PA|54151|Computer Systems Design and Related Services|||||||||||90646.0||||Computer Software Engineers, Applications|Level IV|15-1031.00|Computer Software Engineers, Applications|OES|||yr|||||||||||||||||||||||||||||||||||||||||||||IT|93550.0||yr|||
||||PERM|A-08296-98212|||Denied|B-1||COLOMBIA|2012-02-16|740 WEST END, # 31||NEW YORK|||SCOTT JEFFREY COHEN||||10025.0|NY|||||||||||||||||||||||||||||||||||||||||||||||||||||NEW YORK||NY|814110|Private Households|||||||||||12.26||||HOUSEKEEPER, HOME-LIVE OUT|Level II|37-2012.00|Maids and Housekeeping Cleaners|Other|||hr|||||||||||||||||||||||||||||||||||||||||||||Other Economic Sector|12.4|13.0|hr|||
||||PERM|A-08298-99062|||Withdrawn|||BRAZIL|2011-10-20|1730 SOUTH AMPHLETT BLVD|SUITE 300|SAN MATEO|||MOBILE COMPLETE||||94402.0|CA|||||||||||||||||||||||||||||||||||||||||||||||||||||San Mateo||CA|54151|Computer Systems Design and Related Services|||||||||||118435.0||||Computer and Information Systems Manager|Level II|11-3021.00|Computer and Information Systems Managers|OES|||yr|||||||||||||||||||||||||||||||||||||||||||||IT|118435.0||yr|||
||||PERM|A-08301-99632|||Denied|H-1B||INDIA|2011-12-09|ONE HSBC CENTER||BUFFALO|||HSBC BANK USA, N.A.||||14203.0|NY|||||||||||||||||||||||||||||||||||||||||||||||||||||Mettawa||IL|522110|Commercial Banking|||||||||||50669.0||||Credit Analysts|Level II|13-2041.00|Credit Analysts|OES|||yr|||||||||||||||||||||||||||||||||||||||||||||Finance|103000.0||yr|||
||||PERM|A-08305-01526|||Denied|||MEXICO|2011-11-17|P.O. BOX 242|710  BOWENS MILL  RD.  SE|DOUGLAS|||COFFEE AUTO & RADIATOR||||31533.0|GA|||||||||||||||||||||||||||||||||||||||||||||||||||||DOUGLAS||GA|811111|General Automotive Repair|||||||||||11.02||||AUTOMOTIVE TECHNICIAN AND REPAIRER|Level II|||OES|||hr|||||||||||||||||||||||||||||||||||||||||||||Automotive|13.0||hr|||
||||PERM|A-08309-02134|||Certified|EWI||MEXICO|2011-11-14|PO BOX 3130|625 E WHITE MTN BLVD|PINETOP|||MARTINEZ MANAGEMENT, INC.||||85935.0|AZ|||||||||||||||||||||||||||||||||||||||||||||||||||||Snowflake||AZ|722211|Limited-Service Restaurants|||||||||||8.92||||First-Line Supervisors/Managers of Food Preparation and Serving Workers|Level I|35-1012.00|First-Line Supervisors/Managers of Food Preparation and Serving Workers|OES|||hr|||||||||||||||||||||||||||||||||||||||||||||Hospitality|10.5||hr|||
||||PERM|A-08310-02671|||Denied|||PHILIPPINES|2011-10-14|122 MORVEN PARK ROAD NW||LEESBURG|||HERITAGE HALL NURSING & REHABILITATION||||20176.0|VA|||||||||||||||||||||||||||||||||||||||||||||||||||||Leesburg||VA|||||||||||||||||||31-1012.00|Nursing Aides, Orderlies, and Attendants|OES|||||||||||||||||||||||||||||||||||||||||||||||||11.5||hr|||
||||PERM|A-08318-05127|||Certified-Expired|H-1B||INDIA|2011-10-07|2 FOLSOM STREET||SAN FRANCISCO|||GAP INC.||||94105.0|CA|||||||||||||||||||||||||||||||||||||||||||||||||||||San Bruno||CA|315|Apparel Manufacturing|||||||||||101254.0||||Computer SW Engineers, Applications|Level III|15-1031.00|Computer Software Engineers, Applications|OES|||yr|||||||||||||||||||||||||||||||||||||||||||||Advanced Mfg|101254.0||yr|||
||||PERM|A-08318-05168|||Certified-Expired|||PAKISTAN|2011-10-17|1600 OHLEN RD.||AUSTIN|||EXPERT ENTERPRISES, INC.||||78758.0|TX|||||||||||||||||||||||||||||||||||||||||||||||||||||AUSTIN||TX|44512|Convenience Stores|||||||||||84926.0||||SALES MANAGER|Level II|11-2022.00|Sales Managers|OES|||yr|||||||||||||||||||||||||||||||||||||||||||||Retail|84926.0||yr|||
||||PERM|A-08319-05713|||Denied|H-1B||INDIA|2011-10-17|19483 PRUNERIDGE AVENUE|M/S 4206|CUPERTINO|||HEWLETT-PACKARD COMPANY||||95014.0|CA|||||||||||||||||||||||||||||||||||||||||||||||||||||Houston||TX|334111|Electronic Computer Manufacturing|||||||||||39874.0||||Auditors|Level I|13-2011.02|Auditors|OES|||yr|||||||||||||||||||||||||||||||||||||||||||||Advanced Mfg|60120.0||yr|||
||||PERM|A-08319-05779|||Certified|F-1||CHINA|2012-01-19|703 AMRON AVENUE||ANTIGO|||WAUKESHA BEARINGS CORPORATION||||54409.0|WI|||||||||||||||||||||||||||||||||||||||||||||||||||||Pewaukee||WI|33411|Computer and Peripheral Equipment Manufacturing|||||||||||30.82||||Product Development Engineer|Level III|17-2141.00|Mechanical Engineers|Other|||hr|||||||||||||||||||||||||||||||||||||||||||||Advanced Mfg|30.88||hr|||
||||PERM|A-08319-05869|||Denied|L-1||CANADA|2011-11-15|ONE MICROSOFT WAY||REDMOND|||MICROSOFT CORPORATION||||98052.0|WA|||||||||||||||||||||||||||||||||||||||||||||||||||||Redmond||WA|5415|Computer Systems Design and Related Services|||||||||||94203.0||||Computer Software Eng, Systems Softw|Level III|15-1032.00|Computer Software Engineers, Systems Software|OES|||yr|||||||||||||||||||||||||||||||||||||||||||||IT|125580.0||yr|||
||||PERM|A-08322-06232|||Denied|B-1||INDIA|2012-02-16|827 CHERRY AVENUE||CHARLOTTESVILLE|||DHARMA ENTERPRISE INC.||||22903.0|VA|||||||||||||||||||||||||||||||||||||||||||||||||||||CHARLOTTESVILLE||VA|452990|All Other General Merchandise Stores|||||||||||44845.0||||STORE MANAGER|Level IV|41-1011.00|First-Line Supervisors/Managers of Retail Sales Workers|OES|||yr|||||||||||||||||||||||||||||||||||||||||||||Retail|44845.0||yr|||
||||PERM|A-08323-06892|||Certified-Expired|H-1B||MEXICO|2011-10-24|5221 N.O'CONNOR BLVD, SUITE 850||IRVING|||LATINO COMMUNICATIONS CORPORATION||||75039.0|TX|||||||||||||||||||||||||||||||||||||||||||||||||||||Irving||TX|517|Telecommunications|||||||||||140878.0||||Chief Executive|Level II|11-1011.00|Chief Executives|OES|||yr|||||||||||||||||||||||||||||||||||||||||||||IT|140878.0||yr|||
||||PERM|A-08325-07733|||Certified-Expired|H-1B||INDIA|2011-10-07|6363 SOUTH FIDDLER'S GREEN CIRCLE|SUITE 1400|GREENWOOD VILLAGE|||CIBER, INC.||||80111.0|CO|||||||||||||||||||||||||||||||||||||||||||||||||||||Greenwood Village||CO|541512|Computer Systems Design Services|||||||||||34.92||||Lotus Notes Web Developer (Systems Analyst)|Level III|15-1051.00|Computer Systems Analysts|OES|||hr|||||||||||||||||||||||||||||||||||||||||||||IT|34.92|50.48|hr|||
||||PERM|A-08326-08188|||Denied|C-1||TURKEY|2011-10-04|313 NIXON DR,||IMMOKALEE|||ABYE BABY KOUNTRY KITCHEN||||34142.0|FL|||||||||||||||||||||||||||||||||||||||||||||||||||||Immokalee||FL|722110|Full-Service Restaurants|||||||||||50003.0||||Restaurant Manager|Level II|11-9051.00|Food Service Managers|OES|||yr|||||||||||||||||||||||||||||||||||||||||||||Hospitality|50500.0||yr|||
||||PERM|A-08330-08993|||Denied|EWI||MEXICO|2011-10-20|2588 BRIDGE AVE.||ALBERT LEA|||PLAZA MORENA RESTAURANT INC.||||56007.0|MN|||||||||||||||||||||||||||||||||||||||||||||||||||||ALBERT LEA||MN|722110|Full-Service Restaurants|||||||||||14.5||||FOOD SERVICE MANAGER|Level II|11-9051.00|Food Service Managers|OES|||hr|||||||||||||||||||||||||||||||||||||||||||||Hospitality|14.5||hr|||
||||PERM|A-08331-09735|||Denied|H-1B||INDIA|2011-12-06|27700 HILLIARD BLVD||WESTLAKE|||CITY OFWESTLAKE, OHIO||||44145.0|OH|||||||||||||||||||||||||||||||||||||||||||||||||||||Westlake||OH|921110|Executive Offices|||||||||||68744.0||||Software Engineer, Systems Software|Level II|15-1031.00|Computer Software Engineers, Applications|OES|||yr|||||||||||||||||||||||||||||||||||||||||||||Other Economic Sector|68744.0||yr|||
||||PERM|A-08331-09808|||Certified-Expired|H-1B||CHINA|2011-10-20|1 ENTERPRISE||ALISO VIEJO|||MICROSEMI CORPORATION||||92656.0|CA|||||||||||||||||||||||||||||||||||||||||||||||||||||Garden Grove||CA|334413|Semiconductor and Related Device Manufacturing|||||||||||42.42||||Electronic Engineers|Level III|17-2072.00|Electronics Engineers, Except Computer|OES|||hr|||||||||||||||||||||||||||||||||||||||||||||Advanced Mfg|42.42||hr|||
||||PERM|A-08336-10229|||Denied|||TRINIDAD AND TOBAGO|2011-10-26|40 WEST 25TH ST., 12TH FLR.||NEW YORK|||FLY COMMUNICATIONS, INC.||||10010.0|NY|||||||||||||||||||||||||||||||||||||||||||||||||||||New York||NY|541430|Graphic Design Services|||||||||||20.47||||Commercial and Industrial Designers|Level I|27-1021.00|Commercial and Industrial Designers|OES|||hr|||||||||||||||||||||||||||||||||||||||||||||Other Economic Sector|50000.0||yr|||
||||PERM|A-08339-11458|||Denied|EWI||GUATEMALA|2011-10-11|11 THEATER CENTER||SPARTA|||FRANK'S PIZZA AT SPARTA, INC.||||7871.0|NJ|||||||||||||||||||||||||||||||||||||||||||||||||||||Sparta||NJ|722110|Full-Service Restaurants|||||||||||11.82||||Cook|Level III|35-2014.00|Cooks, Restaurant|OES|||hr|||||||||||||||||||||||||||||||||||||||||||||Hospitality|11.82||hr|||
||||PERM|A-08343-12017|||Denied|B-1||BANGLADESH|2012-02-16|3731 NORTHCREST RD||ATLANTA|||LITTCO HOTEL & RESTAURANT SUPPLY||||30340.0|GA|||||||||||||||||||||||||||||||||||||||||||||||||||||ATLANTA||GA||||||||||||||||||||||||||||||||||||||||||||||||||||||||||||||||||||||11.0|11.5|hr|||
||||PERM|A-08344-12339|||Denied|F-1||RUSSIA|2012-02-14|3514 MERMAID AVE, SUITE 003,||BROOKLYN|||FIRST CLASS PHYSICAL THERAPY, PC||||11224.0|NY|||||||||||||||||||||||||||||||||||||||||||||||||||||BROOKLYN||NY|621111|Offices of Physicians (except Mental Health Specialists)|||||||||||60.29||||MEDICAL AND HEALTH SERVICES MANAGER|Level IV|11-9111.00|Medical and Health Services Managers|Other|||hr|||||||||||||||||||||||||||||||||||||||||||||Health Care|60.29|60.29|hr|||
||||PERM|A-08344-12366|||Denied|||JAPAN|2012-01-24|30 MARTIN LUTHER KING BOULEVARD||SAVANNAH|||YOSHIMITO, INC. DBA SUSHI-ZEN JAPANESE RESTAURANT||||31401.0|GA|||||||||||||||||||||||||||||||||||||||||||||||||||||SAVANNAH||GA|722110|Full-Service Restaurants|||||||||||10.31||||JAPANESE SPECIALTY COOK|Level IV|35-2014.00|Cooks, Restaurant|OES|||hr|||||||||||||||||||||||||||||||||||||||||||||Hospitality|10.5||hr|||
||||PERM|A-08346-13198|||Denied|B-1||MONGOLIA|2012-03-07|9030 W SAHARA|#668|LV|||TRIUMPH PROPERTY MANAGEMENT CORP.||||89117.0|NV|||||||||||||||||||||||||||||||||||||||||||||||||||||LAS VEGAS||NV|531110|Lessors of Residential Buildings and Dwellings|||||||||||15.01||||BOOKKEEPING, ACCOUNTING, Auditing clerks|Level III|43-3031.00|Bookkeeping, Accounting, and Auditing Clerks|OES|||hr|||||||||||||||||||||||||||||||||||||||||||||Other Economic Sector|16.0|20.0|hr|||
||||PERM|A-08347-13759|||Certified|H-1B||INDIA|2011-11-18|1251 AVENUE OF THE AMERICAS|52ND FLOOR|NEW YORK|||MOORE CAPITAL MANAGEMENT, LP||||10020.0|NY|||||||||||||||||||||||||||||||||||||||||||||||||||||New York||NY|523110|Investment Banking and Securities Dealing|||||||||||136989.0||||Financial Analysts|Level IV|13-2051.00|Financial Analysts|OES|||yr|||||||||||||||||||||||||||||||||||||||||||||Finance|160000.0||yr|||
||||PERM|A-08351-14351|||Withdrawn|H-1B||INDIA|2011-11-22|ONE HSBC CENTER||BUFFALO|||HSBC BANK USA, N.A.||||14203.0|NY|||||||||||||||||||||||||||||||||||||||||||||||||||||Salinas||CA|522110|Commercial Banking|||||||||||34.09||||Financial Analysts|Level II|13-2051.00|Financial Analysts|OES|||hr|||||||||||||||||||||||||||||||||||||||||||||Finance|80101.0||yr|||
||||PERM|A-08352-14847|||Certified-Expired|EWI||EL SALVADOR|2011-11-02|318 WENDE WAY||GLEN BURNIE|||LR REFRIGERATION , LLC||||21061.0|MD|||||||||||||||||||||||||||||||||||||||||||||||||||||GLEN BURNIE||MD|238220|Plumbing, Heating, and Air-Conditioning Contractors|||||||||||14.33||||HEATING & AIR CONDITIONING MECHANICS|Level I|49-9021.01|Heating and Air Conditioning Mechanics|OES|||hr|||||||||||||||||||||||||||||||||||||||||||||Construction|14.33||hr|||
||||PERM|A-08353-15254|||Denied|Not in USA||SOUTH KOREA|2012-02-13|1229 OLD DORSEY RD.||HARMANS|||JR SEPTIC SERVICES, INC.||||21077.0|MD|||||||||||||||||||||||||||||||||||||||||||||||||||||Harmans||MD|23|Construction|||||||||||10.42||||Earth Mover|Level I|47-2061.00|Construction Laborers|OES|||hr|||||||||||||||||||||||||||||||||||||||||||||Construction|11.0||hr|||
||||PERM|A-08353-15262|||Certified-Expired|||ECUADOR|2011-10-24|31 EMERSON PLAZA EAST||EMERSON|||CHENG INVESTMENTS, INC. DBA THE NEW EMERSON HOTEL||||7630.0|NJ|||||||||||||||||||||||||||||||||||||||||||||||||||||EMERSON||NJ|722110|Full-Service Restaurants|||||||||||15.6||||COOK-RESTAURANT|Level IV|35-2014.00|Cooks, Restaurant|OES|||hr|||||||||||||||||||||||||||||||||||||||||||||Hospitality|16.0||hr|||
||||PERM|A-08353-15371|||Denied|EWI||BANGLADESH|2011-10-24|15806 N.W. BLVD.||ROBSTOWN|||SHAHZ BROTHERS INC.||||78380.0|TX|||||||||||||||||||||||||||||||||||||||||||||||||||||ROBSTOWN||TX|447110|Gasoline Stations with Convenience Stores|||||||||||26690.0||||MANAGER|Level I|41-1011.00|First-Line Supervisors/Managers of Retail Sales Workers|OES|||yr|||||||||||||||||||||||||||||||||||||||||||||Retail|26700.0||yr|||
||||PERM|A-08353-15426|||Certified|H-1B||MEXICO|2011-12-14|1319 NEW SUNNYBROOK||TYLER|||TYLER ISD||||75701.0|TX|||||||||||||||||||||||||||||||||||||||||||||||||||||Tyler||TX|611110|Elementary and Secondary Schools|||||||||||32810.0||||Elementary School Teacher|Level I|25-2021.00|Elementary School Teachers, Except Special Education|OES|||yr|||||||||||||||||||||||||||||||||||||||||||||Educational Services|38000.0||yr|||
||||PERM|A-08354-15600|||Certified|H-1B||SPAIN|2011-12-14|1319 NEW SUNNYBROOK||TYLER|||TYLER ISD||||75701.0|TX|||||||||||||||||||||||||||||||||||||||||||||||||||||Tyler||TX|611110|Elementary and Secondary Schools|||||||||||32810.0||||Elementary School Teacher|Level I|25-2021.00|Elementary School Teachers, Except Special Education|OES|||yr|||||||||||||||||||||||||||||||||||||||||||||Educational Services|38000.0||yr|||
||||PERM|A-08354-15603|||Withdrawn|H-1B||MOROCCO|2011-11-07|2775 CRUSE RD, SUITE 2502||LAWRENCEVILLE|||VIGNA INC||||30044.0|GA|||||||||||||||||||||||||||||||||||||||||||||||||||||LAWRENCEVILLE||GA|541511|Custom Computer Programming Services|||||||||||59176.0||||SOFTWARE ENGINEER|Level I|15-1031.00|Computer Software Engineers, Applications|OES|||yr|||||||||||||||||||||||||||||||||||||||||||||IT|60000.0||yr|||
||||PERM|A-08359-16750|||Denied|H-1B||PHILIPPINES|2011-11-30|130 RYAN INDUSTRIAL COURT|SUITE # 114|SAN RAMON|||ALLSOFT TECHNOLOGIES, INC.||||94583.0|CA|||||||||||||||||||||||||||||||||||||||||||||||||||||Santa Clara||CA|541511|Custom Computer Programming Services|||||||||||45.83||||Software Engineer|Level II|15-1032.00|Computer Software Engineers, Systems Software|OES|||hr|||||||||||||||||||||||||||||||||||||||||||||IT|46.0||hr|||
||||PERM|A-08364-16848|||Denied|EWI||BRAZIL|2011-11-29|146 ANDOVER ST||BRIDGEPORT|||A ROYAL FLUSH||||6605.0|CT|||||||||||||||||||||||||||||||||||||||||||||||||||||Bridgeport||CA|562991|Septic Tank and Related Services|||||||||||18.28||||Sept Tank Cleaner|Level I|47-4071.00|Septic Tank Servicers and Sewer Pipe Cleaners|OES|||hr|||||||||||||||||||||||||||||||||||||||||||||Other Economic Sector|19.0||hr|||
||||PERM|A-08364-16914|||Certified-Expired|H-1B||MEXICO|2011-10-31|229 ARNOLD MILL RD|SUITE 100|WOODSTOCK|||MEDICAL IMAGING SOLUTIONS GROUP||||30188.0|GA|||||||||||||||||||||||||||||||||||||||||||||||||||||Woodstock||GA|811219|Other Electronic and Precision Equipment Repair and Maintenance|||||||||||74755.0||||Purchasing Manager|Level II|11-3061.00|Purchasing Managers|OES|||yr|||||||||||||||||||||||||||||||||||||||||||||Other Economic Sector|74800.0||yr|||
||||PERM|A-08366-17436|||Denied|H-1B||INDIA|2011-10-27|545 E JOHN CARPENTER FWY|STE 1600|IRVING|||USMLEWORLD, LLC||||75062.0|TX|||||||||||||||||||||||||||||||||||||||||||||||||||||Towson||MD|541511|Custom Computer Programming Services|||||||||||96117.0||||Software Engineer|Level III|15-1031.00|Computer Software Engineers, Applications|OES|||yr|||||||||||||||||||||||||||||||||||||||||||||IT|96117.0|96117.0|yr|||
||||PERM|A-09006-18173|||Denied|||MEXICO|2011-10-03|376 BRADHURST AVENUE||HAWTHORNE|||MOON CITGO INC.||||10532.0|NY|||||||||||||||||||||||||||||||||||||||||||||||||||||HAWTHORNE||NY|424720|Petroleum and Petroleum Products Merchant Wholesalers (except Bulk Stations and Terminals)|||||||||||14.86||||MAINTENANCE AND REPAIR WORKERS, GENERAL|Level II|49-9042.00|Maintenance and Repair Workers, General|OES|||hr|||||||||||||||||||||||||||||||||||||||||||||Other Economic Sector|14.86||hr|||
||||PERM|A-09007-18575|||Denied|H-1B||INDIA|2011-12-14|1010 JOHNSON DR||BUFFALO GROVE|||VAPOR BUS INTERNATIONAL||||60089.0|IL|||||||||||||||||||||||||||||||||||||||||||||||||||||Buffalo Grove||IL|541330|Engineering Services|||||||||||59987.0||||Software Quality Assurance Engineer|Level II|15-1099.01|Software Quality Assurance Engineers and Testers|OES|||yr|||||||||||||||||||||||||||||||||||||||||||||Aerospace|59987.0||yr|||
||||PERM|A-09007-18596|||Denied|TN||CANADA|2011-10-19|10819 GILROY ROAD||HUNT VALLEY|||PHARMACEUTICS INTERNATIONAL, INCORPORATED||||21031.0|MD|||||||||||||||||||||||||||||||||||||||||||||||||||||Hunt Valley||MD|325412|Pharmaceutical Preparation Manufacturing|||||||||||58781.0||||Chemists|Level II|19-2031.00|Chemists|OES|||yr|||||||||||||||||||||||||||||||||||||||||||||Advanced Mfg|58781.0||yr|||
||||PERM|A-09008-19044|||Denied|F-1||SOUTH KOREA|2011-12-01|3530 WILSHIRE BLVD. #1300||LOS ANGELES|||KOUSA USA, INC||||90010.0|CA|||||||||||||||||||||||||||||||||||||||||||||||||||||Los Angeles||CA|541810|Advertising Agencies|||||||||||26.91||||Art Director|Level I|27-1011.00|Art Directors|OES|||hr|||||||||||||||||||||||||||||||||||||||||||||Other Economic Sector|27.0||hr|||
||||PERM|A-09008-19148|||Denied|B-2||PHILIPPINES|2011-11-17|2530 E. AMAR RD.||WEST COVINA|||SALO-SALO GRILL||||91792.0|CA|||||||||||||||||||||||||||||||||||||||||||||||||||||WEST COVINA||CA|722110|Full-Service Restaurants|||||||||||23.66||||SOUS CHEF|Level IV|35-1011.00|Chefs and Head Cooks|OES|||hr|||||||||||||||||||||||||||||||||||||||||||||Hospitality|23.66||hr|||
||||PERM|A-09009-19507|||Withdrawn|H-1B||UNITED STATES OF AMERICA|2011-11-04|80 RIVER STREET|FOURTH FLOOR|HOBOKEN|||MINDLANCE, INC||||7030.0|NJ|||||||||||||||||||||||||||||||||||||||||||||||||||||HOBOKEN||NJ|541511|Custom Computer Programming Services|||||||||||42.19||||Computer Software Engineers, Systems Software|Level II|15-1032.00|Computer Software Engineers, Systems Software|OES|||hr|||||||||||||||||||||||||||||||||||||||||||||IT|88000.0||yr|||
||||PERM|A-09012-19630|||Certified|H-1B||NIGERIA|2011-11-03|5901 PALISADE AVENUE||RIVERDALE|||THE HEBREW HOME FOR THE AGED AT RIVERDALE||||10471.0|NY|||||||||||||||||||||||||||||||||||||||||||||||||||||RIVERDALE||NY|623110|Nursing Care Facilities|||||||||||20.2||||COMPUTER SPECIALISTS, ALL OTHER|Level I|15-1099.04|Web Developers|OES|||hr|||||||||||||||||||||||||||||||||||||||||||||Health Care|36764.0|42900.0|yr|||
||||PERM|A-09012-19875|||Certified|H-1B||INDIA|2011-12-12|ONE AT&T PLAZA|208 S. AKARD STREET|DALLAS|||AT&T, INC., AND ALL OF ITS SUBSIDIARIES AND AFFILIATES||||75202.0|TX|||||||||||||||||||||||||||||||||||||||||||||||||||||Durham||NC|51721|Wireless Telecommunications Carriers (except Satellite)|||||||||||85488.0||||Computer Software Engineers, Systems Software|Level II|15-1032.00|Computer Software Engineers, Systems Software|OES|||yr|||||||||||||||||||||||||||||||||||||||||||||IT|85488.0||yr|||
||||PERM|A-09012-19921|||Certified|B-2||BOLIVIA|2011-11-18|4207 INDEPENDENCE ST||ROCKVILLE|||KANTUTAS RESTAURANT,LLC.||||20853.0|MD|||||||||||||||||||||||||||||||||||||||||||||||||||||Wheaton||MD|722110|Full-Service Restaurants|||||||||||16.04||||Chefs and Head Cooks|Level II|35-1011.00|Chefs and Head Cooks|OES|||hr|||||||||||||||||||||||||||||||||||||||||||||Hospitality|16.04|16.04|hr|||
||||PERM|A-09013-20308|||Certified|H-1B||INDIA|2012-03-01|2828 NORTH HASKELL AVENUE||DALLAS|||AFFILIATED COMPUTER SERVICES, INC. AND IT SUBSIDIARIES AND AFFILIATES||||75204.0|TX|||||||||||||||||||||||||||||||||||||||||||||||||||||Dallas||TX|541511|Custom Computer Programming Services|||||||||||96221.0||||Computer Systems Analysts|Level IV|15-1051.00|Computer Systems Analysts|OES|||yr|||||||||||||||||||||||||||||||||||||||||||||IT|108000.0||yr|||
||||PERM|A-09014-20804|||Certified|H-1B||PHILIPPINES|2011-11-28|ONE AT&T PLAZA|208 S. AKARD STREET|DALLAS|||AT&T, INC., AND ALL OF ITS SUBSIDIARIES AND AFFILIATES||||75202.0|TX|||||||||||||||||||||||||||||||||||||||||||||||||||||Atlanta||GA|51721|Wireless Telecommunications Carriers (except Satellite)|||||||||||86944.0||||Network & Computer Systems Administrators|Level IV|15-1071.00|Network and Computer Systems Administrators|OES|||yr|||||||||||||||||||||||||||||||||||||||||||||IT|94572.0||yr|||
||||PERM|A-09016-21356|||Denied|||MEXICO|2011-10-18|2918 W. HWY 80||DOUGLAS|||VERTREES STEEL FABRICATION, INC.||||85607.0|AZ|||||||||||||||||||||||||||||||||||||||||||||||||||||Douglas||AZ|332312|Fabricated Structural Metal Manufacturing|||||||||||11.73||||Structural & Steel Worker|Level I|47-2221.00|Structural Iron and Steel Workers|OES|||hr|||||||||||||||||||||||||||||||||||||||||||||Advanced Mfg|11.75|11.75|hr|||
||||PERM|A-09016-21364|||Withdrawn|H-1B||AUSTRIA|2011-11-02|ONE MICROSOFT WAY||REDMOND|||MICROSOFT CORPORATION||||98052.0|WA|||||||||||||||||||||||||||||||||||||||||||||||||||||Redmond||WA|51121|Software Publishers|||||||||||105893.0||||Computer Software Engineers, Systems Software|Level IV|15-1032.00|Computer Software Engineers, Systems Software|OES|||yr|||||||||||||||||||||||||||||||||||||||||||||IT|124446.0||yr|||
||||PERM|A-09016-21425|||Certified-Expired|||JAPAN|2011-10-25|120 CHARLOTTE PLACE||ENGLEWOOD CLIFFS|||K. WANG & CO.||||7632.0|NJ|||||||||||||||||||||||||||||||||||||||||||||||||||||Englewood Cliffs||NJ|541211|Offices of Certified Public Accountants|||||||||||31.54||||Accountants|Level II|13-2011.01|Accountants|OES|||hr|||||||||||||||||||||||||||||||||||||||||||||Finance|65603.0||yr|||
||||PERM|A-09016-21537|||Denied|H-1B||INDIA|2011-10-25|ONE MICROSOFT WAY||REDMOND|||MICROSOFT CORPORATION||||98052.0|WA|||||||||||||||||||||||||||||||||||||||||||||||||||||Redmond||WA|5415|Computer Systems Design and Related Services|||||||||||55890.0||||Computer Specialists, All Other|Level II|15-1099.99|Computer Specialists, All Other|OES|||yr|||||||||||||||||||||||||||||||||||||||||||||IT|99425.0||yr|||
||||PERM|A-09020-22022|||Denied|H-1B||INDIA|2011-12-14|252 TOWNE VILLAGE DR||CARY|||INFOMERICA, INC||||27513.0|NC|||||||||||||||||||||||||||||||||||||||||||||||||||||Cary||NC|541519|Other Computer Related Services|||||||||||74048.0||||Computer Software Engineer|Level II|15-1032.00|Computer Software Engineers, Systems Software|OES|||yr|||||||||||||||||||||||||||||||||||||||||||||IT|74048.0||yr|||
||||PERM|A-09021-22363|||Denied|||MEXICO|2012-02-17|3071 PEDREGAL DR||PRESCOTT|||AUTUMN BLAZE CONSTRUCTION, LLC||||86305.0|AZ|||||||||||||||||||||||||||||||||||||||||||||||||||||PRESCOTT||AZ|2361|Residential Building Construction|||||||||||15.89||||SEGMENTAL PAVER INSTALLER|Level I|47-4099.99|Construction and Related Workers, All Other|OES|||hr|||||||||||||||||||||||||||||||||||||||||||||Construction|20.0||hr|||
||||PERM|A-09021-22406|||Denied|||MEXICO|2012-02-16|3071 PEDREGAL DR||PRESCOTT|||AUTUMN BLAZE CONSTRUCTION, LLC||||86305.0|AZ|||||||||||||||||||||||||||||||||||||||||||||||||||||Prescott||AZ|2361|Residential Building Construction|||||||||||15.89||||Segmental Paver Installer|Level I|47-4099.99|Construction and Related Workers, All Other|OES|||hr|||||||||||||||||||||||||||||||||||||||||||||Construction|16.0||hr|||
||||PERM|A-09022-22801|||Certified|H-4||ISRAEL|2012-02-07|4250 HEMPSTEAD TPKE||BETHPAGE|||MICHAEL GITLIN D.D.S., P.C.||||11714.0|NY|||||||||||||||||||||||||||||||||||||||||||||||||||||Bethpage||NY|621210|Offices of Dentists|||||||||||39.11||||Administrative Services Managers|Level II|11-3011.00|Administrative Services Managers|Other|||hr|||||||||||||||||||||||||||||||||||||||||||||Health Care|40.0||hr|||
||||PERM|A-09022-22945|||Certified-Expired|||CANADA|2011-10-19|8761 VAN NUYS BLVD||PANORAMA CITY|||B. DEIRMENJIAN DDS, INC||||91402.0|CA|||||||||||||||||||||||||||||||||||||||||||||||||||||Panorama City||CA|621210|Offices of Dentists|||||||||||41.99||||Financial Manager|Level II|11-3031.01|Treasurers, Controllers, and Chief Financial Officers|OES|||hr|||||||||||||||||||||||||||||||||||||||||||||Health Care|41.99||hr|||
||||PERM|A-09028-24162|||Denied|Not in USA||POLAND|2012-01-11|84 WILLOWBROOK AVE||STAMFORD|||CENTURY CONSTRUCTION INC||||6902.0|CT|||||||||||||||||||||||||||||||||||||||||||||||||||||Stamford||CT|23|Construction|||||||||||13.53||||Cabinet Maker|Level II|51-7011.00|Cabinetmakers and Bench Carpenters|OES|||hr|||||||||||||||||||||||||||||||||||||||||||||Construction|13.53||hr|||
||||PERM|A-09028-24306|||Denied|||MEXICO|2011-12-01|691 N. MAIN||CLEARFIELD|||WATSON MANAGEMENT, INC. DBA MCDONALD'S||||84015.0|UT|||||||||||||||||||||||||||||||||||||||||||||||||||||Clearfield||UT|722110|Full-Service Restaurants|||||||||||14.73||||Shift Manager|Level III|35-1012.00|First-Line Supervisors/Managers of Food Preparation and Serving Workers|OES|||hr|||||||||||||||||||||||||||||||||||||||||||||Hospitality|14.73|14.73|hr|||
||||PERM|A-09030-24767|||Denied|E-2||ITALY|2012-02-08|359 CLAY ROAD||SUNNYVALE|||AMERICAN MARAZZI TILE, INC.||||75182.0|TX|||||||||||||||||||||||||||||||||||||||||||||||||||||Hickory||NC|327122|Ceramic Wall and Floor Tile Manufacturing|||||||||||79934.0||||Sales Managers|Level II|11-2022.00|Sales Managers|OES|||yr|||||||||||||||||||||||||||||||||||||||||||||Advanced Mfg|85000.0||yr|||
||||PERM|A-09030-24939|||Denied|H-1B||CANADA|2012-02-29|475 SANSOME STREET|SUITE 700|SAN FRANCISCO|||A2Z DEVELOPMENT CENTER, INC||||94111.0|CA|||||||||||||||||||||||||||||||||||||||||||||||||||||Tempe||AZ|454111|Electronic Shopping|||||||||||71802.0||||Computer Software Engineers, Applications|Level III|15-1031.00|Computer Software Engineers, Applications|OES|||yr|||||||||||||||||||||||||||||||||||||||||||||Retail|121400.0||yr|||
||||PERM|A-09034-25500|||Denied|F-1||POLAND|2011-10-17|214 COLD SPRING RD.,||STAMFORD|||E.R. COPPER ROOF SPECIALIST||||6905.0|CT|||||||||||||||||||||||||||||||||||||||||||||||||||||Stamford||CT|23|Construction|||||||||||19.59||||roof specialist|Level IV|47-2181.00|Roofers|OES|||hr|||||||||||||||||||||||||||||||||||||||||||||Construction|19.59||hr|||
||||PERM|A-09035-25632|||Denied|B-1||PHILIPPINES|2011-10-25|2403 EARLY RIVERS PLACE||UNION CITY|||ZENAIDA M. CARPIO||||94587.0|CA|||||||||||||||||||||||||||||||||||||||||||||||||||||UNION CITY||CA|814110|Private Households|||||||||||9.4||||PERSONAL AND HOMECARE AIDES|Level I|39-9021.00|Personal and Home Care Aides|OES|||hr|||||||||||||||||||||||||||||||||||||||||||||Other Economic Sector|9.4||hr|||
||||PERM|A-09035-25841|||Certified-Expired|J-1||INDIA|2011-10-14|P.O. BOX 601||MEDIA|||LIFE BEYOND ABUSE, INC.||||19063.0|PA|||||||||||||||||||||||||||||||||||||||||||||||||||||MEDIA||PA|624190|Other Individual and Family Services|||||||||||24939.0||||CHILD, FAMILY, AND SCHOOL SOCIAL WORKERS|Level I|21-1021.00|Child, Family, and School Social Workers|OES|||yr|||||||||||||||||||||||||||||||||||||||||||||Other Economic Sector|24939.0||yr|||
||||PERM|A-09037-26289|||Denied|B-2||BRAZIL|2011-10-18|644 ANDERSON HILL ROAD||PURCHASE|||PERDIKARIS CONSTANTINE DEVELOPERS INC.||||10577.0|NY|||||||||||||||||||||||||||||||||||||||||||||||||||||Purchase||NY|236118|Residential Remodelers|||||||||||20.63||||Executive Secretaries & Adm. Assistants|Level II|43-6011.00|Executive Secretaries and Administrative Assistants|OES|||hr|||||||||||||||||||||||||||||||||||||||||||||Construction|21.0||hr|||
||||PERM|A-09041-26827|||Denied|H-1B||CANADA|2011-10-06|1423 GADSDEN HWY|SUITE 105|BIRMINGHAM|||NEWELL CHIROPRACTIC INC DBA DISCOVER CHIROPRACTIC||||35235.0|AL|||||||||||||||||||||||||||||||||||||||||||||||||||||Birmingham||AL|621310|Offices of Chiropractors|||||||||||93018.0||||Doctor of Chiropractic|Level I|29-1011.00|Chiropractors|OES|||yr|||||||||||||||||||||||||||||||||||||||||||||Health Care|95000.0||yr|||
||||PERM|A-09042-27184|||Certified-Expired|H-1B||INDIA|2011-10-04|3215 VANBORINE PLACE|SUITE B|ELLICOTT CITY|||RESOURCESYS, INC||||21042.0|MD|||||||||||||||||||||||||||||||||||||||||||||||||||||Columbia||MD|541511|Custom Computer Programming Services|||||||||||114566.0||||Computer Software Engineers, Applications|Level IV|15-1031.00|Computer Software Engineers, Applications|OES|||yr|||||||||||||||||||||||||||||||||||||||||||||IT|114566.0||yr|||
||||PERM|A-09042-27253|||Certified|H-1B||INDIA|2011-11-04|ONE AT&T PLAZA|208 S. AKARD STREET|DALLAS|||AT&T, INC., AND ALL OF ITS SUBSIDIARIES AND AFFILIATES||||75202.0|TX|||||||||||||||||||||||||||||||||||||||||||||||||||||Redmond||WA|51721|Wireless Telecommunications Carriers (except Satellite)|||||||||||107640.0||||Computer Software Engineers, Applications|Level IV|15-1031.00|Computer Software Engineers, Applications|OES|||yr|||||||||||||||||||||||||||||||||||||||||||||IT|107640.0||yr|||
||||PERM|A-09043-27667|||Denied|||MEXICO|2011-10-06|17 PERRY STREET||NEW YORK|||MINOR BIRD INC.||||10004.0|NY|||||||||||||||||||||||||||||||||||||||||||||||||||||New York||NY|722110|Full-Service Restaurants|||||||||||13.59||||cooks, restaurant|Level III|35-2014.00|Cooks, Restaurant|OES|||hr|||||||||||||||||||||||||||||||||||||||||||||Hospitality|13.59||hr|||
||||PERM|A-09044-27832|||Denied|H-1B||ARGENTINA|2011-10-05|17863 103RD. TERRACE||NORTH JUPITER|||LIDONNI NURSERY||||33478.0|FL|||||||||||||||||||||||||||||||||||||||||||||||||||||NORTH JUPITER||FL|561730|Landscaping Services|||||||||||4543.0||||OPERATIONS MANAGER|Level I|11-1021.00|General and Operations Managers|OES|||mth|||||||||||||||||||||||||||||||||||||||||||||Other Economic Sector|4800.0||mth|||
||||PERM|A-09047-28070|||Denied|H-1B||PHILIPPINES|2011-10-25|14201 SCHOOL LANE|ROOM 107|UPPER MARLBORO|||PRINCE GEORGE'S COUNTY PUBLIC SCHOOLS||||20772.0|MD|||||||||||||||||||||||||||||||||||||||||||||||||||||Upper Marlboro||MD|611110|Elementary and Secondary Schools|||||||||||47663.0||||Pre-K Early Childhood Teacher||25-2011.00|Preschool Teachers, Except Special Education|CBA|||yr|||||||||||||||||||||||||||||||||||||||||||||Educational Services|47663.0|89054.0|yr|||
||||PERM|A-09047-28120|||Denied|H-1B||PHILIPPINES|2011-12-23|14201 SCHOOL LANE|ROOM 107|UPPER MARLBORO|||PRINCE GEORGE'S COUNTY PUBLIC SCHOOLS||||20772.0|MD|||||||||||||||||||||||||||||||||||||||||||||||||||||Fort Washington||MD|611110|Elementary and Secondary Schools|||||||||||43481.0||||Middle School Mathematics Teacher||25-2022.00|Middle School Teachers, Except Special and Vocational Education|CBA|||yr|||||||||||||||||||||||||||||||||||||||||||||Educational Services|43481.0|80436.0|yr|||
||||PERM|A-09051-29262|||Denied|H-1B||SOUTH KOREA|2011-12-13|250 POND STREET||BRAINTREE|||FS PATRIOT LLC, DBA BRAINTREE REHAB HOSPITAL||||2184.0|MA|||||||||||||||||||||||||||||||||||||||||||||||||||||Braintree||MA|6214|Outpatient Care Centers|||||||||||23.32||||Speech Language Pathologist|Level I|29-1127.00|Speech-Language Pathologists|OES|||hr|||||||||||||||||||||||||||||||||||||||||||||Health Care|23.32|24.48|hr|||
||||PERM|A-09054-29578|||Withdrawn|F-1||CHINA|2012-01-09|6951 EXECUTIVE WAY|SUITE 100|FREDERICK|||SABIOSCIENCES CORPORATION||||21703.0|MD|||||||||||||||||||||||||||||||||||||||||||||||||||||Frederick||MD|325414|Biological Product (except Diagnostic) Manufacturing|||||||||||20.96||||Market Research Analysts|Level I|19-3021.00|Market Research Analysts|Other|||hr|||||||||||||||||||||||||||||||||||||||||||||Advanced Mfg|22.25||hr|||
||||PERM|A-09056-30001|||Denied|||MEXICO|2011-10-05|754  FOURTH  STREET||SOMERS POINT|||CASA BLANCA CONSTRUCTION||||8244.0|NJ|||||||||||||||||||||||||||||||||||||||||||||||||||||SOMERS POINT||NJ|236220|Commercial and Institutional Building Construction|||||||||||21.83||||CONSTRUCTION LABORER|Level III|47-2061.00|Construction Laborers|OES|||hr|||||||||||||||||||||||||||||||||||||||||||||Construction|21.83|21.83|hr|||
||||PERM|A-09056-30267|||Certified|O-1||JAPAN|2011-11-09|300 ROSE AVENUE||VENICE|||DIGITAL DOMAIN, INC.||||90291.0|CA|||||||||||||||||||||||||||||||||||||||||||||||||||||Venice||CA|541430|Graphic Design Services|||||||||||82867.0||||Multi-media Artists & Animators|Level III|27-1014.00|Multi-Media Artists and Animators|OES|||yr|||||||||||||||||||||||||||||||||||||||||||||Other Economic Sector|123500.0|160500.0|yr|||
||||PERM|A-09058-30615|||Certified|H-1B||IRELAND|2011-12-08|1251 AVENUE OF THE AMERICAS|52ND FLOOR|NEW YORK|||MOORE CAPITAL MANAGEMENT, LP||||10020.0|NY|||||||||||||||||||||||||||||||||||||||||||||||||||||New York||NY|523110|Investment Banking and Securities Dealing|||||||||||124155.0||||Sales Agents, Securities and Commodities|Level III|41-3031.01|Sales Agents, Securities and Commodities|OES|||yr|||||||||||||||||||||||||||||||||||||||||||||Finance|200000.0||yr|||
||||PERM|A-09058-30808|||Certified|H-1B||BULGARIA|2011-11-10|300 ROSE AVENUE||VENICE|||DIGITAL DOMAIN, INC.||||90291.0|CA|||||||||||||||||||||||||||||||||||||||||||||||||||||Venice||CA|541430|Graphic Design Services|||||||||||82867.0||||Multi-media Artists & Animators|Level III|27-1014.00|Multi-Media Artists and Animators|OES|||yr|||||||||||||||||||||||||||||||||||||||||||||Other Economic Sector|123500.0|160500.0|yr|||
||||PERM|A-09063-31668|||Certified-Expired|H-1B||EGYPT|2011-10-24|522 E. AIRLINE WAY||GARDENA,|||MINAKO AMERICA CORPORATION, DBA: MINCO||||90248.0|CA|||||||||||||||||||||||||||||||||||||||||||||||||||||Gardena||CA|23|Construction|||||||||||39458.0||||Accountants|Level I|13-2011.01|Accountants|OES|||yr|||||||||||||||||||||||||||||||||||||||||||||Construction|39520.0||yr|||
||||PERM|A-09063-31791|||Certified-Expired|H-1B||INDIA|2011-10-04|25772 KINGSLAND BLVD SUITE 208||KATY|||SAPOT SYSTEMS INC||||77494.0|TX|||||||||||||||||||||||||||||||||||||||||||||||||||||Katy||TX|541511|Custom Computer Programming Services|||||||||||72426.0||||Computer Software Engineers, Applications|Level I|15-1031.00|Computer Software Engineers, Applications|OES|||yr|||||||||||||||||||||||||||||||||||||||||||||IT|72426.0||yr|||
||||PERM|A-09064-31823|||Certified-Expired|B-2||PHILIPPINES|2011-10-27|11400 POPLAR STREET||LOMA LINDA|||ICOBO, INC. DBA EXCELCARE||||92354.0|CA|||||||||||||||||||||||||||||||||||||||||||||||||||||LOMA LINDA||CA|623312|Homes for the Elderly|||||||||||11.78||||NURSING AIDES, ORDERLIES AND ATTENDANTS|Level III|31-1012.00|Nursing Aides, Orderlies, and Attendants|OES|||hr|||||||||||||||||||||||||||||||||||||||||||||Health Care|25000.0||yr|||
||||PERM|A-09064-32082|||Certified-Expired|H-1B||IRELAND|2011-10-06|801 MCLEAN AVENUE||YONKERS|||BRICKENS CONSTRUCTION INC||||10704.0|NY|||||||||||||||||||||||||||||||||||||||||||||||||||||Yonkers||NY|238190|Other Foundation, Structure, and Building Exterior Contractors|||||||||||26.68||||Civil Engineers|Level I|17-2051.00|Civil Engineers|Other|||hr|||||||||||||||||||||||||||||||||||||||||||||Construction|26.68|44.67|hr|||
