018-502-725;STRATA;210706830012;21070683;C-2;Commercial;;LMS1111;301;12;302;3981;FRASER ST;V5V 4E5;0 SHARE IN COM PROP THEREIN.;301  NEW WESTMINSTER UNDIV 833/1000;LOT 12  PLAN LMS1111  DISTRICT LOT;;;269000;155000;2018;157000;201000;1994;1994;1046.55;015;2018
011-673-265;STRATA;646163970023;64616397;FM-1;Multiple Family Dwelling;;VAS2215;526;23;;2251;ASH ST;V5Z 4J8;STRICT| TOGETHER WITH AN INTEREST I;CT LOT 526| NEW WESTMINSTER LAND DI;STRATA LOT 23| PLAN VAS2215| DISTRI;N THE COMMON PROPERTY IN PROPORTION;TO THE UNIT ENTITLEMENT OF THE STR;781000;129000;2018;133000;648000;1988;1988;1807.59;007;2018
007-685-025;LAND;640030970000;64003097;RM-3A;Multiple Family Dwelling;D;15261;538;;;1985;WALLACE ST;V6R 4H4;;38  NEW WESTMINSTER;BLOCK D  PLAN 15261  DISTRICT LOT 5;;;52879000;21993000;2018;18806000;47280000;1975;1975;4859.0;001;2018
023-410-787;STRATA;592134050261;59213405;CD-1 (316);Comprehensive Development;;LMS2371;541;261;2301;438;SEYMOUR ST;V6B 6H4;7 SHARE IN COM PROP THEREIN.;541  NEW WESTMINSTER UNDIV 45/1586;LOT 261  PLAN LMS2371  DISTRICT LOT;;;351000;149000;2018;151000;293000;1996;1996;1245.28;026;2018
009-996-460;LAND;811232320000;81123232;RS-1;One Family Dwelling;21;VAP8672;;6;;1578;58TH AVE E;V5P 2C2;;GROUP 1| OF LOT 3| & BLK 22.;LOT 6  BLOCK 21  PLAN VAP8672  NWD;;;1553000;162000;2018;44100;1545000;1954;2001;4180.79;017;2018
019-182-911;STRATA;156602080254;15660208;DD;Comprehensive Development;;LMS1863;541;254;1908;838;HAMILTON ST;V6B 6A2;484 SHARE IN COM PROP THEREIN.;541  NEW WESTMINSTER UNDIV 307/127;LOT 254  PLAN LMS1863  DISTRICT LOT;;;34200;89100;2018;90100;20300;1995;1995;304.35;029;2018
010-929-193;LAND;306770020000;30677002;C-2;Commercial;36;6270;37;A;;3304;KINGSWAY;V5R 5K7;;T LOT 37  NEW WESTMINSTER;LOT A  BLOCK 36  PLAN 6270  DISTRIC;;;7637000;12300;2018;12300;6216000;1966;1983;87195.6;024;2018
030-418-364;STRATA;319718020058;31971802;CD-1 (545);Comprehensive Development;;EPS4621;36;58;602;5470;ORMIDALE ST;;NTEREST IN THE COMMON PROPERTY IN P;36  NWD GROUP 1| TOGETHER WITH AN I;LOT 58  PLAN EPS4621  DISTRICT LOT;ROPORTION TO THE UNIT ENTITLEMENT O;F THE STRATA LOT AS SHOWN ON FORM V;74958;223232;2018;;;;;714.07;023;2018
030-418-402;STRATA;319718020062;31971802;CD-1 (545);Comprehensive Development;;EPS4621;36;62;706;5470;ORMIDALE ST;;NTEREST IN THE COMMON PROPERTY IN P;36  NWD GROUP 1| TOGETHER WITH AN I;LOT 62  PLAN EPS4621  DISTRICT LOT;ROPORTION TO THE UNIT ENTITLEMENT O;F THE STRATA LOT AS SHOWN ON FORM V;81477;242643;2018;;;;;776.16;023;2018
015-383-539;LAND;636120220000;63612022;IC-1;Light Industrial;228;VAP590;526;A;;1774;2ND AVE W;V6J 1H6;;RICT LOT 526  NEW WESTMINSTER;LOT A  BLOCK 228  PLAN VAP590  DIST;;;4923000;20700;2018;29100;3938000;1965;1970;54020.3;007;2018
030-437-709;STRATA;638184430061;63818443;M-2;Industrial;;EPS4932;FC;61;804;1688;PULLMAN PORTER ST;;NTEREST IN THE COMMON PROPERTY IN P;FC  NWD GROUP 1| TOGETHER WITH AN I;LOT 61  PLAN EPS4932  DISTRICT LOT;ROPORTION TO THE UNIT ENTITLEMENT O;F THE STRATA LOT AS SHOWN ON FORM V;;;;;;;;;013;2018
019-194-919;STRATA;590271460080;59027146;C-2C;Commercial;;LMS1880;THSL;80;324;2556;HASTINGS ST E;V5K 1Z3;IN THE COMMON PROPERTY IN PROPORTI;THSL  NWD TOGETHER WITH AN INTEREST;LOT 80  PLAN LMS1880  DISTRICT LOT;ON TO THE UNIT ENTITLEMENT OF THE S;TRATA LOT AS SHOWN ON FORM 1.;476000;118000;2018;86900;398000;1948;1980;1285.97;020;2018
016-779-665;STRATA;600115970035;60011597;CD-1 (227);Comprehensive Development;;VAS2801;185;35;1001;1415;GEORGIA ST W;V6G 3C8;IN THE COMMON PROPERTY IN PROPORTIO;185  NWD TOGETHER WITH AN INTEREST;LOT 35  PLAN VAS2801  DISTRICT LOT;N TO THE UNIT ENTITLEMENT OF THE ST;RATA LOT AS SHOWN ON FORM 1 OR V| A;696000;367000;2018;371000;707000;1990;1990;2623.75;026;2018
026-240-785;STRATA;718314940045;71831494;CD-1 (314);Comprehensive Development;;BCS1226;36;45;318;3638;VANNESS AVE;V5R 6H6;NTEREST IN THE COMMON PROPERTY IN P;36  NWD GROUP 1| TOGETHER WITH AN I;LOT 45  PLAN BCS1226  DISTRICT LOT;ROPORTION TO THE UNIT ENTITLEMENT O;F THE STRATA LOT AS SHOWN ON FORM V;279000;116000;2018;118000;197000;2005;2005;799.71;023;2018
024-574-449;STRATA;600117530034;60011753;CD-1 (260);Comprehensive Development;;LMS3963;185;34;604;1239;GEORGIA ST W;V6E 4R8;61 SHARE IN COM PROP THEREIN.;185  NEW WESTMINSTER UNDIV 816/2115;LOT 34  PLAN LMS3963  DISTRICT LOT;;;536000;232000;2018;234000;442000;1999;1999;1573.91;026;2018
006-936-032;LAND;694270390000;69427039;RS-1;One Family Dwelling;N;VAP11660;THSL;11;;2495;20TH AVE E;V5M 2T5;;AP11660  DISTRICT LOT THSL  NWD;LOT 11  BLOCK N  SECTION 45  PLAN V;;;1241000;64200;2018;66000;1254000;1951;1990;4574.58;022;2018
025-529-269;STRATA;138612930102;13861293;DD;Comprehensive Development;;BCS147;541;102;1104;1295;RICHARDS ST;V6B 1B7;SHARE IN COM PROP THEREIN.;541  NEW WESTMINSTER UNDIV 69/12158;LOT 102  PLAN BCS147  DISTRICT LOT;;;582000;237000;2018;240000;478000;2002;2002;1680.88;029;2018
007-823-665;LAND;705266270000;70526627;RS-1;One Family Dwelling;11;VAP705;741;D;;2225;27TH AVE E;V5N 2X1;32684L).;ICT LOT 741  NEW WESTMINSTER (SEE 5;LOT D  BLOCK 11  PLAN VAP705  DISTR;;;1400000;40500;2018;42200;1386000;1937;1965;4977.52;023;2018
003-933-229;STRATA;632124530216;63212453;FCCDD;Comprehensive Development;;VAS1291;3610;216;G07;1490;PENNYFARTHING DR;V6J 4Z3;18090 SHARE IN COM PROP THEREIN.;3610  NEW WESTMINSTER UNDIV 1207/1;LOT 216  PLAN VAS1291  DISTRICT LOT;;;874000;321000;2018;329000;702000;1986;1986;2949.57;007;2018
014-122-979;LAND;690026390000;69002639;RS-1;One Family Dwelling;163;VAP1969;540;13;;4363;16TH AVE W;V6R 3E6;;STRICT LOT 540  NWD OF LOT 4.;LOT 13  BLOCK 163  PLAN VAP1969  DI;;;2280000;57900;2018;58200;2340000;1941;1945;7137.54;001;2018
004-303-911;STRATA;607116080071;60711608;RM-5;Multiple Family Dwelling;;VAS1181;185;71;401;1350;COMOX ST;V6E 4E1;1 SHARE IN COM PROP THEREIN.;185  NEW WESTMINSTER UNDIV 560/4647;LOT 71  PLAN VAS1181  DISTRICT LOT;;;450000;78100;2018;81700;384000;1982;1982;1303.49;027;2018
025-756-206;STRATA;115573060155;11557306;CD-1 (312);Comprehensive Development;;BCS535;185;155;401;499;BROUGHTON ST;V6G 3K1;E PUBLIC HARBOUR OF BURRARD UNDIV 1;185  NEW WESTMINSTER GROUP 1| OF TH;LOT 155  PLAN BCS535  DISTRICT LOT;35/28615 SHARE IN COM PROP THEREIN.;;2940000;548000;2018;548000;2348000;2003;2003;7236.94;028;2018
029-877-083;STRATA;603162680427;60316268;CD-1 (520);Comprehensive Development;;EPS3602;FC;427;1956;38;SMITHE ST;V6B 0P3;INTEREST IN THE COMMON PROPERTY IN;FC  NWD GROUP 1| TOGETHER WITH AN;LOT 427  PLAN EPS3602  DISTRICT LOT;PROPORTION TO THE UNIT ENTITLEMENT;OF THE STRATA LOT AS SHOWN ON FORM;447000;265000;2018;266000;355000;2016;2016;1757.4;026;2018
017-867-321;STRATA;650138460013;65013846;C-3A;Commercial;;LMS474;526;13;510;1268;BROADWAY W;V6H 1G6;N THE COMMON PROPERTY IN PROPORTION;26  NWD TOGETHER WITH AN INTEREST I;LOT 13  PLAN LMS474  DISTRICT LOT 5;TO THE UNIT ENTITLEMENT OF THE STR;ATA LOT AS SHOWN ON FORM 1 OR V| AS;337000;159000;2018;163000;284000;1991;1991;1224.25;007;2018
005-347-858;STRATA;683150500008;68315050;RM-4;Multiple Family Dwelling;;VAS529;526;8;12;960;13TH AVE W;V5Z 1P3;THE COMMON PROPERTY IN PROPORTION;6  NWD TOGETHER WITH AN INTEREST IN;LOT 8  PLAN VAS529  DISTRICT LOT 52;TO THE UNIT ENTITLEMENT OF THE STRA;TA LOT AS SHOWN ON FORM 1 OR V| AS;804000;114000;2018;136000;700000;1977;1977;2265.86;007;2018
014-750-864;LAND;691153390000;69115339;RS-7;One Family Dwelling;497;VAP1308;472;10;;861;17TH AVE W;V5Z 1V3;;STRICT LOT 472  NEW WESTMINSTER;LOT 10  BLOCK 497  PLAN VAP1308  DI;;;2400000;721000;2018;758000;2365000;2004;2004;9230.46;009;2018
025-442-325;LAND;160604050000;16060405;DD;Comprehensive Development;;BCP125;FC;2;;939;BEATTY ST;V6Z 3C1;;NEW WESTMINSTER;LOT 2  PLAN BCP125  DISTRICT LOT FC;;;69256000;18348000;2018;16776000;56863000;2003;2003;220984.0;029;2018
023-971-282;LAND;712214270000;71221427;RS-1;One Family Dwelling;27;LMP35879;391;C;;939;26TH AVE E;V5V 2J3;;TRICT LOT 391  NEW WESTMINSTER;LOT C  BLOCK 27  PLAN LMP35879  DIS;;;1838000;470000;2018;429000;1875000;1998;1998;7776.01;016;2018
005-355-427;STRATA;650232240053;65023224;RM-4N;Multiple Family Dwelling;;VAS533;264A;53;309;1440;BROADWAY E;V5N 5P2;5273 SHARE IN COM PROP THEREIN.;64A  NEW WESTMINSTER AN UNDIV 671/3;LOT 53  PLAN VAS533  DISTRICT LOT 2;;;350000;62400;2018;63300;297000;1978;1978;831.14;014;2018
013-728-318;LAND;758278260000;75827826;RS-1;One Family Dwelling;2;VAP2484;336;3;;2710;45TH AVE E;V5R 3C2;;ICT LOT 336  NWD OF NE 1/4.;LOT 3  BLOCK 2  PLAN VAP2484  DISTR;;;1361000;248000;2018;253000;1326000;1992;1992;5300.43;024;2018
"019-186-410;STRATA;172592770171;17259277;CD-1 (265);Comprehensive Development;;LMS1872;;171;814;555;ABBOTT ST;V6B 6B8;REST IN THE COMMON PROPERTY IN PROP;""FALSE CREEK; TOGETHER WITH AN INTE"";LOT 171  PLAN LMS1872  NWD GROUP 1"|;ORTION TO THE UNIT ENTITLEMENT OF T;HE STRATA LOT AS SHOWN ON FORM 1 OR;420000;182000;2018;184000;336000;1995;1995;1485.9;026;2018
015-745-015;LAND;617114570000;61711457;RM-5A;Multiple Family Dwelling;52;VAP92;185;13;;1531;BEACH AVE;V6G 1Y5;;ICT LOT 185  NEW WESTMINSTER;LOT 13  BLOCK 52  PLAN VAP92  DISTR;;;9337000;8154000;2018;6168000;8510000;1964;1964;43975.3;027;2018
023-434-058;STRATA;640058090096;64005809;RM-4;Multiple Family Dwelling;;LMS2419;192;96;208;3083;4TH AVE W;V6K 1R5;2 SHARE IN COM PROP THEREIN.;192  NEW WESTMINSTER UNDIV 859/8702;LOT 96  PLAN LMS2419  DISTRICT LOT;;;523000;166000;2018;162000;456000;1996;1996;1700.63;002;2018
029-884-900;STRATA;638186850022;63818685;CD-1 (534);Comprehensive Development;;EPS3495;2037;22;305;111;1ST AVE E;V6A 0E9;HER WITH AN INTEREST IN THE COMMON;2037  NWD GROUP 1| & DL 200A| TOGET;LOT 22  PLAN EPS3495  DISTRICT LOT;PROPERTY IN PROPORTION TO THE UNIT;ENTITLEMENT OF THE STRATA LOT AS SH;370000;355000;2018;355000;267000;2016;2016;1789.49;013;2018
015-685-390;LAND;190589150000;19058915;DEOD;Comprehensive Development;9;VAP184;196;2;;307;MAIN ST;V6A 2S9;OOMS.;CT LOT 196  NEW WESTMINSTER VET'S R;LOT 2  BLOCK 9  PLAN VAP184  DISTRI;;;1229000;7700;2018;7700;1124000;1908;1960;7652.11;026;2018
029-392-420;STRATA;638186080048;63818608;CD-1 (522);Comprehensive Development;;EPS1801;200A;48;316;108;1ST AVE E;V5T 0E4;INTEREST IN THE COMMON PROPERTY IN;200A  NWD GROUP 1| TOGETHER WITH AN;LOT 48  PLAN EPS1801  DISTRICT LOT;PROPORTION TO THE UNIT ENTITLEMENT;OF THE STRATA LOT AS SHOWN ON FORM;484000;219000;2018;220000;411000;2014;2014;1735.18;013;2018
030-370-892;STRATA;275736950003;27573695;RM-7;Multiple Family Dwelling;;EPS4583;394;3;;2529;38TH AVE E;;NTEREST IN THE COMMON PROPERTY IN P;94  NWD GROUP 1| TOGETHER WITH AN I;LOT 3  PLAN EPS4583  DISTRICT LOT 3;ROPORTION TO THE UNIT ENTITLEMENT O;F THE STRATA LOT AS SHOWN ON FORM V;;;;;;;;;023;2018
030-509-807;LAND;190736930000;19073693;RM-3A;Multiple Family Dwelling;;EPP82101;638;1;;5299;MAIN ST;;DISTRICT;638| GROUP 1| NEW WESTMINSTER LAND;LOT 1| PLAN EPP82101| DISTRICT LOT;;;;;;;;;;;016;2018
030-460-077;STRATA;590217750099;59021775;CD-1 (561);;;EPS4557;181;99;664;955;HASTINGS ST E;;INTEREST IN THE COMMON PROPERTY IN;181  NWD GROUP 1| TOGETHER WITH AN;LOT 99  PLAN EPS4557  DISTRICT LOT;PROPORTION TO THE UNIT ENTITLEMENT;OF THE STRATA LOT AS SHOWN ON FORM;43022;192292;2018;;;;;570.61;013;2018
030-418-445;STRATA;319718020066;31971802;CD-1 (545);Comprehensive Development;;EPS4621;36;66;710;5470;ORMIDALE ST;;NTEREST IN THE COMMON PROPERTY IN P;36  NWD GROUP 1| TOGETHER WITH AN I;LOT 66  PLAN EPS4621  DISTRICT LOT;ROPORTION TO THE UNIT ENTITLEMENT O;F THE STRATA LOT AS SHOWN ON FORM V;81477;242643;2018;;;;;776.16;023;2018
030-290-341;STRATA;134608290028;13460829;DD;Comprehensive Development;;EPS4234;541;28;602;1111;SEYMOUR ST;V6B 0R2;INTEREST IN THE COMMON PROPERTY IN;541  NWD GROUP 1| TOGETHER WITH AN;LOT 28  PLAN EPS4234  DISTRICT LOT;PROPORTION TO THE UNIT ENTITLEMENT;OF THE STRATA LOT AS SHOWN ON FORM;344000;225000;2018;;;2017;2017;1404.45;029;2018
030-290-287;STRATA;134608290022;13460829;DD;Comprehensive Development;;EPS4234;541;22;502;1111;SEYMOUR ST;V6B 0R2;INTEREST IN THE COMMON PROPERTY IN;541  NWD GROUP 1| TOGETHER WITH AN;LOT 22  PLAN EPS4234  DISTRICT LOT;PROPORTION TO THE UNIT ENTITLEMENT;OF THE STRATA LOT AS SHOWN ON FORM;339000;225000;2018;;;2017;2017;1392.1;029;2018
030-426-286;STRATA;170825850247;17082585;CD-1 (577);;;EPS4185;311;247;1808;8189;CAMBIE ST;;INTEREST IN THE COMMON PROPERTY IN;311  NWD GROUP 1| TOGETHER WITH AN;LOT 247  PLAN EPS4185  DISTRICT LOT;PROPORTION TO THE UNIT ENTITLEMENT;OF THE STRATA LOT AS SHOWN ON FORM;247036;320730;2018;;;;;1272.14;012;2018
030-426-308;STRATA;170825850249;17082585;CD-1 (577);;;EPS4185;311;249;1901;8189;CAMBIE ST;;INTEREST IN THE COMMON PROPERTY IN;311  NWD GROUP 1| TOGETHER WITH AN;LOT 249  PLAN EPS4185  DISTRICT LOT;PROPORTION TO THE UNIT ENTITLEMENT;OF THE STRATA LOT AS SHOWN ON FORM;148948;193381;2018;;;;;767.04;012;2018
003-682-366;LAND;613113640000;61311364;RM-5A;Multiple Family Dwelling;63;VAP92;185;3;;1630;BURNABY ST;V6G 1X2;;CT LOT 185  NWD;LOT 3  BLOCK 63  PLAN VAP92  DISTRI;;;5836000;2260000;2018;1352000;4863000;1958;1958;17883.8;027;2018
030-290-147;STRATA;134608290008;13460829;DD;Comprehensive Development;;EPS4234;541;8;203;1111;SEYMOUR ST;V6B 0R2;NTEREST IN THE COMMON PROPERTY IN P;41  NWD GROUP 1| TOGETHER WITH AN I;LOT 8  PLAN EPS4234  DISTRICT LOT 5;ROPORTION TO THE UNIT ENTITLEMENT O;F THE STRATA LOT AS SHOWN ON FORM 1;441000;357000;2018;;;2017;2017;1969.68;029;2018
006-847-757;LAND;692272340000;69227234;RS-1;One Family Dwelling;0;VAP11660;THSL;5;;2530;18TH AVE E;V5M 2P5;MINSTER;P11660  DISTRICT LOT THSL  NEW WEST;LOT 5  BLOCK 0  SECTION 45  PLAN VA;;;1411000;18100;2018;18600;1425000;1947;1960;4648.32;022;2018
024-972-339;STRATA;664087570014;66408757;CD-1 (380);Comprehensive Development;;LMS4378;526;14;212;2655;CRANBERRY DR;V6K 4V5;E IN COMM PROP THEREIN TOGETHER WIT;526  NWD GROUP 1| UNDIV 87/7125 SHR;LOT 14  PLAN LMS4378  DISTRICT LOT;H AN INTEREST IN THE COMMON PROPERT;Y IN PROPORTION TO THE UNIT ENTITLE;589000;352000;2018;352000;413000;2000;2000;1971.33;002;2018
009-046-933;LAND;825156960000;82515696;RS-1;One Family Dwelling;A;VAP11557;311;10;;8207;ASH ST;V6P 3L9;;TRICT LOT 311  NEW WESTMINSTER;LOT 10  BLOCK A  PLAN VAP11557  DIS;;;2574000;52200;2018;52100;2346000;1964;1964;7861.02;012;2018
006-538-614;STRATA;640138060013;64013806;FM-1;Multiple Family Dwelling;;VAS1360;526;13;;1296;6TH AVE W;V6H 1A5;SHARE IN COM PROP THEREIN.;526  NEW WESTMINSTER UNDIV 97/1450;LOT 13  PLAN VAS1360  DISTRICT LOT;;;714000;226000;2018;201000;616000;1983;1983;2320.16;007;2018
028-130-421;STRATA;589119870028;58911987;CD-1 (363);Comprehensive Development;;BCS3699;;28;2607;1011;CORDOVA ST W;V6C 0B2;WITH AN INTEREST IN THE COMMON PRO;HARBOUR OF BURRARD INLET| TOGETHER;LOT 28  PLAN BCS3699  NWD OF PUBLIC;PERTY IN PROPORTION TO THE UNIT ENT;ITLEMENT OF THE STRATA LOT AS SHOWN;3085000;545000;2018;546000;2229000;2010;2010;7324.15;028;2018
029-256-003;STRATA;129614950031;12961495;CD-1 (503);Comprehensive Development;;EPS1290;541;31;607;1351;CONTINENTAL ST;V6Z 0C6;INTEREST IN THE COMMON PROPERTY IN;541  NWD GROUP 1| TOGETHER WITH AN;LOT 31  PLAN EPS1290  DISTRICT LOT;PROPORTION TO THE UNIT ENTITLEMENT;OF THE STRATA LOT AS SHOWN ON FORM;431000;378000;2018;380000;383000;2013;2013;1996.83;029;2018
028-314-948;STRATA;138602910005;13860291;CD-1 (442);Comprehensive Development;;BCS3925;541;5;;861;RICHARDS ST;V6B 3B4;NTEREST IN THE COMMON PROPERTY IN P;41  NWD GROUP 1| TOGETHER WITH AN I;LOT 5  PLAN BCS3925  DISTRICT LOT 5;ROPORTION TO THE UNIT ENTITLEMENT O;F THE STRATA LOT AS SHOWN ON FORM I;916000;584000;2018;585000;550000;2010;2010;2919.96;029;2018
018-478-727;STRATA;640084090006;64008409;C-2B;Commercial;;LMS1089;526;6;224;2211;4TH AVE W;V6K 4S2;SHARE IN COM PROP THEREIN ASSESSME;26  NEW WESTMINSTER UNDIV 898/10000;LOT 6  PLAN LMS1089  DISTRICT LOT 5;NT INCLUDES STRATA LOT 7.;;3877000;1227000;2018;1255000;2673000;1994;1994;58095.4;002;2018
024-576-239;STRATA;600117530213;60011753;CD-1 (260);Comprehensive Development;;LMS3963;185;213;2603;1239;GEORGIA ST W;V6E 4R8;V 675/211561 SHARE IN COM PROP THER;185  NEW WESTMINSTER GROUP 1| UNDI;LOT 213  PLAN LMS3963  DISTRICT LOT;EIN.;;523000;195000;2018;198000;409000;1999;1999;1772.6;026;2018
023-934-689;STRATA;157606020094;15760602;CD-1 (324);Comprehensive Development;;LMS2995;;94;1708;1008;CAMBIE ST;V6B 6J7;NTEREST IN THE COMMON PROPERTY IN P;LOT FALSE CREEK| TOGETHER WITH AN I;LOT 94  PLAN LMS2995  NWD DISTRICT;ROPORTION TO THE UNIT ENTITLEMENT O;F THE STRATA LOT AS SHOWN ON FORM 1;581000;280000;2018;281000;471000;1997;1997;2125.18;030;2018
030-311-853;STRATA;640179170131;64017917;CD-1 (531);Comprehensive Development;;EPS4169;200A;131;909;159;2ND AVE W;V5Y 0L8;N INTEREST IN THE COMMON PROPERTY I;200A  NWD GROUP 1| TOGETHER WITH A;LOT 131  PLAN EPS4169  DISTRICT LOT;N PROPORTION TO THE UNIT ENTITLEMEN;T OF THE STRATA LOT AS SHOWN ON FOR;435000;218000;2018;;;2017;2017;1611.78;013;2018
030-378-583;STRATA;253594430002;25359443;RM-4;Multiple Family Dwelling;;EPS4464;183;2;;1888;FRANCES ST;;NTEREST IN THE COMMON PROPERTY IN P;83  NWD GROUP 1| TOGETHER WITH AN I;LOT 2  PLAN EPS4464  DISTRICT LOT 1;ROPORTION TO THE UNIT ENTITLEMENT O;F THE STRATA LOT AS SHOWN ON FORM V;;;;;;;;;014;2018
024-469-874;STRATA;640053080033;64005308;RM-4;Multiple Family Dwelling;;LMS3853;540;33;1;3160;4TH AVE W;V6K 1R7;0 SHARE IN COM PROP THEREIN.;540  NEW WESTMINSTER UNDIV 164/1000;LOT 33  PLAN LMS3853  DISTRICT LOT;;;643000;131000;2018;121000;521000;1999;1999;1604.37;002;2018
027-861-830;STRATA;648234270014;64823427;RM-4;Multiple Family Dwelling;;BCS3383;264A;14;203;1533;8TH AVE E;V5N 0A4;;264A  NWD GROUP 1.;LOT 14  PLAN BCS3383  DISTRICT LOT;;;315000;207000;2018;207000;245000;2009;2009;1288.43;014;2018
002-611-155;STRATA;640134950042;64013495;FCCDD;Comprehensive Development;;VAS1521;526;42;312;1345;4TH AVE W;V6H 3Y8;SHARE IN COM PROP THEREIN.;526  NEW WESTMINSTER UNDIV 74/10639;LOT 42  PLAN VAS1521  DISTRICT LOT;;;561000;110000;2018;113000;406000;1985;1985;1336.15;007;2018
003-330-061;STRATA;688130040045;68813004;CD-1 (168);Comprehensive Development;;VAS90;526;45;320;1445;MARPOLE AVE;V6H 1S5;00 SHARE IN COM PROP THEREIN.;6  NEW WESTMINSTER UNDIV 4472/10000;LOT 45  PLAN VAS90  DISTRICT LOT 52;;;311000;80400;2018;69600;253000;1973;1973;836.91;007;2018
030-468-159;LAND;819251770000;81925177;RS-1;One Family Dwelling;40;EPP60851;;2;;2245;SCARBORO AVE;;;DISTRICT LOT FRASERVIEW| GROUP 1.;LOT 2  BLOCK 40  PLAN EPP60851  NWD;;;;;;;;;;;025;2018
014-159-856;LAND;728253820000;72825382;RM-7;Multiple Family Dwelling;G;VAP1955;393;35;;2182;32ND AVE E;V5N 3B9;;RICT LOT 393  NEW WESTMINSTER;LOT 35  BLOCK G  PLAN VAP1955  DIST;;;1403000;130000;2018;118000;1396000;1974;1980;5533.83;023;2018
004-508-548;LAND;710270130000;71027013;RS-1;One Family Dwelling;7;VAP2440;THSL;29;;2415;29TH AVE E;V5R 1T8;S 1/2.;AP2440  DISTRICT LOT THSL  NWD PART;LOT 29  BLOCK 7  SECTION 46  PLAN V;;;1274000;721000;2018;708000;1258000;2013;2013;5381.17;023;2018
010-964-061;LAND;600134950000;60013495;DD;Comprehensive Development;44;VAP6134;541;A;;501;GEORGIA ST W;V6B 1Z5;;RICT LOT 541  NWD GROUP 1.;LOT A  BLOCK 44  PLAN VAP6134  DIST;;;7438000;13600;2018;562000;4297000;1934;1934;55968.2;026;2018
030-419-883;STRATA;319718020210;31971802;CD-1 (545);Comprehensive Development;;EPS4621;36;210;2001;5470;ORMIDALE ST;;INTEREST IN THE COMMON PROPERTY IN;36  NWD GROUP 1| TOGETHER WITH AN;LOT 210  PLAN EPS4621  DISTRICT LOT;PROPORTION TO THE UNIT ENTITLEMENT;OF THE STRATA LOT AS SHOWN ON FORM;83107;247497;2018;;;;;791.69;023;2018
028-864-727;STRATA;839201720042;83920172;M-2;Industrial;;EPS852;313;42;158;628;KENT AVE SOUTH E;V5X 0B2;NTEREST IN THE COMMON PROPERTY IN P;13  NWD GROUP 1| TOGETHER WITH AN I;LOT 42  PLAN EPS852  DISTRICT LOT 3;ROPORTION TO THE UNIT ENTITLEMENT O;F THE STRATA LOT AS SHOWN ON FORM I;405000;141000;2018;143000;217000;2012;2012;4435.75;018;2018
003-762-912;STRATA;683138480009;68313848;RM-3;Multiple Family Dwelling;;VAS253;526;9;102;1266;13TH AVE W;V6H 1N6;SHARE IN COM PROP THEREIN.;6  NEW WESTMINSTER UNDIV 343/10000;LOT 9  PLAN VAS253  DISTRICT LOT 52;;;589000;104000;2018;117000;540000;1974;1974;1710.51;007;2018
030-267-404;STRATA;170717070028;17071707;RS-1;One Family Dwelling;;EPS4575;526;28;215;4427;CAMBIE ST;V5Z 2Y8;INTEREST IN THE COMMON PROPERTY IN;526  NWD GROUP 1| TOGETHER WITH AN;LOT 28  PLAN EPS4575  DISTRICT LOT;PROPORTION TO THE UNIT ENTITLEMENT;OF THE STRATA LOT AS SHOWN ON FORM;668000;274000;2018;;;2017;2017;2325.11;009;2018
027-924-564;STRATA;172595030335;17259503;CD-1 (265);Comprehensive Development;;BCS3437;;335;2905;188;KEEFER PL;V6B 0J1;WITH AN INTEREST IN THE COMMON PRO;LOT FALSE CREEK| GROUP 1| TOGETHER;LOT 335  PLAN BCS3437  NWD DISTRICT;PERTY IN PROPORTION TO THE UNIT ENT;ITLEMENT OF THE STRATA LOT AS SHOWN;749000;222000;2018;222000;631000;2009;2009;2396.69;026;2018
030-267-544;STRATA;170717070042;17071707;RS-1;One Family Dwelling;;EPS4575;526;42;505;4427;CAMBIE ST;V5Z 2Y8;INTEREST IN THE COMMON PROPERTY IN;526  NWD GROUP 1| TOGETHER WITH AN;LOT 42  PLAN EPS4575  DISTRICT LOT;PROPORTION TO THE UNIT ENTITLEMENT;OF THE STRATA LOT AS SHOWN ON FORM;620000;248000;2018;;;2017;2017;2142.45;009;2018
030-267-587;STRATA;170717070046;17071707;RS-1;One Family Dwelling;;EPS4575;526;46;509;4427;CAMBIE ST;V5Z 2Y8;INTEREST IN THE COMMON PROPERTY IN;526  NWD GROUP 1| TOGETHER WITH AN;LOT 46  PLAN EPS4575  DISTRICT LOT;PROPORTION TO THE UNIT ENTITLEMENT;OF THE STRATA LOT AS SHOWN ON FORM;878000;350000;2018;;;2017;2017;3031.03;009;2018
026-683-679;STRATA;170690030038;17069003;C-2;Commercial;;BCS1871;526;38;306;3228;TUPPER ST;V5Z 4S7;;526  NEW WESTMINSTER GROUP 1.;LOT 38  PLAN BCS1871  DISTRICT LOT;;;444000;191000;2018;193000;356000;2006;2006;1567.34;009;2018
003-572-978;STRATA;615118580063;61511858;RM-5A;Multiple Family Dwelling;;VAS178;185;63;904;1146;HARWOOD ST;V6E 3V1;N THE COMMON PROPERTY IN PROPORTION;85  NWD TOGETHER WITH AN INTEREST I;LOT 63  PLAN VAS178  DISTRICT LOT 1;TO THE UNIT ENTITLEMENT OF THE STR;ATA LOT AS SHOWN ON FORM 1 OR V| AS;289000;96400;2018;100000;218000;1974;1974;808.93;027;2018
011-195-827;LAND;817123840000;81712384;RS-1;One Family Dwelling;B;VAP5258;325A;26;;1618;62ND AVE W;V6P 2G2;;RICT LOT 325A  NWD GROUP 1.;LOT 26  BLOCK B  PLAN VAP5258  DIST;;;3296000;579000;2018;596000;3385000;1989;1989;10914.5;010;2018
010-884-700;STRATA;688150810008;68815081;RM-4;Multiple Family Dwelling;;VAS2131;526;8;204;925;15TH AVE W;V5Z 1S1;COMMON PROPERTY IN PROPORTION TO T;26 TOGETHER WITH AN INTEREST IN THE;LOT 8  PLAN VAS2131  DISTRICT LOT 5;HE UNIT ENTITLEMENT OF THE STRATA L;OT AS SHOWN ON FORM 1.;426000;113000;2018;116000;341000;1988;1988;1330.39;007;2018
030-459-320;STRATA;590217750024;59021775;CD-1 (561);;;EPS4557;181;24;302;933;HASTINGS ST E;;INTEREST IN THE COMMON PROPERTY IN;181  NWD GROUP 1| TOGETHER WITH AN;LOT 24  PLAN EPS4557  DISTRICT LOT;PROPORTION TO THE UNIT ENTITLEMENT;OF THE STRATA LOT AS SHOWN ON FORM;73750;329643;2018;;;;;978.18;013;2018
030-459-842;STRATA;590217750076;59021775;CD-1 (561);;;EPS4557;181;76;602;933;HASTINGS ST E;;INTEREST IN THE COMMON PROPERTY IN;181  NWD GROUP 1| TOGETHER WITH AN;LOT 76  PLAN EPS4557  DISTRICT LOT;PROPORTION TO THE UNIT ENTITLEMENT;OF THE STRATA LOT AS SHOWN ON FORM;73751;329644;2018;;;;;978.18;013;2018
030-606-837;STRATA;770266080373;77026608;CD-1 (556);;;EPS5134;393;373;1606;2220;KINGSWAY;;ER LAND DISTRICT| TOGETHER WITH AN;ICT LOT 393| GROUP 1| NEW WESTMINST;STRATA LOT 373| PLAN EPS5134| DISTR;INTEREST IN THE COMMON PROPERTY IN;PROPORTION TO THE UNIT ENTITLEMENT;;;;;;;;;023;2018
011-155-078;LAND;813124600000;81312460;RS-1;One Family Dwelling;8;VAP5495;325A;10;;1538;59TH AVE W;V6P 1Z2;DL 526.;RICT LOT 325A  NWD OF BLKS A & B| &;LOT 10  BLOCK 8  PLAN VAP5495  DIST;;;2914000;501000;2018;498000;3005000;1998;2000;9779.11;010;2018
030-569-460;STRATA;117609950022;11760995;RM-5D;Multiple Family Dwelling;37;EPS4184;185;22;902;1171;JERVIS ST;;WESTMINSTER LAND DISTRICT| TOGETHER;84| DISTRICT LOT 185| GROUP 1| NEW;STRATA LOT 22| BLOCK 37| PLAN EPS41;WITH AN INTEREST IN THE COMMON PRO;PERTY IN PROPORTION TO THE UNIT ENT;;;;;;;;;027;2018
010-376-283;STRATA;615119940028;61511994;CD-1 (169);Comprehensive Development;;VAS2100;185;28;701;1020;HARWOOD ST;V6E 4R1;6 SHARE IN COM PROP THEREIN.;185  NEW WESTMINSTER UNDIV 932/9998;LOT 28  PLAN VAS2100  DISTRICT LOT;;;616000;338000;2018;342000;601000;1988;1988;2101.31;027;2018
030-493-242;STRATA;841300650030;84130065;CD-1 (499);Comprehensive Development;;EPS5076;330;30;213;3289;RIVERWALK AVE;;INTEREST IN THE COMMON PROPERTY IN;330  NWD GROUP 1| TOGETHER WITH AN;LOT 30  PLAN EPS5076  DISTRICT LOT;PROPORTION TO THE UNIT ENTITLEMENT;OF THE STRATA LOT AS SHOWN ON FORM;;;;;;;;;018;2018
029-699-690;STRATA;638182500015;63818250;CD-1 (464);Comprehensive Development;;EPS2983;200A;15;305;88;1ST AVE W;V5Y 0K2;INTEREST IN THE COMMON PROPERTY IN;200A  NWD GROUP 1| TOGETHER WITH AN;LOT 15  PLAN EPS2983  DISTRICT LOT;PROPORTION TO THE UNIT ENTITLEMENT;OF THE STRATA LOT AS SHOWN ON FORM;682000;286000;2018;289000;507000;2015;2015;2173.3;013;2018
028-571-720;STRATA;592115090034;59211509;CD-1 (468);Comprehensive Development;;EPS390;185;34;1301;1499;PENDER ST W;V6G 0A7;NTEREST IN THE COMMON PROPERTY IN P;85  NWD GROUP 1| TOGETHER WITH AN I;LOT 34  PLAN EPS390  DISTRICT LOT 1;ROPORTION TO THE UNIT ENTITLEMENT O;F THE STRATA LOT AS SHOWN ON FORM V;1405000;351000;2018;354000;1112000;2011;2011;3699.1;026;2018
012-742-031;LAND;818124330000;81812433;RS-1;One Family Dwelling;1;VAP3563;325;23;;1577;63RD AVE W;V6P 2H5;;RICT LOT 325  NEW WESTMINSTER;LOT 23  BLOCK 1  PLAN VAP3563  DIST;;;2035000;331000;2018;329000;2075000;2009;2009;7138.9;012;2018
015-575-756;LAND;592205560000;59220556;RT-3;Two Family Dwelling;76;VAP196;181;12;;758;PENDER ST E;V6A 1V7;;RICT LOT 181  NWD GROUP 1.;LOT 12  BLOCK 76  PLAN VAP196  DIST;;;1424000;56700;2018;59300;1279000;1976;1976;5034.75;013;2018
010-897-518;LAND;038750110000;03875011;RS-5;One Family Dwelling;4;VAP6387;320;2;;5721;ALMA ST;V6N 1Y3;;ICT LOT 320  NWD OF LOTS 8 & 11.;LOT 2  BLOCK 4  PLAN VAP6387  DISTR;;;2971000;432000;2018;455000;2800000;1938;1992;9787.48;006;2018
028-339-053;STRATA;598190450072;59819045;HA-1A;Historic Area;;BCS3944;196;72;513;221;UNION ST;V6A 0B4;INTEREST IN THE COMMON PROPERTY IN;196  NWD GROUP 1| TOGETHER WITH AN;LOT 72  PLAN BCS3944  DISTRICT LOT;PROPORTION TO THE UNIT ENTITLEMENT;OF THE STRATA LOT AS SHOWN ON FORM;424000;164000;2018;166000;346000;2010;2010;1451.33;026;2018
023-430-303;STRATA;172580670036;17258067;HA-2;Historic Area;;LMS2412;OGT;36;606;233;ABBOTT ST;V6B 2K7;503/31889 SHARE IN COM PROP THEREI;OGT  NEW WESTMINSTER GROUP 1| UNDIV;LOT 36  PLAN LMS2412  DISTRICT LOT;N.;;315000;128000;2018;127000;257000;1911;1996;1128.0;026;2018
018-602-703;STRATA;157612390009;15761239;CD-1 (266);Comprehensive Development;;LMS1223;FC;9;;1251;PACIFIC BLVD;V6Z 2R6;ARE IN COM PROP THEREIN.;C  NEW WESTMINSTER UNDIV 90/1002 SH;LOT 9  PLAN LMS1223  DISTRICT LOT F;;;907000;134000;2018;135000;697000;1994;1994;11802.6;030;2018
029-178-029;STRATA;612110800068;61211080;CD-1 (489);Comprehensive Development;;EPS1571;185;68;1702;1221;BIDWELL ST;V6G 0B1;INTEREST IN THE COMMON PROPERTY IN;185  NWD GROUP 1| TOGETHER WITH AN;LOT 68  PLAN EPS1571  DISTRICT LOT;PROPORTION TO THE UNIT ENTITLEMENT;OF THE STRATA LOT AS SHOWN ON FORM;757000;431000;2018;432000;628000;2013;2013;2932.29;027;2018
030-604-222;STRATA;770266080112;77026608;CD-1 (556);;;EPS5134;393;112;302;4638;GLADSTONE ST;;ER LAND DISTRICT| TOGETHER WITH AN;ICT LOT 393| GROUP 1| NEW WESTMINST;STRATA LOT 112| PLAN EPS5134| DISTR;INTEREST IN THE COMMON PROPERTY IN;PROPORTION TO THE UNIT ENTITLEMENT;;;;;;;;;023;2018
009-630-350;LAND;317770530000;31777053;RS-1;One Family Dwelling;12;VAP9616;49;C;;5831;LINCOLN ST;V5R 4P6;;RICT LOT 49  NWD;LOT C  BLOCK 12  PLAN VAP9616  DIST;;;1520000;36400;2018;37400;1536000;1958;1958;5263.6;024;2018
024-544-035;STRATA;579178530020;57917853;HA-2;Historic Area;;LMS3926;196;20;406;55;ALEXANDER ST;V6A 1B2;0 SHARE IN COM PROP THEREIN.;196  NEW WESTMINSTER UNDIV 900/2655;LOT 20  PLAN LMS3926  DISTRICT LOT;;;675000;181000;2018;183000;658000;1999;1999;2112.83;026;2018
015-740-854;LAND;612116660000;61211666;RM-5D;Multiple Family Dwelling;38;VAP92;185;10;;1320;DAVIE ST;V6E 1N6;;ICT LOT 185  NEW WESTMINSTER;LOT 10  BLOCK 38  PLAN VAP92  DISTR;;;12350000;6700;2018;6700;10426000;1938;1938;112674.0;027;2018
002-624-877;LAND;592312290000;59231229;RS-1;One Family Dwelling;;VAP7974;THSL;21;;3635;PENDER ST E;V5K 2E5;;THSL  NWD GROUP 1| OF LOT 63.;LOT 21  PLAN VAP7974  DISTRICT LOT;;;1134000;185000;2018;179000;1153000;1927;1995;4694.64;020;2018
030-348-188;STRATA;124608370149;12460837;DD;Comprehensive Development;;EPS4634;541;149;1908;1133;HORNBY ST;;INTEREST IN THE COMMON PROPERTY IN;541  NWD GROUP 1| TOGETHER WITH AN;LOT 149  PLAN EPS4634  DISTRICT LOT;PROPORTION TO THE UNIT ENTITLEMENT;OF THE STRATA LOT AS SHOWN ON FORM;295146;88162;2018;;;;;946.11;029;2018
017-051-193;STRATA;837270130001;83727013;RS-1B;One Family Dwelling;;VAS2850;258;1;;2459;KENT AVE NORTH E;V5S 2H7;ROP THEREIN TOGETHER WITH AN INTERE;58  NWD UNDIV 40/100 SHARE IN COM P;LOT 1  PLAN VAS2850  DISTRICT LOT 2;ST IN THE COMMON PROPERTY IN PROPOR;TION TO THE UNIT ENTITLEMENT OF THE;863000;166000;2018;170000;811000;1991;1991;3541.83;018;2018
023-133-546;STRATA;640073090045;64007309;RM-4;Multiple Family Dwelling;;LMS2055;526;45;404;2555;4TH AVE W;V6K 1P5;8 SHARE IN COM PROP THEREIN.;526  NEW WESTMINSTER UNDIV 675/5647;LOT 45  PLAN LMS2055  DISTRICT LOT;;;468000;122000;2018;121000;408000;1995;1995;1456.27;002;2018
027-504-557;STRATA;664134930059;66413493;RM-3;Multiple Family Dwelling;;BCS2886;526;59;1207;1333;11TH AVE W;V6H 0A4;INTEREST IN THE COMMON PROPERTY IN;526  NWD GROUP 1| TOGETHER WITH AN;LOT 59  PLAN BCS2886  DISTRICT LOT;PROPORTION TO THE UNIT ENTITLEMENT;OF THE STRATA LOT AS SHOWN ON FORM;805000;286000;2018;289000;649000;2008;2008;2692.87;007;2018
014-263-815;LAND;607265910000;60726591;RS-7;One Family Dwelling;135;VAP1839;264A;13;;1285;GARDEN DR;V5L 4Z3;;STRICT LOT 264A  NWD OF LOT D.;LOT 13  BLOCK 135  PLAN VAP1839  DI;;;1330000;168000;2018;175000;1320000;1980;1980;5085.45;014;2018
013-003-283;LAND;694222400000;69422240;RM-1;Multiple Family Dwelling;58;VAP3274;301;7A;;1140;19TH AVE E;V5V 1L1;;TRICT LOT 301  NEW WESTMINSTER;LOT 7A  BLOCK 58  PLAN VAP3274  DIS;;;1328000;41200;2018;41300;1207000;1910;1965;4767.54;015;2018
024-660-078;STRATA;830276340013;83027634;CD-1 (247);Comprehensive Development;;LMS4074;258;13;303;2733;CHANDLERY PL;V5S 4V3;481/135907 SHARE IN COM PROP THERE;258  NEW WESTMINSTER GROUP 1| UNDIV;LOT 13  PLAN LMS4074  DISTRICT LOT;IN.;;197000;147000;2018;149000;131000;1999;1999;700.99;018;2018
024-302-716;STRATA;640072030034;64007203;C-2;Commercial;;LMS3717;192;34;;2665;4TH AVE W;V6K 1P8;3 SHARE IN COM PROP THEREIN.;192  NEW WESTMINSTER UNDIV 663/2063;LOT 34  PLAN LMS3717  DISTRICT LOT;;;441000;89000;2018;91300;350000;1998;1998;4555.14;002;2018
014-288-842;LAND;742210720000;74221072;RS-1;One Family Dwelling;6;VAP1797;667;23;;772;38TH AVE E;V5W 1J1;;RICT LOT 667  NWD GROUP 1.;LOT 23  BLOCK 6  PLAN VAP1797  DIST;;;1430000;95700;2018;100000;1430000;1910;1975;5136.81;016;2018
028-445-333;STRATA;605119840061;60511984;CD-1 (444);Comprehensive Development;;BCS4016;185;61;1005;1028;BARCLAY ST;V6E 0B1;INTEREST IN THE COMMON PROPERTY IN;185  NWD GROUP 1| TOGETHER WITH AN;LOT 61  PLAN BCS4016  DISTRICT LOT;PROPORTION TO THE UNIT ENTITLEMENT;OF THE STRATA LOT AS SHOWN ON FORM;544000;275000;2018;278000;471000;2011;2011;2021.5;027;2018
019-120-044;STRATA;306715560022;30671556;C-2C;Commercial;;LMS1765;;22;402;5020;JOYCE ST;V5R 4G6;000 SHARE IN COM PROP THEREIN.;ER DISTRICT LOT 36 & 51| UNDIV 39/1;LOT 22  PLAN LMS1765  NEW WESTMINST;;;259000;164000;2018;168000;200000;1995;1995;1044.07;023;2018
013-584-995;LAND;643024310000;64302431;RS-1;One Family Dwelling;141;VAP2611;540;15;;4465;6TH AVE W;V6R 1V2;;STRICT LOT 540  NWD OF LOT 4.;LOT 15  BLOCK 141  PLAN VAP2611  DI;;;2880000;27000;2018;27000;2984000;1939;1954;8486.22;001;2018
010-357-939;STRATA;670037050004;67003705;C-2;Commercial;;VAS2103;176;4;;3785;10TH AVE W;V6R 2G5;HARE IN COM PROP THEREIN.;76  NEW WESTMINSTER UNDIV 94/1493 S;LOT 4  PLAN VAS2103  DISTRICT LOT 1;;;747000;89000;2018;92100;605000;1988;1988;7102.25;001;2018
010-357-866;STRATA;670037050001;67003705;C-2;Commercial;;VAS2103;176;1;;3785;10TH AVE W;V6R 2G5;HARE IN COM PROP THEREIN.;76  NEW WESTMINSTER UNDIV 75/1493 S;LOT 1  PLAN VAS2103  DISTRICT LOT 1;;;667000;71500;2018;74000;541000;1988;1988;6257.43;001;2018
014-003-333;LAND;646022860000;64602286;RS-1;One Family Dwelling;145;VAP2172;540;8;;4510;7TH AVE W;V6R 1X3;E 71010K).;TRICT LOT 540  NWD AMD OF LOT 3 (SE;LOT 8  BLOCK 145  PLAN VAP2172  DIS;;;3938000;303000;2018;312000;4081000;1930;1982;11838.8;001;2018
004-405-447;LAND;683022550000;68302255;RS-1;One Family Dwelling;158;VAP2820;540;19;;4545;13TH AVE W;V6R 2V5;;STRICT LOT 540  NWD AMD OF LOT 2.;LOT 19  BLOCK 158  PLAN VAP2820  DI;;;3684000;395000;2018;404000;3807000;1987;1987;11407.0;001;2018
012-933-473;LAND;683024520000;68302452;RS-1;One Family Dwelling;157;VAP3407;540;9;;4458;13TH AVE W;V6R 2V3;;TRICT LOT 540  NWD OF LOT 4.;LOT 9  BLOCK 157  PLAN VAP3407  DIS;;;2830000;128000;2018;140000;2925000;1929;1978;8862.11;001;2018
012-935-484;LAND;678026680000;67802668;RS-1;One Family Dwelling;156;VAP3397;540;5;;4328;12TH AVE W;V6R 2R1;;TRICT LOT 540  NWD OF LOT 2.;LOT 5  BLOCK 156  PLAN VAP3397  DIS;;;2830000;453000;2018;450000;2925000;1996;1997;9414.3;001;2018
004-686-365;LAND;637028750000;63702875;RS-1;One Family Dwelling;139;VAP4239;540;26;;4335;3RD AVE W;V6R 1M6;;STRICT LOT 540  NWD OF LOT 2.;LOT 26  BLOCK 139  PLAN VAP4239  DI;;;5943000;367000;2018;380000;6155000;1927;1983;16969.7;001;2018
029-410-771;STRATA;125827940066;12582794;CD-1 (517);Comprehensive Development;;EPS2354;325;66;807;8488;CORNISH ST;V6P 0C2;INTEREST IN THE COMMON PROPERTY IN;325  NWD GROUP 1| TOGETHER WITH AN;LOT 66  PLAN EPS2354  DISTRICT LOT;PROPORTION TO THE UNIT ENTITLEMENT;OF THE STRATA LOT AS SHOWN ON FORM;353000;227000;2018;227000;237000;2014;2014;1239.9;012;2018
011-479-515;LAND;636037670000;63603767;RS-1;One Family Dwelling;230;VAP4581;538;11;;3731;2ND AVE W;V6R 1J8;;STRICT LOT 538  NEW WESTMINSTER;LOT 11  BLOCK 230  PLAN VAP4581  DI;;;4451000;30100;2018;30100;4290000;1946;1947;12443.5;001;2018
011-639-938;LAND;686027730000;68602773;RS-1;One Family Dwelling;175;VAP4282;540;16;;4227;14TH AVE W;V6R 2X7;;STRICT LOT 540  NWD OF LOT 3.;LOT 16  BLOCK 175  PLAN VAP4282  DI;;;2830000;221000;2018;227000;2925000;1990;1990;8880.65;001;2018
013-414-097;LAND;678022860000;67802286;RS-1;One Family Dwelling;158;VAP2820;540;9;;4508;12TH AVE W;V6R 2R5;;TRICT LOT 540  NWD OF LOT 2.;LOT 9  BLOCK 158  PLAN VAP2820  DIS;;;2830000;76000;2018;79800;2925000;1936;1975;8504.76;001;2018
004-618-939;LAND;678024370000;67802437;RS-1;One Family Dwelling;154;VAP5114;540;11;;4465;12TH AVE W;V6R 2R3;;STRICT LOT 540  NWD OF LOT 4.;LOT 11  BLOCK 154  PLAN VAP5114  DI;;;3297000;235000;2018;227000;3408000;1936;1995;10181.9;001;2018
015-229-831;LAND;640084960000;64008496;C-2B;Commercial;243;VAP590;526;15;;2200;4TH AVE W;V6K 1N8;PART IN PLAN 3932| LOT 16| BLOCK 24;TRICT LOT 526  NWD EXCEPT PLAN EXC;LOT 15  BLOCK 243  PLAN VAP590  DIS;3| PLAN VAP590| DISTRICT LOT 526| N;EW WESTMINSTER LAND DISTRICT| EXCEP;23771000;28300;2018;28300;18480000;1967;1980;187736.0;002;2018
010-948-201;LAND;032655740000;03265574;RS-1;One Family Dwelling;184;VAP6188;176;7;;2538;CROWN ST;V6R 3V8;;TRICT LOT 176  NEW WESTMINSTER;LOT 7  BLOCK 184  PLAN VAP6188  DIS;;;4575000;160000;2018;167000;4575000;1936;1965;12148.7;001;2018
;OTHER;630036250000;63003625;RS-1;One Family Dwelling;;;6882;;;;;V6R 1B3;| FRONTING JERICHO BEACH - PRIVATE;/LICENCE # 240034| GROUP 1| LICENCE;DISTRICT LOT 6882  NWD LEASE/PERMIT;MOORAGE.;;100000;0;2018;0;100000;;;246.83;001;2018
012-935-409;LAND;678024460000;67802446;RS-1;One Family Dwelling;1;VAP3407;540;9;;4454;12TH AVE W;V6R 2R2;;ICT LOT 540  NWD OF BLK 157.;LOT 9  BLOCK 1  PLAN VAP3407  DISTR;;;2830000;74000;2018;76000;2925000;1925;1960;8631.82;001;2018
007-576-641;LAND;032688070000;03268807;RS-1;One Family Dwelling;166;VAP4598;540;7;;3107;CROWN ST;V6R 3W5;;TRICT LOT 540  NWD OF LOT 3.;LOT 7  BLOCK 166  PLAN VAP4598  DIS;;;3301000;30700;2018;30700;3395000;1926;1955;9654.62;001;2018
010-866-761;LAND;636019950000;63601995;RS-1;One Family Dwelling;4;VAP6583;140;17;;1775;BLANCA ST;V6R 4E4;;RICT LOT 140  NEW WESTMINSTER;LOT 17  BLOCK 4  PLAN VAP6583  DIST;;;12130000;1957000;2018;1945000;11804000;1995;1996;36386.3;001;2018
012-059-331;LAND;670028940000;67002894;RS-1;One Family Dwelling;177;VAP3888;540;10;;4106;10TH AVE W;V6R 2H3;;STRICT LOT 540  NWD OF LOT 2.;LOT 10  BLOCK 177  PLAN VAP3888  DI;;;2110000;37600;2018;39300;2050000;1922;1965;6646.84;001;2018
"011-562-421;LAND;674030720000;67403072;RS-1;One Family Dwelling;178;VAP4426;540;9;;4036;11TH AVE W;V6R 2L3;;""TRICT LOT 540  NWD OF LOTS 3 & 4;."";LOT 9  BLOCK 178  PLAN VAP4426  DIS;;;4078000;25900;2018;26600;4467000;1924;1960;10904.0;001;2018"
013-702-076;LAND;096627270000;09662727;RT-9;Two Family Dwelling;176;VAP2301;526;12;;1329;WALNUT ST;V6J 3R2;;STRICT LOT 526  NEW WESTMINSTER;LOT 12  BLOCK 176  PLAN VAP2301  DI;;;3116000;139000;2018;136000;3146000;1912;1965;8408.17;002;2018
024-106-640;STRATA;120643910100;12064391;C-3A;Commercial;;LMS3166;526;100;203;1823;7TH AVE W;V6J 5K5;SHARE IN COM PROP THEREIN.;526  NEW WESTMINSTER UNDIV 87/8959;LOT 100  PLAN LMS3166  DISTRICT LOT;;;563000;222000;2018;225000;438000;1998;1998;1937.58;002;2018
011-156-155;LAND;678027140000;67802714;RS-1;One Family Dwelling;175;VAP5424;540;2;;4286;12TH AVE W;V6R 2P7;;TRICT LOT 540  NWD OF LOT 1.;LOT 2  BLOCK 175  PLAN VAP5424  DIS;;;3877000;136000;2018;142000;4039000;1925;1970;11276.1;001;2018
007-750-064;STRATA;092627280002;09262728;RT-9;Two Family Dwelling;;VAS1903;526;2;;1346;LABURNUM ST;V6J 3W3;ROP THEREIN TOGETHER WITH AN INTERE;26  NWD UNDIV 46/100 SHARE IN COM P;LOT 2  PLAN VAS1903  DISTRICT LOT 5;ST IN THE COMMON PROPERTY IN PROPOR;TION TO THE UNIT ENTITLEMENT OF THE;1559000;125000;2018;134000;1661000;1987;1987;5158.55;002;2018
023-499-494;STRATA;092627480002;09262748;RT-9;Two Family Dwelling;;LMS2498;526;2;;1388;LABURNUM ST;V6J 3W3;PROP THEREIN TOGETHER WITH AN INTER;26  NWD UNDIV 188/385 SHARE IN COM;LOT 2  PLAN LMS2498  DISTRICT LOT 5;EST IN THE COMMON PROPERTY IN PROPO;RTION TO THE UNIT ENTITLEMENT OF TH;2333000;410000;2018;408000;2481000;1996;1996;7772.43;002;2018
012-811-319;LAND;674034570000;67403457;RS-1;One Family Dwelling;180;VAP3513;540;18;;3837;11TH AVE W;V6R 2K8;;STRICT LOT 540  NWD OF LOT 2.;LOT 18  BLOCK 180  PLAN VAP3513  DI;;;3401000;290000;2018;299000;3727000;1936;1985;9899.63;001;2018
014-568-284;LAND;687171850000;68717185;RT-6;Two Family Dwelling;G;BCP49165;526;10;;315;15TH AVE W;V5Y 1Y3;;T LOT 526  NEW WESTMINSTER;LOT 10  BLOCK G  PLAN 1530  DISTRIC;;;;;;;;2010;2010;;013;2018
006-306-705;STRATA;087638480002;08763848;RM-4;Multiple Family Dwelling;;VAS1136;526;2;;1950;YEW ST;V6K 3G4;PROP THEREIN TOGETHER WITH AN INTER;26  NWD UNDIV 166/335 SHARE IN COM;LOT 2  PLAN VAS1136  DISTRICT LOT 5;EST IN THE COMMON PROPERTY IN PROPO;RTION TO THE UNIT ENTITLEMENT OF TH;1307000;48600;2018;50800;1320000;1925;1970;4317.97;002;2018
005-723-183;LAND;678028320000;67802832;RS-1;One Family Dwelling;174;VAP4540;540;6;;4174;12TH AVE W;V6R 2P6;;TRICT LOT 540  NWD OF LOT 1.;LOT 6  BLOCK 174  PLAN VAP4540  DIS;;;2974000;67600;2018;69800;3259000;1964;1964;8356.5;001;2018
011-105-429;LAND;042642970000;04264297;RT-7;Two Family Dwelling;32;5884;540;D;;2185;COLLINGWOOD ST;V6R 3K8;;T LOT 540  NEW WESTMINSTER;LOT D  BLOCK 32  PLAN 5884  DISTRIC;;;2191000;62800;2018;65600;2415000;1928;1970;6957.97;002;2018
014-015-242;LAND;714187500000;71418750;RS-7;One Family Dwelling;22;VAP2163;631;7;;150;27TH AVE E;V5V 2K4;;RICT LOT 631  NWD GROUP 1.;LOT 7  BLOCK 22  PLAN VAP2163  DIST;;;1834000;28300;2018;29600;1778000;1908;1965;5563.22;016;2018
008-382-379;LAND;688026370000;68802637;RS-1;One Family Dwelling;163;VAP3793;540;14;;4367;15TH AVE W;V6R 3A9;;STRICT LOT 540  NWD OF LOT 1.;LOT 14  BLOCK 163  PLAN VAP3793  DI;;;2827000;201000;2018;216000;2922000;1988;1990;8886.89;001;2018
015-752-097;LAND;602119500000;60211950;DD;Comprehensive Development;5;VAP92;185;5;;1044;ROBSON ST;V6E 1A7;;T LOT 185  NWD PART E 1/2.;LOT 5  BLOCK 5  PLAN VAP92  DISTRIC;;;12450000;5600000;2018;5795000;11827000;1910;1985;205842.0;027;2018
003-742-601;STRATA;638077930001;63807793;RM-4;Multiple Family Dwelling;;VAS241;526;1;101;2445;3RD AVE W;V6K 4K6;HARE IN COM PROP THEREIN.;6  NEW WESTMINSTER UNDIV 157/8500 S;LOT 1  PLAN VAS241  DISTRICT LOT 52;;;510000;291000;2018;298000;446000;1975;1975;1977.09;002;2018
005-630-215;STRATA;631090940002;63109094;RM-4;Multiple Family Dwelling;;VAS685;526;2;;1615;MAPLE ST;V6J 3S3;ARE IN COM PROP THEREIN.;6  NEW WESTMINSTER UNDIV 129/768 SH;LOT 2  PLAN VAS685  DISTRICT LOT 52;;;1218000;91500;2018;96100;1122000;1951;1980;2670.24;002;2018
006-367-186;STRATA;634090070016;63409007;RM-4;Multiple Family Dwelling;;VAS1096;526;16;;1690;ARBUTUS ST;V6J 3X2;0 SHARE IN COM PROP THEREIN.;526  NEW WESTMINSTER UNDIV 622/1000;LOT 16  PLAN VAS1096  DISTRICT LOT;;;850000;236000;2018;173000;779000;1982;1982;2680.54;002;2018
003-330-095;STRATA;688130040047;68813004;CD-1 (168);Comprehensive Development;;VAS90;526;47;324;1445;MARPOLE AVE;V6H 1S5;00 SHARE IN COM PROP THEREIN.;6  NEW WESTMINSTER UNDIV 6848/10000;LOT 47  PLAN VAS90  DISTRICT LOT 52;;;479000;139000;2018;143000;391000;1973;1973;1525.38;007;2018
016-884-949;STRATA;684163910018;68416391;RM-4;Multiple Family Dwelling;;VAS2820;526;18;W306;639;14TH AVE W;V5Z 1P7;9 SHARE IN COM PROP THEREIN PHASE 1;526  NEW WESTMINSTER UNDIV 914/1882;LOT 18  PLAN VAS2820  DISTRICT LOT;.;;566000;168000;2018;173000;443000;1991;1991;1811.69;007;2018
005-544-891;STRATA;634073420004;63407342;RT-8;Two Family Dwelling;;VAS608;526;4;;2552;1ST AVE W;V6K 1G7;HARE IN COM PROP THEREIN.;6  NEW WESTMINSTER UNDIV 998/4526 S;LOT 4  PLAN VAS608  DISTRICT LOT 52;;;1236000;209000;2018;193000;1146000;1979;1989;3566.63;002;2018
014-928-817;LAND;683230400000;68323040;RT-5;Two Family Dwelling;171;VAP1130;264A;35;;1356;13TH AVE E;V5N 2B6;771| SUBSIDY LOT A.;A  NEW WESTMINSTER PLAN VAP1130 & 1;LOT 35  BLOCK 171  DISTRICT LOT 264;;;1555000;51100;2018;58700;1485000;1911;1967;5458.27;014;2018
010-063-927;LAND;281796080000;28179608;RS-1;One Family Dwelling;5;VAP8452;337;1;;2810;51ST AVE E;V5S 1R3;1.;ICT LOT 337  NWD PART SW 1/4| GROUP;LOT 1  BLOCK 5  PLAN VAP8452  DISTR;;;1782000;151000;2018;158000;1839000;1953;1975;6192.15;024;2018
009-281-029;LAND;631084110000;63108411;RM-4;Multiple Family Dwelling;193;VAP848;526;18;;2275;YORK AVE;V6K 1C5;;TRICT LOT 526  NEW WESTMINSTER;LOT 18  BLOCK 193  PLAN VAP848  DIS;;;3697000;1116000;2018;892000;3306000;1957;1957;12156.7;002;2018
023-680-377;STRATA;630090180010;63009018;RM-4;Multiple Family Dwelling;;LMS2689;526;10;400;2086;CORNWALL AVE;V6J 1E1;6 SHARE IN COM PROP THEREIN.;526  NEW WESTMINSTER UNDIV 1738/663;LOT 10  PLAN LMS2689  DISTRICT LOT;;;1702000;417000;2018;423000;1405000;1997;1997;5230.23;002;2018
016-471-873;STRATA;626090320001;62609032;RT-9;Two Family Dwelling;;VAS2741;526;1;;2080;WHYTE AVE;V6J 1B5;M PROP THEREIN TOGETHER WITH AN INT;26  NWD UNDIV 1548/2696 SHARE IN CO;LOT 1  PLAN VAS2741  DISTRICT LOT 5;EREST IN THE COMMON PROPERTY IN PRO;PORTION TO THE UNIT ENTITLEMENT OF;2473000;277000;2018;276000;2641000;1990;1998;7750.73;002;2018
015-444-899;LAND;634040470000;63404047;RT-8;Two Family Dwelling;5;VAP229;540;19;;3639;1ST AVE W;V6R 1H1;;ICT LOT 540  NEW WESTMINSTER;LOT 19  BLOCK 5  PLAN VAP229  DISTR;;;2895000;202000;2018;209000;2955000;1924;1986;9057.19;002;2018
013-433-792;LAND;630072360000;63007236;RT-8;Two Family Dwelling;2;VAP2753;192;B;;2648;POINT GREY RD;V6K 1A5;;ICT LOT 192  NEW WESTMINSTER;LOT B  BLOCK 2  PLAN VAP2753  DISTR;;;2583000;255000;2018;265000;2639000;1912;1975;8733.92;002;2018
005-569-109;STRATA;634073960002;63407396;RT-8;Two Family Dwelling;;VAS620;526;2;;2508;1ST AVE W;V6K 1G7;00 SHARE IN COM PROP THEREIN.;6  NEW WESTMINSTER UNDIV 26536/1000;LOT 2  PLAN VAS620  DISTRICT LOT 52;;;2538000;313000;2018;305000;2282000;1979;1979;7037.0;002;2018
003-708-098;STRATA;646095060035;64609506;RM-4;Multiple Family Dwelling;;VAS205;526;35;312;2330;MAPLE ST;V6J 3T6;HARE IN COM PROP THEREIN.;26  NEW WESTMINSTER UNDIV 50/2301 S;LOT 35  PLAN VAS205  DISTRICT LOT 5;;;349000;25100;2018;26800;285000;1974;1974;787.63;002;2018
024-799-106;STRATA;634077980007;63407798;RM-4;Multiple Family Dwelling;;LMS4184;526;7;401;1725;BALSAM ST;V6K 4V4;SHARE IN COMM PROP THEREIN.;26  NEW WESTMINSTER UNDIV 1547/6569;LOT 7  PLAN LMS4184  DISTRICT LOT 5;;;1915000;448000;2018;453000;1588000;1999;1999;5832.5;002;2018
012-042-412;LAND;747079750000;74707975;RM-3;Multiple Family Dwelling;5;VAP3898;526;20;;2235;40TH AVE W;V6M 1W7;F BLK 17| LOT 19| BLOCK 5| PLAN 389;RICT LOT 526  NWD OF LOTS 2 TO 4| O;LOT 20  BLOCK 5  PLAN VAP3898  DIST;8| DISTRICT LOT 526| NEW WESTMINSTE;R LAND DISTRICT| OF LOTS 2 TO 4| OF;3811000;2665000;2018;2318000;3334000;1949;1949;16231.4;005;2018
013-174-991;LAND;634042260000;63404226;RT-8;Two Family Dwelling;11;VAP229;540;4;;3460;1ST AVE W;V6R 1G7;;ICT LOT 540  NEW WESTMINSTER;LOT 4  BLOCK 11  PLAN VAP229  DISTR;;;2895000;131000;2018;109000;2955000;1912;1960;7367.99;002;2018
006-423-281;STRATA;634084530016;63408453;RM-4;Multiple Family Dwelling;;VAS1344;526;16;404;2239;1ST AVE W;V6K 1E9;SHARE IN COM PROP THEREIN.;526  NEW WESTMINSTER UNDIV 387/8892;LOT 16  PLAN VAS1344  DISTRICT LOT;;;420000;49600;2018;51900;317000;1983;1983;932.02;002;2018
024-806-323;STRATA;631072610001;63107261;RT-8;Two Family Dwelling;;LMS4207;192;1;;2631;YORK AVE;V6K 1E6;M PROP THEREIN TOGETHER WITH AN INT;92  NWD UNDID 929/2181 SHARE IN COM;LOT 1  PLAN LMS4207  DISTRICT LOT 1;EREST IN THE COMMON PROPERTY IN PRO;PORTION TO THE UNIT ENTITLEMENT OF;1317000;380000;2018;378000;1313000;1999;2000;5253.64;002;2018
015-432-351;LAND;636041140000;63604114;RT-8;Two Family Dwelling;16;VAP229;540;3;;3574;2ND AVE W;V6R 1J4;;ICT LOT 540  NEW WESTMINSTER;LOT 3  BLOCK 16  PLAN VAP229  DISTR;;;2895000;96700;2018;100000;2955000;1922;1980;9248.3;002;2018
023-752-882;STRATA;640040970049;64004097;C-2;Commercial;;LMS2790;540;49;415;1989;DUNBAR ST;V6R 4R5;0 SHARE IN COM PROP THEREIN.;540  NEW WESTMINSTER UNDIV 760/3343;LOT 49  PLAN LMS2790  DISTRICT LOT;;;520000;170000;2018;172000;469000;1997;1997;1703.1;002;2018
017-318-254;STRATA;603118420014;60311842;RM-5B;Multiple Family Dwelling;;LMS25;185;14;405;1132;HARO ST;V6E 1C9;SHARE IN COM PROP THEREIN.;5  NEW WESTMINSTER UNDIV 1011/37528;LOT 14  PLAN LMS25  DISTRICT LOT 18;;;618000;296000;2018;300000;484000;1990;1990;2255.98;027;2018
012-311-197;STRATA;638058200002;63805820;RT-8;Two Family Dwelling;;VAS2288;192;2;;3068;3RD AVE W;V6K 1N1;N THE COMMON PROPERTY IN PROPORTION;92  NWD TOGETHER WITH AN INTEREST I;LOT 2  PLAN VAS2288  DISTRICT LOT 1;TO THE UNIT ENTITLEMENT OF THE STR;ATA LOT AS SHOWN ON FORM 1 OR V| AS;2136000;204000;2018;237000;2079000;1989;1989;6840.73;002;2018
013-826-107;LAND;829156640000;82915664;RT-2;Two Family Dwelling;21;VAP2399;319;16;;722;69TH AVE W;V6P 2W3;23 & 324.;TRICT LOT 319  NWD OF BLK D| & DL 3;LOT 16  BLOCK 21  PLAN VAP2399  DIS;;;1697000;70500;2018;73800;1673000;1969;1969;6205.65;012;2018
011-100-354;LAND;638058250000;63805825;RT-8;Two Family Dwelling;25;VAP5673;192;20;;3081;3RD AVE W;V6K 1M9;;TRICT LOT 192  NWD OF LOT 1.;LOT 20  BLOCK 25  PLAN VAP5673  DIS;;;3134000;34100;2018;35400;3195000;1926;1972;9172.7;002;2018
003-316-301;STRATA;683120930043;68312093;RM-3;Multiple Family Dwelling;;VAS87;526;43;302;1717;13TH AVE W;V6J 2H2;SHARE COM PROP THEREIN.;6  NEW WESTMINSTER UNDIV 140/10000;LOT 43  PLAN VAS87  DISTRICT LOT 52;;;328000;23200;2018;24900;295000;1971;1971;728.62;007;2018
007-627-629;STRATA;643072750001;64307275;RT-8;Two Family Dwelling;;VAS1896;192;1;;2625;6TH AVE W;V6K 1W6;M PROP THEREIN TOGETHER WITH AN INT;92  NWD UNDIV 1243/2493 SHARE IN CO;LOT 1  PLAN VAS1896  DISTRICT LOT 1;EREST IN THE COMMON PROPERTY IN PRO;PORTION TO THE UNIT ENTITLEMENT OF;1375000;139000;2018;150000;1338000;1987;1990;4717.95;002;2018
024-658-081;STRATA;646045720001;64604572;RT-7;Two Family Dwelling;46;LMS4073;540;1;;3328;7TH AVE W;V6R 1V8;E IN COMM PROP THEREIN TOGETHER WIT;RICT LOT 540  NWD UNDIV 99/198 SHAR;LOT 1  BLOCK 46  PLAN LMS4073  DIST;H AN INTEREST IN THE COMMON PROPERT;Y IN PROPORTION TO THE UNIT ENTITLE;1394000;362000;2018;359000;1353000;1999;2003;5336.26;002;2018
003-358-666;STRATA;646097560041;64609756;RM-4;Multiple Family Dwelling;;VAS101;526;41;341;1844;7TH AVE W;V6J 1S8;ARE IN COM PROP THEREIN.;26  NEW WESTMINSTER UNDIV 10/500 SH;LOT 41  PLAN VAS101  DISTRICT LOT 5;;;441000;64000;2018;64100;407000;1973;1973;1246.47;002;2018
005-207-533;LAND;646070270000;64607027;RT-8;Two Family Dwelling;16;VAP4888;192;B;;2763;7TH AVE W;V6K 1Z3;;RICT LOT 192  NWD LOT OF 6 & 7.;LOT B  BLOCK 16  PLAN VAP4888  DIST;;;2808000;26300;2018;27500;2838000;1920;1965;8459.79;002;2018
015-414-574;LAND;643042540000;64304254;RT-7;Two Family Dwelling;39;VAP229;540;3;;3450;6TH AVE W;V6R 1T3;NE & W 33 FT.;ICT LOT 540  NWD EXC S 10 FT NOW LA;LOT 3  BLOCK 39  PLAN VAP229  DISTR;;;2263000;145000;2018;150000;2332000;1927;1970;7331.58;002;2018
003-884-121;STRATA;638087920006;63808792;RM-4;Multiple Family Dwelling;;VAS327;526;6;201;2100;3RD AVE W;V6K 1L1;SHARE IN COM PROP THEREIN.;6  NEW WESTMINSTER UNDIV 954/12600;LOT 6  PLAN VAS327  DISTRICT LOT 52;;;710000;53200;2018;57000;607000;1975;1975;1883.78;002;2018
011-585-587;STRATA;643045870001;64304587;RT-7;Two Family Dwelling;;VAS2194;540;1;;3311;6TH AVE W;V6R 1T2;ROP THEREIN TOGETHER WITH AN INTERE;40  NWD UNDIV 99/178 SHARE IN COM P;LOT 1  PLAN VAS2194  DISTRICT LOT 5;ST IN THE COMMON PROPERTY IN PROPOR;TION TO THE UNIT ENTITLEMENT OF THE;1405000;166000;2018;133000;1516000;1988;1990;4041.68;002;2018
006-521-720;STRATA;686097750001;68609775;RT-8;Two Family Dwelling;;VAS1837;526;1;;1825;14TH AVE W;V6J 2J8;M PROP THEREIN TOGETHER WITH AN INT;26  NWD UNDIV 1012/2024 SHARE IN CO;LOT 1  PLAN VAS1837  DISTRICT LOT 5;EREST IN THE COMMON PROPERTY IN PRO;PORTION TO THE UNIT ENTITLEMENT OF;1936000;239000;2018;257000;1964000;1987;1987;6408.48;002;2018
013-123-611;LAND;683058770000;68305877;RS-5;One Family Dwelling;88;VAP560;540;15;;3019;13TH AVE W;V6K 2V1;T THE NORTH 10 FEET NOW LANE.;RICT LOT 540  NEW WESTMINSTER EXCEP;LOT 15  BLOCK 88  PLAN VAP560  DIST;;;2431000;150000;2018;87100;2576000;1947;2003;8183.57;002;2018
015-270-521;LAND;678067610000;67806761;RS-5;One Family Dwelling;80;441;540;17;;2831;12TH AVE W;V6K 2R1;;T LOT 540  NEW WESTMINSTER;LOT 17  BLOCK 80  PLAN 441  DISTRIC;;;2430000;40600;2018;42800;2575000;1967;1967;7511.09;002;2018
013-269-348;LAND;683090740000;68309074;RT-8;Two Family Dwelling;425;VAP2983;526;8;;2024;13TH AVE W;V6J 2H7;;TRICT LOT 526  NEW WESTMINSTER;LOT 8  BLOCK 425  PLAN VAP2983  DIS;;;3725000;192000;2018;202000;3439000;1912;1967;11532.1;002;2018
016-403-495;STRATA;648077650001;64807765;RT-8;Two Family Dwelling;;VAS2731;526;1;;2437;8TH AVE W;V6K 2B2;ROP THEREIN TOGETHER WITH AN INTERE;26  NWD UNDIV 50/100 SHARE IN COM P;LOT 1  PLAN VAS2731  DISTRICT LOT 5;ST IN THE COMMON PROPERTY IN PROPOR;TION TO THE UNIT ENTITLEMENT OF THE;1789000;182000;2018;197000;1746000;1989;1989;5845.95;002;2018
010-698-175;LAND;769091140000;76909114;RS-6;One Family Dwelling;1;VAP7198;526;2;;2060;48TH AVE W;V6M 2P3;2.;ICT LOT 526  NWD OF LOT A| OF BLOCK;LOT 2  BLOCK 1  PLAN VAP7198  DISTR;;;3828000;51300;2018;51300;3901000;1946;1946;11724.1;005;2018
014-458-284;LAND;060744300000;06074430;RS-5;One Family Dwelling;9;VAP1682;2027;3;;5584;MACKENZIE ST;V6N 1H2;;ICT LOT 2027  NWD PART N 1/2.;LOT 3  BLOCK 9  PLAN VAP1682  DISTR;;;3083000;74700;2018;82300;3096000;1927;1960;8331.19;005;2018
015-063-691;LAND;670058970000;67005897;RS-5;One Family Dwelling;;VAP1003;;22;;3003;10TH AVE W;V6K 2K7;92 540.;ER BLOCK 33 123 124| DISTRICT LOT 1;LOT 22  PLAN VAP1003  NEW WESTMINST;;;2379000;219000;2018;226000;2496000;1914;1985;6725.54;002;2018
024-166-227;STRATA;650078270025;65007827;RM-4;Multiple Family Dwelling;;LMS3266;526;25;25;2375;BROADWAY W;V6K 2E6;6 SHARE IN COM PROP THEREIN.;526  NEW WESTMINSTER UNDIV 983/3456;LOT 25  PLAN LMS3266  DISTRICT LOT;;;679000;178000;2018;186000;561000;1998;1998;2115.3;002;2018
011-143-801;LAND;664070870000;66407087;RS-7;One Family Dwelling;70;VAP2091;540;14;;2711;11TH AVE W;V6K 2L8;;TRICT LOT 540  NEW WESTMINSTER;LOT 14  BLOCK 70  PLAN VAP2091  DIS;;;2260000;145000;2018;152000;2425000;1928;1976;7286.17;002;2018
013-580-345;LAND;678061220000;67806122;RS-5;One Family Dwelling;89;VAP1506;540;3;;2970;12TH AVE W;V6K 2R3;;RICT LOT 540  NEW WESTMINSTER;LOT 3  BLOCK 89  PLAN VAP1506  DIST;;;2430000;71800;2018;74900;2575000;1926;1965;7588.09;002;2018
013-890-557;LAND;686087070000;68608707;RT-7;Two Family Dwelling;424;VAP2300;526;A;;2195;14TH AVE W;V6K 2V8;LOT 20.;TRICT LOT 526  NWD (REF PL 384) OF;LOT A  BLOCK 424  PLAN VAP2300  DIS;;;2401000;42200;2018;44300;2487000;1963;1963;7776.45;002;2018
011-624-302;LAND;691034720000;69103472;RS-5;One Family Dwelling;36;VAP4340;139;24;;3828;17TH AVE W;V6S 1A4;;TRICT LOT 139  NEW WESTMINSTER;LOT 24  BLOCK 36  PLAN VAP4340  DIS;;;2679000;258000;2018;263000;2732000;1994;1994;8560.29;003;2018
003-396-088;LAND;037691060000;03769106;RS-5;One Family Dwelling;29;VAP5789;139;A;;3308;HIGHBURY ST;V6S 2H4;;RICT LOT 139  NWD OF LOTS 1 & 2.;LOT A  BLOCK 29  PLAN VAP5789  DIST;;;3055000;115000;2018;120000;3072000;1927;1965;9174.39;003;2018
013-718-851;LAND;688061280000;68806128;RS-5;One Family Dwelling;119;VAP2485;540;4;;2962;15TH AVE W;V6K 3A3;;TRICT LOT 540  NEW WESTMINSTER;LOT 4  BLOCK 119  PLAN VAP2485  DIS;;;2430000;49100;2018;51300;2575000;1946;1970;7469.07;002;2018
004-692-942;LAND;690077830000;69007783;RS-5;One Family Dwelling;461;VAP3944;526;12;;2415;16TH AVE W;V6K 3B7;;STRICT LOT 526  NEW WESTMINSTER;LOT 12  BLOCK 461  PLAN VAP3944  DI;;;2861000;280000;2018;270000;2962000;1939;1939;7405.71;002;2018
008-729-263;LAND;692030400000;69203040;RS-5;One Family Dwelling;44;VAP13121;139;8;;4064;18TH AVE W;V6S 1B8;IDY LOT 4.;TRICT LOT 139  NEW WESTMINSTER SUBS;LOT 8  BLOCK 44  PLAN VAP13121  DIS;;;2795000;57700;2018;60300;2845000;1940;1970;8412.21;003;2018
008-402-060;LAND;712042950000;71204295;RS-5;One Family Dwelling;84;VAP3452;2027;23;;3305;26TH AVE W;V6S 1N4;.;TRICT LOT 2027  NWD AMD (SEE 5559L);LOT 23  BLOCK 84  PLAN VAP3452  DIS;;;3318000;162000;2018;170000;3406000;1935;1975;10019.5;003;2018
011-132-957;LAND;690042500000;69004250;RS-1;One Family Dwelling;A;VAP5532;139;20;;3446;16TH AVE W;V6R 3B8;;RICT LOT 139  NEW WESTMINSTER;LOT 20  BLOCK A  PLAN VAP5532  DIST;;;2453000;147000;2018;153000;2453000;1924;1970;7830.49;003;2018
011-996-927;LAND;688073920000;68807392;RS-5;One Family Dwelling;460A;VAP3944;526;10;;2506;15TH AVE W;V6K 2Z4;;ISTRICT LOT 526  NEW WESTMINSTER;LOT 10  BLOCK 460A  PLAN VAP3944  D;;;3366000;40800;2018;40800;3485000;1941;1955;9740.87;002;2018
003-419-975;LAND;710034220000;71003422;RS-5;One Family Dwelling;81;VAP4391;2027;4;;3880;KING EDWARD AVE W;V6S 1N1;.;RICT LOT 2027  NWD AMD (SEE 19690K);LOT 4  BLOCK 81  PLAN VAP4391  DIST;;;3275000;252000;2018;257000;3303000;1925;1992;10076.5;003;2018
003-624-366;STRATA;688095850004;68809585;RT-8;Two Family Dwelling;;VAS1644;526;4;;1917;15TH AVE W;V6J 2L2;SHARE IN COM PROP THEREIN.;26  NEW WESTMINSTER UNDIV 874/4273;LOT 4  PLAN VAS1644  DISTRICT LOT 5;;;989000;83500;2018;87300;906000;1912;1982;2249.82;002;2018
005-439-728;STRATA;717038920019;71703892;C-2;Commercial;;VAS1298;2027;19;304;3626;28TH AVE W;V6S 1S4;43 SHARE IN COM PROP THEREIN.;2027  NEW WESTMINSTER UNDIV 840/222;LOT 19  PLAN VAS1298  DISTRICT LOT;;;553000;72100;2018;75400;458000;1985;1985;1542.9;003;2018
012-321-371;LAND;733042550000;73304255;RS-5;One Family Dwelling;44;VAP3685;2027;43;;3391;35TH AVE W;V6N 2N3;;TRICT LOT 2027  NEW WESTMINSTER;LOT 43  BLOCK 44  PLAN VAP3685  DIS;;;3867000;220000;2018;228000;4047000;1927;1985;10737.8;003;2018
012-035-408;LAND;730032630000;73003263;RS-5;One Family Dwelling;57;VAP3925;2027;62;;3941;33RD AVE W;V6N 2H7;;TRICT LOT 2027  NEW WESTMINSTER;LOT 62  BLOCK 57  PLAN VAP3925  DIS;;;2798000;38100;2018;39500;2919000;1938;1965;8350.24;003;2018
011-132-434;LAND;051693680000;05169368;RS-1;One Family Dwelling;F;VAP5532;139;11;;3564;QUESNEL DR;V6L 2W6;;RICT LOT 139  NEW WESTMINSTER;LOT 11  BLOCK F  PLAN VAP5532  DIST;;;4124000;172000;2018;177000;4213000;1941;1990;12084.6;004;2018
011-654-228;LAND;707034870000;70703487;RS-5;One Family Dwelling;33;VAP4310;139;11;;3809;24TH AVE W;V6S 1L8;;TRICT LOT 139  NWD OF LOTS 2 & 3.;LOT 11  BLOCK 33  PLAN VAP4310  DIS;;;2800000;134000;2018;139000;2850000;1978;1978;8591.87;003;2018
011-030-941;LAND;745030190000;74503019;RS-5;One Family Dwelling;18;VAP5959;2027;24;;4077;39TH AVE W;V6N 3B1;;TRICT LOT 2027  NEW WESTMINSTER;LOT 24  BLOCK 18  PLAN VAP5959  DIS;;;4612000;52300;2018;52500;4799000;1948;1952;12976.7;003;2018
014-048-655;LAND;815152510000;81515251;RS-1;One Family Dwelling;A;VAP2081;319;54;;849;61ST AVE W;V6P 2B8;32 TO 35| & DL 323 & 324.;RICT LOT 319  NWD GROUP 1| OF LOTS;LOT 54  BLOCK A  PLAN VAP2081  DIST;;;2167000;63100;2018;63600;2098000;1967;1967;6854.47;012;2018
013-672-649;LAND;733034070000;73303407;RS-5;One Family Dwelling;41;VAP2524;2027;37;;3893;35TH AVE W;V6N 2N8;;TRICT LOT 2027  NWD GROUP 1.;LOT 37  BLOCK 41  PLAN VAP2524  DIS;;;4034000;429000;2018;442000;4208000;1989;1989;12344.8;003;2018
011-127-147;LAND;710054530000;71005453;RS-5;One Family Dwelling;X;VAP5532;139;30;;3081;KING EDWARD AVE W;V6L 1V4;;RICT LOT 139  NEW WESTMINSTER;LOT 30  BLOCK X  PLAN VAP5532  DIST;;;2186000;69800;2018;71700;2071000;1928;1960;7089.53;003;2018
012-861-251;LAND;737042600000;73704260;RS-5;One Family Dwelling;33;VAP2953;2027;37;;3378;36TH AVE W;V6N 2R9;;TRICT LOT 2027  NWD GROUP 1.;LOT 37  BLOCK 33  PLAN VAP2953  DIS;;;3519000;124000;2018;127000;3612000;1931;1960;10323.8;003;2018
011-491-990;LAND;060710530000;06071053;RS-1;One Family Dwelling;B;VAP7130;2027;8;;4207;QUESNEL DR;V6L 2X5;;ICT LOT 2027  NWD GROUP 1.;LOT 8  BLOCK B  PLAN VAP7130  DISTR;;;3974000;40900;2018;40900;4038000;1945;1948;11241.8;004;2018
011-128-259;LAND;062705150000;06270515;RS-1;One Family Dwelling;U;VAP5532;139;22;;3919;PUGET DR;V6L 2V3;;RICT LOT 139  NEW WESTMINSTER;LOT 22  BLOCK U  PLAN VAP5532  DIST;;;3403000;175000;2018;182000;3495000;1932;1980;10160.4;004;2018
006-273-491;LAND;062705350000;06270535;RS-1;One Family Dwelling;U;VAP5532;139;19;;3945;PUGET DR;V6L 2V3;;RICT LOT 139  NWD GROUP 1.;LOT 19  BLOCK U  PLAN VAP5532  DIST;;;3080000;115000;2018;119000;3130000;1937;1975;9299.09;004;2018
014-100-215;LAND;050714960000;05071496;RS-5;One Family Dwelling;72;VAP2036;2027;1;;3291;28TH AVE W;V6L 1X6;;RICT LOT 2027  NWD OF LOT 2.;LOT 1  BLOCK 72  PLAN VAP2036  DIST;;;2872000;214000;2018;220000;2859000;1981;1981;9047.06;004;2018
014-651-122;LAND;750037950000;75003795;RS-5;One Family Dwelling;4;VAP1847;320;A;;3707;41ST AVE W;V6N 3E8;T 7| SOUTH 93' (SEE 29810L).;ICT LOT 320  NWD GROUP 1| AMD OF LO;LOT A  BLOCK 4  PLAN VAP1847  DISTR;;;2769000;100000;2018;105000;2807000;1938;1965;7847.74;003;2018
011-259-884;LAND;090692690000;09069269;RS-1;One Family Dwelling;530;VAP4998;526;12;;3469;ARBUTUS ST;V6J 3Z5;;STRICT LOT 526  NEW WESTMINSTER;LOT 12  BLOCK 530  PLAN VAP4998  DI;;;2358000;33700;2018;33700;2524000;1928;1928;6912.18;004;2018
007-145-322;LAND;050725200000;05072520;RS-5;One Family Dwelling;52;VAP3060;2027;2;;4720;BLENHEIM ST;V6L 3A6;;RICT LOT 2027  NWD OF LOT 1.;LOT 2  BLOCK 52  PLAN VAP3060  DIST;;;2212000;29700;2018;30600;2217000;1957;1957;6955.1;004;2018
010-077-588;LAND;710073070000;71007307;RS-1;One Family Dwelling;553;VAP8453;526;56;;2693;KING EDWARD AVE W;V6L 1T5;;STRICT LOT 526  NEW WESTMINSTER;LOT 56  BLOCK 553  PLAN VAP8453  DI;;;2583000;34100;2018;34100;2782000;1952;1952;7325.4;004;2018
010-793-844;LAND;696067780000;69606778;RS-1;One Family Dwelling;6;VAP7073;139;4;;2822;20TH AVE W;V6L 1H3;;ICT LOT 139  NWD OF LOT 3.;LOT 4  BLOCK 6  PLAN VAP7073  DISTR;;;2962000;141000;2018;146000;3229000;1985;1985;9009.0;004;2018
023-072-130;STRATA;670182470002;67018247;RT-6;Two Family Dwelling;;LMS1958;302;2;;39;12TH AVE W;V5Y 1T4;N THE COMMON PROPERTY IN PROPORTION;02  NWD TOGETHER WITH AN INTEREST I;LOT 2  PLAN LMS1958  DISTRICT LOT 3;TO THE UNIT ENTITLEMENT OF THE STR;ATA LOT AS SHOWN ON FORM 1 OR V| AS;1081000;177000;2018;176000;1055000;1995;1995;4234.55;013;2018
004-535-171;LAND;082716450000;08271645;RS-1;One Family Dwelling;557;VAP9119;526;14;;4407;TOWNLEY ST;V6L 2G7;;STRICT LOT 526  NEW WESTMINSTER;LOT 14  BLOCK 557  PLAN VAP9119  DI;;;4052000;148000;2018;155000;4381000;1956;1975;11779.6;004;2018
003-496-392;STRATA;083715740008;08371574;CD-1 (78);Comprehensive Development;;VAS146;526;8;;2195;MCMULLEN AVE;V6L 3B3;3 SHARE IN COM PROP THEREIN.;6  NEW WESTMINSTER UNDIV 1604/11315;LOT 8  PLAN VAS146  DISTRICT LOT 52;;;1748000;288000;2018;212000;1696000;1973;1973;4297.25;004;2018
013-528-009;LAND;712054680000;71205468;RS-5;One Family Dwelling;86;VAP2832;2027;42;;3068;26TH AVE W;V6L 1V8;;TRICT LOT 2027  NEW WESTMINSTER;LOT 42  BLOCK 86  PLAN VAP2832  DIS;;;2722000;71400;2018;73400;2968000;1931;1960;8307.84;004;2018
014-100-291;LAND;714050860000;71405086;RS-5;One Family Dwelling;72;VAP2036;2027;12;;3216;27TH AVE W;V6L 1W8;;TRICT LOT 2027  NWD OF LOT 2.;LOT 12  BLOCK 72  PLAN VAP2036  DIS;;;4113000;141000;2018;148000;4514000;1938;1975;11912.9;004;2018
010-956-034;LAND;074723960000;07472396;RS-5;One Family Dwelling;761A;VAP6190;526;10;;4692;ELM ST;V6L 2L2;;ISTRICT LOT 526  NEW WESTMINSTER;LOT 10  BLOCK 761A  PLAN VAP6190  D;;;7273000;968000;2018;989000;7247000;1939;1991;21753.9;004;2018
010-796-797;LAND;694084440000;69408444;RS-1;One Family Dwelling;529;VAP6886;526;5;;2256;19TH AVE W;V6L 1C4;;TRICT LOT 526  NEW WESTMINSTER;LOT 5  BLOCK 529  PLAN VAP6886  DIS;;;3537000;43800;2018;45000;3641000;1941;1960;10209.3;004;2018
024-639-575;STRATA;138614930190;13861493;DD;Comprehensive Development;;LMS4050;541;190;2107;501;PACIFIC ST;V6Z 2X6;974 SHARE IN COM PROP THEREIN.;541  NEW WESTMINSTER UNDIV 550/149;LOT 190  PLAN LMS4050  DISTRICT LOT;;;449000;215000;2018;218000;345000;1999;1999;1638.93;029;2018
011-037-440;LAND;747030340000;74703034;RS-5;One Family Dwelling;1;VAP5985;320;31;;4062;40TH AVE W;V6N 3C1;;RICT LOT 320  NEW WESTMINSTER;LOT 31  BLOCK 1  PLAN VAP5985  DIST;;;3169000;48500;2018;48800;3164000;1949;1954;8396.08;003;2018
008-999-872;LAND;090717540000;09071754;RS-1;One Family Dwelling;88;VAP11644;526;5;;4426;ARBUTUS ST;V6J 4A2;;TRICT LOT 526  NEW WESTMINSTER;LOT 5  BLOCK 88  PLAN VAP11644  DIS;;;2523000;61200;2018;64000;2662000;1965;1965;7791.48;004;2018
014-061-279;LAND;752042770000;75204277;RS-5;One Family Dwelling;6;VAP2070;2027;30;;3339;42ND AVE W;V6N 3H3;;RICT LOT 2027  NWD & BLOCK 7.;LOT 30  BLOCK 6  PLAN VAP2070  DIST;;;4452000;1145000;2018;1137000;4489000;2000;2000;15167.8;003;2018
004-063-864;LAND;726060950000;72606095;RS-5;One Family Dwelling;49;VAP3378;2027;45;;2805;32ND AVE W;V6L 2B5;;TRICT LOT 2027  NEW WESTMINSTER;LOT 45  BLOCK 49  PLAN VAP3378  DIS;;;2722000;106000;2018;109000;2968000;1941;1980;8338.52;004;2018
012-954-594;LAND;730056170000;73005617;RS-5;One Family Dwelling;50;VAP3378;2027;57;;2989;33RD AVE W;V6N 2G4;;TRICT LOT 2027  NWD GROUP 1.;LOT 57  BLOCK 50  PLAN VAP3378  DIS;;;2197000;268000;2018;273000;2258000;1994;1994;7455.26;004;2018
011-876-204;LAND;050730720000;05073072;RS-5;One Family Dwelling;45;VAP4003;2027;12;;4970;BLENHEIM ST;V6N 1N3;;TRICT LOT 2027  NEW WESTMINSTER;LOT 12  BLOCK 45  PLAN VAP4003  DIS;;;3195000;150000;2018;168000;3219000;1927;1975;8853.98;005;2018
011-738-839;LAND;081761530000;08176153;RS-5;One Family Dwelling;1;VAP3650;526;17;;6257;YEW ST;V6M 3Z1;;RICT LOT 526  NWD OF LOT 10.;LOT 17  BLOCK 1  PLAN VAP3650  DIST;;;2555000;62600;2018;63800;2566000;1961;1961;7945.91;005;2018
005-157-943;LAND;737054680000;73705468;RS-5;One Family Dwelling;31;VAP3591;2027;28;;3058;36TH AVE W;V6N 2R5;;TRICT LOT 2027  NWD GROUP 1.;LOT 28  BLOCK 31  PLAN VAP3591  DIS;;;3444000;112000;2018;125000;3784000;1931;1970;9725.28;005;2018
012-569-232;LAND;737054760000;73705476;RS-5;One Family Dwelling;31;VAP3591;2027;27;;3038;36TH AVE W;V6N 2R5;;TRICT LOT 2027  NEW WESTMINSTER;LOT 27  BLOCK 31  PLAN VAP3591  DIS;;;3444000;850000;2018;839000;3784000;1995;1995;11004.7;005;2018
009-166-815;LAND;724079450000;72407945;RS-1;One Family Dwelling;95;VAP11076;526;7;;2211;32ND AVE W;V6L 2B1;;TRICT LOT 526  NEW WESTMINSTER;LOT 7  BLOCK 95  PLAN VAP11076  DIS;;;4184000;585000;2018;582000;4548000;1995;1995;13100.1;004;2018
013-285-653;LAND;731056520000;73105652;RS-5;One Family Dwelling;47;VAP2972;2027;11;;2942;34TH AVE W;V6N 2J8;;TRICT LOT 2027  NWD OF LOT 2.;LOT 11  BLOCK 47  PLAN VAP2972  DIS;;;2730000;48200;2018;48900;2756000;1940;1952;8228.32;005;2018
013-946-510;LAND;733098420000;73309842;RS-5;One Family Dwelling;21A;VAP2253;526;6;;1856;34TH AVE W;V6M 1G1;;TRICT LOT 526  NEW WESTMINSTER;LOT 6  BLOCK 21A  PLAN VAP2253  DIS;;;3023000;191000;2018;200000;2807000;1977;1977;9282.98;005;2018
009-634-487;LAND;757042440000;75704244;RS-5;One Family Dwelling;3;VAP9582;2027;F;;3390;44TH AVE W;V6N 3K8;;ICT LOT 2027  NWD GROUP 1.;LOT F  BLOCK 3  PLAN VAP9582  DISTR;;;4382000;169000;2018;182000;4172000;1937;1965;12765.0;006;2018
002-829-428;LAND;761091240000;76109124;RS-6;One Family Dwelling;2;VAP2183;526;8;;2078;46TH AVE W;V6M 2K9;;ICT LOT 526  NWD OF LOT 3.;LOT 8  BLOCK 2  PLAN VAP2183  DISTR;;;3159000;579000;2018;576000;3217000;1995;1995;10627.3;005;2018
