0||||https://avatars2githubusercontent.com/u/2199663?v=3&s=128|https://avatars2.githubusercontent.com/u/2199663?v=3&s=60|Charles Watson|3.0|546fd99cdb8155e6700d6ec8|||/sircharleswatson|sircharleswatson|1.0|no legumes either|54a4804fb2b2de4b786502bf|[]|[]|[]|22|2014-12-31T23:01:35.647Z||no legumes either|False|[]|1
1||||https://avatars0.githubusercontent.com/u/10361101?v=3&s=128|https://avatars0.githubusercontent.com/u/10361101?v=3&s=60|janetwalters008||54a47e0cdb8155e6700e486e|||/janetwalters008|janetwalters008||That bullet proof coffee sounds insane.|54a4809b9597baaa7dceceb0|[]|[]|[]|21|2014-12-31T23:02:51.600Z||That bullet proof coffee sounds insane.|False|[]|1
2||||https://avatars0.githubusercontent.com/u/10361101?v=3&s=128|https://avatars0.githubusercontent.com/u/10361101?v=3&s=60|janetwalters008||54a47e0cdb8155e6700e486e|||/janetwalters008|janetwalters008||That guy has huge eyes.|54a480b29597baaa7dceceb1|[]|[]|[]|21|2014-12-31T23:03:14.221Z||That guy has huge eyes.|False|[]|1
3||||https://avatars2.githubusercontent.com/u/2199663?v=3&s=128|https://avatars2.githubusercontent.com/u/2199663?v=3&s=60|Charles Watson|3.0|546fd99cdb8155e6700d6ec8|||/sircharleswatson|sircharleswatson|1.0|"<span data-link-type=""mention"" data-screen-name=""janetwalters008"" class=""mention"">@janetwalters008</span> It is. but it works. some people just can&#39;t handle the taste :P"|54a480b89597baaa7dceceb2|[]|[{'userIds': [], 'userId': '54a47e0cdb8155e6700e486e', 'screenName': 'janetwalters008'}]|[]|22|2014-12-31T23:03:20.182Z||@janetwalters008 It is. but it works. some people just can't handle the taste :P|False|[]|1
4||||https://avatars0.githubusercontent.com/u/4219415?v=3&s=128|https://avatars0.githubusercontent.com/u/4219415?v=3&s=60|Paul Gilliam|3.0|54a44bbbdb8155e6700e47de|||/phgilliam|phgilliam|1.0|They guy that came up with the idea is kind of a joke though...|54a480ca9597baaa7dceceb5|[]|[]|[]|22|2014-12-31T23:03:38.388Z||They guy that came up with the idea is kind of a joke though...|False|[]|1
5||||https://avatars0.githubusercontent.com/u/9159933?v=3&s=128|https://avatars0.githubusercontent.com/u/9159933?v=3&s=60|Kathy O'Driscoll||546fcc4cdb8155e6700d6e97|||/odrisck|odrisck|1.0|that sounds like torture actually :)|54a480ce9597baaa7dceceb6|[]|[]|[]|23|2014-12-31T23:03:42.433Z||that sounds like torture actually :)|False|[]|1
6||||https://avatars0.githubusercontent.com/u/4219415?v=3&s=128|https://avatars0.githubusercontent.com/u/4219415?v=3&s=60|Paul Gilliam|3.0|54a44bbbdb8155e6700e47de|||/phgilliam|phgilliam|1.0|the*|54a480e229aec36b6af1bf45|[]|[]|[]|23|2014-12-31T23:04:02.733Z||the*|False|[]|1
7||||https://avatars0.githubusercontent.com/u/10361101?v=3&s=128|https://avatars0.githubusercontent.com/u/10361101?v=3&s=60|janetwalters008||54a47e0cdb8155e6700e486e|||/janetwalters008|janetwalters008||I might try it out for fun-just one bullet proof coffee that is.|54a480e39597baaa7dceceb8|[]|[]|[]|22|2014-12-31T23:04:03.702Z||I might try it out for fun-just one bullet proof coffee that is.|False|[]|1
8||||https://avatars2.githubusercontent.com/u/2199663?v=3&s=128|https://avatars2.githubusercontent.com/u/2199663?v=3&s=60|Charles Watson|3.0|546fd99cdb8155e6700d6ec8|||/sircharleswatson|sircharleswatson|1.0|"<span data-link-type=""mention"" data-screen-name=""phgilliam"" class=""mention"">@phgilliam</span> I agree. he&#39;s pretty extreme lol"|54a480f99597baaa7dceceb9|[]|[{'userIds': [], 'userId': '54a44bbbdb8155e6700e47de', 'screenName': 'phgilliam'}]|[]|23|2014-12-31T23:04:25.310Z||@phgilliam I agree. he's pretty extreme lol|False|[]|1
9|2014-12-31T23:05:11.268Z|||https://avatars2.githubusercontent.com/u/2199663?v=3&s=128|https://avatars2.githubusercontent.com/u/2199663?v=3&s=60|Charles Watson|3.0|546fd99cdb8155e6700d6ec8|||/sircharleswatson|sircharleswatson|1.0|he&#39;s like the Bear Grylls of diets|54a480ff9597baaa7dcecebb|[]|[]|[]|23|2014-12-31T23:04:31.954Z||he's like the Bear Grylls of diets|False|[]|2
10||||https://avatars2.githubusercontent.com/u/2199663?v=3&s=128|https://avatars2.githubusercontent.com/u/2199663?v=3&s=60|Charles Watson|3.0|546fd99cdb8155e6700d6ec8|||/sircharleswatson|sircharleswatson|1.0|haha|54a4810929aec36b6af1bf47|[]|[]|[]|22|2014-12-31T23:04:41.055Z||haha|False|[]|1
11||||https://avatars0.githubusercontent.com/u/9159933?v=3&s=128|https://avatars0.githubusercontent.com/u/9159933?v=3&s=60|Kathy O'Driscoll||546fcc4cdb8155e6700d6e97|||/odrisck|odrisck|1.0|I have zero intention of doing the whole diet bit of it, I just want the nommy creamy fatty coffee|54a4810bb2b2de4b786502cb|[]|[]|[]|22|2014-12-31T23:04:43.413Z||I have zero intention of doing the whole diet bit of it, I just want the nommy creamy fatty coffee|False|[]|1
12||||https://avatars0.githubusercontent.com/u/9159933?v=3&s=128|https://avatars0.githubusercontent.com/u/9159933?v=3&s=60|Kathy O'Driscoll||546fcc4cdb8155e6700d6e97|||/odrisck|odrisck|1.0|and the energy|54a4810e9597baaa7dcecebd|[]|[]|[]|22|2014-12-31T23:04:46.129Z||and the energy|False|[]|1
13||||https://avatars2.githubusercontent.com/u/2199663?v=3&s=128|https://avatars2.githubusercontent.com/u/2199663?v=3&s=60|Charles Watson|3.0|546fd99cdb8155e6700d6ec8|||/sircharleswatson|sircharleswatson|1.0|I can&#39;t help but laugh at my own joke/reference lol|54a4811629aec36b6af1bf48|[]|[]|[]|22|2014-12-31T23:04:54.345Z||I can't help but laugh at my own joke/reference lol|False|[]|1
14||||https://avatars2.githubusercontent.com/u/2199663?v=3&s=128|https://avatars2.githubusercontent.com/u/2199663?v=3&s=60|Charles Watson|3.0|546fd99cdb8155e6700d6ec8|||/sircharleswatson|sircharleswatson|1.0|Anyone near LA/Santa Monica, CA want to host me and my wife for a week or two? :D|54a4814f29aec36b6af1bf4e|[]|[]|[]|22|2014-12-31T23:05:51.589Z||Anyone near LA/Santa Monica, CA want to host me and my wife for a week or two? :D|False|[]|1
15||||https://avatars2.githubusercontent.com/u/2199663?v=3&s=128|https://avatars2.githubusercontent.com/u/2199663?v=3&s=60|Charles Watson|3.0|546fd99cdb8155e6700d6ec8|||/sircharleswatson|sircharleswatson|1.0|haha|54a481519597baaa7dcecec3|[]|[]|[]|22|2014-12-31T23:05:53.678Z||haha|False|[]|1
16||||https://avatars0.githubusercontent.com/u/9159933?v=3&s=128|https://avatars0.githubusercontent.com/u/9159933?v=3&s=60|Kathy O'Driscoll||546fcc4cdb8155e6700d6e97|||/odrisck|odrisck|1.0|I would if I didn’t have my son and his family camping in my den|54a4819db2b2de4b786502d7|[]|[]|[]|22|2014-12-31T23:07:09.413Z||I would if I didn’t have my son and his family camping in my den|False|[]|1
17||||https://avatars0.githubusercontent.com/u/9159933?v=3&s=128|https://avatars0.githubusercontent.com/u/9159933?v=3&s=60|Kathy O'Driscoll||546fcc4cdb8155e6700d6e97|||/odrisck|odrisck|1.0|tho we aren’t that close to santa monica|54a481ac9597baaa7dceced0|[]|[]|[]|23|2014-12-31T23:07:24.557Z||tho we aren’t that close to santa monica|False|[]|1
18|2014-12-31T23:10:17.313Z|||https://avatars2.githubusercontent.com/u/2199663?v=3&s=128|https://avatars2.githubusercontent.com/u/2199663?v=3&s=60|Charles Watson|3.0|546fd99cdb8155e6700d6ec8|||/sircharleswatson|sircharleswatson|1.0|How close is &quot;not that close&quot;? lol|54a4824929aec36b6af1bf64|[]|[]|[]|21|2014-12-31T23:10:01.696Z||"How close is ""not that close""? lol"|False|[]|2
19||||https://avatars0.githubusercontent.com/u/9159933?v=3&s=128|https://avatars0.githubusercontent.com/u/9159933?v=3&s=60|Kathy O'Driscoll||546fcc4cdb8155e6700d6e97|||/odrisck|odrisck|1.0|hmm, 2 hour drive, but thats because the freeways are a nightmare :)|54a4831729aec36b6af1bf77|[]|[]|[]|20|2014-12-31T23:13:27.943Z||hmm, 2 hour drive, but thats because the freeways are a nightmare :)|False|[]|1
20||||https://avatars0.githubusercontent.com/u/1201529?v=3&s=128|https://avatars0.githubusercontent.com/u/1201529?v=3&s=60|Jason Rueckert|3.0|5466246ddb8155e6700d4a1a|||/jsonify|jsonify|3.0|Here&#39;s one of the things I love about Meteor and everything that surrounds it&#39;s structure...the way that things associated to Meteor directly reference back to the branding idea of an actual physical meteor object.|54a483939597baaa7dcecf07|[]|[]|[]|19|2014-12-31T23:15:31.825Z||Here's one of the things I love about Meteor and everything that surrounds it's structure...the way that things associated to Meteor directly reference back to the branding idea of an actual physical meteor object.|False|[]|1
21||||https://avatars0.githubusercontent.com/u/1201529?v=3&s=128|https://avatars0.githubusercontent.com/u/1201529?v=3&s=60|Jason Rueckert|3.0|5466246ddb8155e6700d4a1a|||/jsonify|jsonify|3.0|Atmosphere as the package manager|54a483c49597baaa7dcecf0e|[]|[]|[]|18|2014-12-31T23:16:20.840Z||Atmosphere as the package manager|False|[]|1
22||||https://avatars0.githubusercontent.com/u/1201529?v=3&s=128|https://avatars0.githubusercontent.com/u/1201529?v=3&s=60|Jason Rueckert|3.0|5466246ddb8155e6700d4a1a|||/jsonify|jsonify|3.0|Meteorites as the package installer|54a484139597baaa7dcecf16|[]|[]|[]|17|2014-12-31T23:17:39.358Z||Meteorites as the package installer|False|[]|1
23||||https://avatars0.githubusercontent.com/u/1201529?v=3&s=128|https://avatars0.githubusercontent.com/u/1201529?v=3&s=60|Jason Rueckert|3.0|5466246ddb8155e6700d4a1a|||/jsonify|jsonify|3.0|The oortcloud...etc|54a48462b2b2de4b7865030c|[]|[]|[]|18|2014-12-31T23:18:58.066Z||The oortcloud...etc|False|[]|1
24||||https://avatars0.githubusercontent.com/u/9159933?v=3&s=128|https://avatars0.githubusercontent.com/u/9159933?v=3&s=60|Kathy O'Driscoll||546fcc4cdb8155e6700d6e97|||/odrisck|odrisck|1.0|HAH I’m using skitch for bills my kids owe me, pink pointers everywhere!|54a484a99597baaa7dcecf22|[]|[]|[]|17|2014-12-31T23:20:09.388Z||HAH I’m using skitch for bills my kids owe me, pink pointers everywhere!|False|[]|1
25||||https://avatars0.githubusercontent.com/u/9159933?v=3&s=128|https://avatars0.githubusercontent.com/u/9159933?v=3&s=60|Kathy O'Driscoll||546fcc4cdb8155e6700d6e97|||/odrisck|odrisck|1.0|I’m the most annoying mom|54a484b89597baaa7dcecf23|[]|[]|[]|18|2014-12-31T23:20:24.374Z||I’m the most annoying mom|False|[]|1
26||||https://avatars2.githubusercontent.com/u/2199663?v=3&s=128|https://avatars2.githubusercontent.com/u/2199663?v=3&s=60|Charles Watson|3.0|546fd99cdb8155e6700d6ec8|||/sircharleswatson|sircharleswatson|1.0|"<span data-link-type=""mention"" data-screen-name=""phlacin"" class=""mention"">@phlacin</span> Meteorites is not a thing anymore :P"|54a484ec9597baaa7dcecf27|[]|[{'userIds': [], 'userId': '5466246ddb8155e6700d4a1a', 'screenName': 'phlacin'}]|[]|19|2014-12-31T23:21:16.778Z||@phlacin Meteorites is not a thing anymore :P|False|[]|1
27||||https://avatars0.githubusercontent.com/u/1201529?v=3&s=128|https://avatars0.githubusercontent.com/u/1201529?v=3&s=60|Jason Rueckert|3.0|5466246ddb8155e6700d4a1a|||/jsonify|jsonify|3.0|lame|54a484fbb2b2de4b78650314|[]|[]|[]|19|2014-12-31T23:21:31.693Z||lame|False|[]|1
28||||https://avatars2.githubusercontent.com/u/2199663?v=3&s=128|https://avatars2.githubusercontent.com/u/2199663?v=3&s=60|Charles Watson|3.0|546fd99cdb8155e6700d6ec8|||/sircharleswatson|sircharleswatson|1.0|it is now the term used to describe someone who is a meteor developer|54a484ff29aec36b6af1bf9f|[]|[]|[]|18|2014-12-31T23:21:35.055Z||it is now the term used to describe someone who is a meteor developer|False|[]|1
29||||https://avatars2.githubusercontent.com/u/2199663?v=3&s=128|https://avatars2.githubusercontent.com/u/2199663?v=3&s=60|Charles Watson|3.0|546fd99cdb8155e6700d6ec8|||/sircharleswatson|sircharleswatson|1.0|(and it was replaced by atmosphere)|54a485099597baaa7dcecf2f|[]|[]|[]|18|2014-12-31T23:21:45.056Z||(and it was replaced by atmosphere)|False|[]|1
30||||https://avatars0.githubusercontent.com/u/1201529?v=3&s=128|https://avatars0.githubusercontent.com/u/1201529?v=3&s=60|Jason Rueckert|3.0|5466246ddb8155e6700d4a1a|||/jsonify|jsonify|3.0|!lame anymore|54a4850bb2b2de4b78650316|[]|[]|[]|19|2014-12-31T23:21:47.294Z||!lame anymore|False|[]|1
31||||https://avatars0.githubusercontent.com/u/1201529?v=3&s=128|https://avatars0.githubusercontent.com/u/1201529?v=3&s=60|Jason Rueckert|3.0|5466246ddb8155e6700d4a1a|||/jsonify|jsonify|3.0|that sounds cooler than a Djangonaut|54a4852729aec36b6af1bfa6|[]|[]|[]|19|2014-12-31T23:22:15.635Z||that sounds cooler than a Djangonaut|False|[]|1
32||||https://avatars0.githubusercontent.com/u/1201529?v=3&s=128|https://avatars0.githubusercontent.com/u/1201529?v=3&s=60|Jason Rueckert|3.0|5466246ddb8155e6700d4a1a|||/jsonify|jsonify|3.0|or better yet...a Pythonista|54a4853429aec36b6af1bfa8|[]|[]|[]|19|2014-12-31T23:22:28.138Z||or better yet...a Pythonista|False|[]|1
33||||https://avatars0.githubusercontent.com/u/1201529?v=3&s=128|https://avatars0.githubusercontent.com/u/1201529?v=3&s=60|Jason Rueckert|3.0|5466246ddb8155e6700d4a1a|||/jsonify|jsonify|3.0|always hated that|54a48539b2b2de4b7865031e|[]|[]|[]|19|2014-12-31T23:22:33.823Z||always hated that|False|[]|1
34||||https://avatars2.githubusercontent.com/u/2199663?v=3&s=128|https://avatars2.githubusercontent.com/u/2199663?v=3&s=60|Charles Watson|3.0|546fd99cdb8155e6700d6ec8|||/sircharleswatson|sircharleswatson|1.0|lol|54a4855eb2b2de4b78650321|[]|[]|[]|18|2014-12-31T23:23:10.118Z||lol|False|[]|1
35||||https://avatars2.githubusercontent.com/u/9891788?v=3&s=128|https://avatars2.githubusercontent.com/u/9891788?v=3&s=60|Kellie Adams||54711060db8155e6700d72c1|||/Kadams223|Kadams223|1.0|when making the robot eyes blink I get  lasers but there is some problem.<br>There are 2 eyes when they are white and 1 eye - red|54a4885329aec36b6af1bfd2|[]|[]|[]|17|2014-12-31T23:35:47.075Z||"when making the robot eyes blink I get  lasers but there is some problem.
There are 2 eyes when they are white and 1 eye - red"|False|[]|1
36||||https://avatars2.githubusercontent.com/u/2199663?v=3&s=128|https://avatars2.githubusercontent.com/u/2199663?v=3&s=60|Charles Watson|3.0|546fd99cdb8155e6700d6ec8|||/sircharleswatson|sircharleswatson|1.0|"<span data-link-type=""mention"" data-screen-name=""Kadams223"" class=""mention"">@Kadams223</span> That is a bug/flaw in the Dash course. it&#39;s not your fault haha"|54a4888029aec36b6af1bfd6|[]|[{'userIds': [], 'userId': '54711060db8155e6700d72c1', 'screenName': 'Kadams223'}]|[]|17|2014-12-31T23:36:32.121Z||@Kadams223 That is a bug/flaw in the Dash course. it's not your fault haha|False|[]|1
37||||https://avatars2.githubusercontent.com/u/2199663?v=3&s=128|https://avatars2.githubusercontent.com/u/2199663?v=3&s=60|Charles Watson|3.0|546fd99cdb8155e6700d6ec8|||/sircharleswatson|sircharleswatson|1.0|think about the way you created two eyes in the first place and do the same thing on the  <code>@keyframes blink</code> sections|54a488a529aec36b6af1bfdb|[]|[]|[]|16|2014-12-31T23:37:09.708Z||think about the way you created two eyes in the first place and do the same thing on the  `@keyframes blink` sections|False|[]|1
38||||https://avatars2.githubusercontent.com/u/9891788?v=3&s=128|https://avatars2.githubusercontent.com/u/9891788?v=3&s=60|Kellie Adams||54711060db8155e6700d72c1|||/Kadams223|Kadams223|1.0|bummer I want them both to turn red|54a488a5b2b2de4b78650348|[]|[]|[]|16|2014-12-31T23:37:09.871Z||bummer I want them both to turn red|False|[]|1
39||||https://avatars2.githubusercontent.com/u/9891788?v=3&s=128|https://avatars2.githubusercontent.com/u/9891788?v=3&s=60|Kellie Adams||54711060db8155e6700d72c1|||/Kadams223|Kadams223|1.0|ok Ill try that|54a488bb29aec36b6af1bfde|[]|[]|[]|16|2014-12-31T23:37:31.442Z||ok Ill try that|False|[]|1
40||||https://avatars2.githubusercontent.com/u/2199663?v=3&s=128|https://avatars2.githubusercontent.com/u/2199663?v=3&s=60|Charles Watson|3.0|546fd99cdb8155e6700d6ec8|||/sircharleswatson|sircharleswatson|1.0|:)|54a488c69597baaa7dcecf66|[]|[]|[]|15|2014-12-31T23:37:42.717Z||:)|False|[]|1
41||||https://avatars2.githubusercontent.com/u/10361257?v=3&s=128|https://avatars2.githubusercontent.com/u/10361257?v=3&s=60|Ahsan Adam Budhani||54a48917db8155e6700e4887|||/AhsanBudhani|AhsanBudhani||Hello Everyone I am new here|54a48946b2b2de4b78650359|[]|[]|[]|15|2014-12-31T23:39:50.919Z||Hello Everyone I am new here|False|[]|1
42||||https://avatars0.githubusercontent.com/u/6054164?v=3&s=128|https://avatars0.githubusercontent.com/u/6054164?v=3&s=60|Adam||54987ee2db8155e6700e2207|||/aferch87|aferch87|1.0|So just finished up the jQuery Challenges and Im getting the hang of it, is there any benefit to continue learning this with Code School, or should I stay on track with the FCC challenges.|54a48957b2b2de4b7865035a|[]|[]|[]|15|2014-12-31T23:40:07.870Z||So just finished up the jQuery Challenges and Im getting the hang of it, is there any benefit to continue learning this with Code School, or should I stay on track with the FCC challenges.|False|[]|1
43||||https://avatars0.githubusercontent.com/u/9159933?v=3&s=128|https://avatars0.githubusercontent.com/u/9159933?v=3&s=60|Kathy O'Driscoll||546fcc4cdb8155e6700d6e97|||/odrisck|odrisck|1.0|"welcome to FreeCodeCamp <span data-link-type=""mention"" data-screen-name=""AhsanBudhani"" class=""mention"">@AhsanBudhani</span> "|54a4896e9597baaa7dcecf71|[]|[{'userIds': [], 'userId': '54a48917db8155e6700e4887', 'screenName': 'AhsanBudhani'}]|[]|16|2014-12-31T23:40:30.515Z||welcome to FreeCodeCamp @AhsanBudhani |False|[]|1
44||||https://avatars0.githubusercontent.com/u/9159933?v=3&s=128|https://avatars0.githubusercontent.com/u/9159933?v=3&s=60|Kathy O'Driscoll||546fcc4cdb8155e6700d6e97|||/odrisck|odrisck|1.0|"I’m partial to FCC challenges <span data-link-type=""mention"" data-screen-name=""aferch87"" class=""mention"">@aferch87</span> :)"|54a4899a29aec36b6af1bfea|[]|[{'userIds': [], 'userId': '54987ee2db8155e6700e2207', 'screenName': 'aferch87'}]|[]|17|2014-12-31T23:41:14.246Z||I’m partial to FCC challenges @aferch87 :)|False|[]|1
45||||https://avatars2.githubusercontent.com/u/2199663?v=3&s=128|https://avatars2.githubusercontent.com/u/2199663?v=3&s=60|Charles Watson|3.0|546fd99cdb8155e6700d6ec8|||/sircharleswatson|sircharleswatson|1.0|"<span data-link-type=""mention"" data-screen-name=""aferch87"" class=""mention"">@aferch87</span> I would just stick with the FCC stuff. but feel free to pay loads of money to keep learning with code school"|54a489b729aec36b6af1bfef|[]|[{'userIds': [], 'userId': '54987ee2db8155e6700e2207', 'screenName': 'aferch87'}]|[]|16|2014-12-31T23:41:43.905Z||@aferch87 I would just stick with the FCC stuff. but feel free to pay loads of money to keep learning with code school|False|[]|1
46||||https://avatars2.githubusercontent.com/u/10334566?v=3&s=128|https://avatars2.githubusercontent.com/u/10334566?v=3&s=60|JohnQQ|3.0|54a0ace5db8155e6700e38bf|||/JohnQQ|JohnQQ|2.0|"<span data-link-type=""mention"" data-screen-name=""Kadams223"" class=""mention"">@Kadams223</span> Hello, first of all Happy new year! , secondly, you need to add another (background-size: 75px 150px); to each <span data-link-type=""mention"" data-screen-name=""keyframe"" class=""mention"">@keyframe</span>."|54a489b8b2b2de4b7865035d|[]|[{'userIds': [], 'userId': '54711060db8155e6700d72c1', 'screenName': 'Kadams223'}, {'userIds': [], 'screenName': 'keyframe'}]|[]|16|2014-12-31T23:41:44.186Z||@Kadams223 Hello, first of all Happy new year! , secondly, you need to add another (background-size: 75px 150px); to each @keyframe.|False|[]|1
47||||https://avatars0.githubusercontent.com/u/9159933?v=3&s=128|https://avatars0.githubusercontent.com/u/9159933?v=3&s=60|Kathy O'Driscoll||546fcc4cdb8155e6700d6e97|||/odrisck|odrisck|1.0|I think you’ll get plenty of exposure through out the challenges|54a489ba9597baaa7dcecf78|[]|[]|[]|16|2014-12-31T23:41:46.344Z||I think you’ll get plenty of exposure through out the challenges|False|[]|1
48||||https://avatars0.githubusercontent.com/u/6054164?v=3&s=128|https://avatars0.githubusercontent.com/u/6054164?v=3&s=60|Adam||54987ee2db8155e6700e2207|||/aferch87|aferch87|1.0|"<span data-link-type=""mention"" data-screen-name=""sircharleswatson"" class=""mention"">@sircharleswatson</span> that was really my question"|54a489d029aec36b6af1bff3|[]|[{'userIds': [], 'userId': '546fd99cdb8155e6700d6ec8', 'screenName': 'sircharleswatson'}]|[]|16|2014-12-31T23:42:08.398Z||@sircharleswatson that was really my question|False|[]|1
49||||https://avatars2.githubusercontent.com/u/9891788?v=3&s=128|https://avatars2.githubusercontent.com/u/9891788?v=3&s=60|Kellie Adams||54711060db8155e6700d72c1|||/Kadams223|Kadams223|1.0|"thanks <span data-link-type=""mention"" data-screen-name=""sircharleswatson"" class=""mention"">@sircharleswatson</span> <span data-link-type=""mention"" data-screen-name=""JohnQQ"" class=""mention"">@JohnQQ</span> just got it working"|54a48a2029aec36b6af1bff6|[]|[{'userIds': [], 'userId': '546fd99cdb8155e6700d6ec8', 'screenName': 'sircharleswatson'}, {'userIds': [], 'userId': '54a0ace5db8155e6700e38bf', 'screenName': 'JohnQQ'}]|[]|17|2014-12-31T23:43:28.814Z||thanks @sircharleswatson @JohnQQ just got it working|False|[]|1
50||||https://avatars2.githubusercontent.com/u/2199663?v=3&s=128|https://avatars2.githubusercontent.com/u/2199663?v=3&s=60|Charles Watson|3.0|546fd99cdb8155e6700d6ec8|||/sircharleswatson|sircharleswatson|1.0|"<span data-link-type=""mention"" data-screen-name=""Kadams223"" class=""mention"">@Kadams223</span> Good job!"|54a48a6bb2b2de4b78650360|[]|[{'userIds': [], 'userId': '54711060db8155e6700d72c1', 'screenName': 'Kadams223'}]|[]|17|2014-12-31T23:44:43.713Z||@Kadams223 Good job!|False|[]|1
51||||https://avatars0.githubusercontent.com/u/4591490?v=3&s=128|https://avatars0.githubusercontent.com/u/4591490?v=3&s=60|mykey007||54a48acddb8155e6700e488f|||/mykey007|mykey007||hi everybody!|54a48b0a29aec36b6af1c006|[]|[]|[]|19|2014-12-31T23:47:22.071Z||hi everybody!|False|[]|1
52||||https://avatars2.githubusercontent.com/u/5336429?v=3&s=128|https://avatars2.githubusercontent.com/u/5336429?v=3&s=60|Russ Eby|3.0|54a25226db8155e6700e3e0b|||/RussEby|RussEby|2.0|"Hello <span data-link-type=""mention"" data-screen-name=""mykey007"" class=""mention"">@mykey007</span> "|54a48b16b2b2de4b7865036f|[]|[{'userIds': [], 'userId': '54a48acddb8155e6700e488f', 'screenName': 'mykey007'}]|[]|20|2014-12-31T23:47:34.390Z||Hello @mykey007 |False|[]|1
53||||https://avatars2.githubusercontent.com/u/10361257?v=3&s=128|https://avatars2.githubusercontent.com/u/10361257?v=3&s=60|Ahsan Adam Budhani||54a48917db8155e6700e4887|||/AhsanBudhani|AhsanBudhani||thanks .|54a48b1e29aec36b6af1c007|[]|[]|[]|20|2014-12-31T23:47:42.490Z||thanks .|False|[]|1
54||||https://avatars2.githubusercontent.com/u/10361257?v=3&s=128|https://avatars2.githubusercontent.com/u/10361257?v=3&s=60|Ahsan Adam Budhani||54a48917db8155e6700e4887|||/AhsanBudhani|AhsanBudhani||"hello <span data-link-type=""mention"" data-screen-name=""mkey007"" class=""mention"">@mkey007</span>"|54a48b2f9597baaa7dcecf9d|[]|[{'userIds': [], 'screenName': 'mkey007'}]|[]|20|2014-12-31T23:47:59.687Z||hello @mkey007|False|[]|1
55|2014-12-31T23:52:19.593Z|||https://avatars0.githubusercontent.com/u/6440035?v=3&s=128|https://avatars0.githubusercontent.com/u/6440035?v=3&s=60|Alex Ung|3.0|54a48bffdb8155e6700e4893|||/alexung|alexung|1.0|Hello world|54a48c269597baaa7dcecfab|[]|[]|[]|21|2014-12-31T23:52:06.136Z||Hello world|False|[]|2
56||||https://avatars2.githubusercontent.com/u/65630?v=3&s=128|https://avatars2.githubusercontent.com/u/65630?v=3&s=60|Erik Hanchett|3.0|53a8d245a9176b500d1cf0de|||/ErikCH|ErikCH|4.0|hi everyone|54a48c7229aec36b6af1c01a|[]|[]|[]|20|2014-12-31T23:53:22.613Z||hi everyone|False|[]|1
57||||https://avatars0.githubusercontent.com/u/4591490?v=3&s=128|https://avatars0.githubusercontent.com/u/4591490?v=3&s=60|mykey007||54a48acddb8155e6700e488f|||/mykey007|mykey007||"hi <span data-link-type=""mention"" data-screen-name=""ErikCH"" class=""mention"">@ErikCH</span> "|54a48c84b2b2de4b7865038e|[]|[{'userIds': [], 'userId': '53a8d245a9176b500d1cf0de', 'screenName': 'ErikCH'}]|[]|23|2014-12-31T23:53:40.082Z||hi @ErikCH |False|[]|1
58||||https://avatars0.githubusercontent.com/u/4591490?v=3&s=128|https://avatars0.githubusercontent.com/u/4591490?v=3&s=60|mykey007||54a48acddb8155e6700e488f|||/mykey007|mykey007||good to meet you all, good luck with the course!|54a48c8fb2b2de4b78650392|[]|[]|[]|23|2014-12-31T23:53:51.522Z||good to meet you all, good luck with the course!|False|[]|1
59||||https://avatars0.githubusercontent.com/u/9159933?v=3&s=128|https://avatars0.githubusercontent.com/u/9159933?v=3&s=60|Kathy O'Driscoll||546fcc4cdb8155e6700d6e97|||/odrisck|odrisck|1.0|"Hi there <span data-link-type=""mention"" data-screen-name=""ErikCH"" class=""mention"">@ErikCH</span> "|54a48cc6b2b2de4b78650398|[]|[{'userIds': [], 'userId': '53a8d245a9176b500d1cf0de', 'screenName': 'ErikCH'}]|[]|23|2014-12-31T23:54:46.566Z||Hi there @ErikCH |False|[]|1
60||||https://avatars2.githubusercontent.com/u/10361031?v=3&s=128|https://avatars2.githubusercontent.com/u/10361031?v=3&s=60|Bryce|3.0|54a47c23db8155e6700e4869|||/ObviousQuark|ObviousQuark|1.0|Speeding through the first challenges on general assembly pretty fast|54a48cfbb2b2de4b7865039c|[]|[]|[]|24|2014-12-31T23:55:39.490Z||Speeding through the first challenges on general assembly pretty fast|False|[]|1
61||||https://avatars2.githubusercontent.com/u/10361031?v=3&s=128|https://avatars2.githubusercontent.com/u/10361031?v=3&s=60|Bryce|3.0|54a47c23db8155e6700e4869|||/ObviousQuark|ObviousQuark|1.0|Really happy with some progress!|54a48d1029aec36b6af1c028|[]|[]|[]|23|2014-12-31T23:56:00.630Z||Really happy with some progress!|False|[]|1
62||||https://avatars0.githubusercontent.com/u/1201529?v=3&s=128|https://avatars0.githubusercontent.com/u/1201529?v=3&s=60|Jason Rueckert|3.0|5466246ddb8155e6700d4a1a|||/jsonify|jsonify|3.0|"<span data-link-type=""mention"" data-screen-name=""ObviousQuark"" class=""mention"">@ObviousQuark</span> that&#39;s what it&#39;s all about. It&#39;s a great feeling when things start to &quot;click&quot;"|54a48d9cb2b2de4b786503a4|[]|[{'userIds': [], 'userId': '54a47c23db8155e6700e4869', 'screenName': 'ObviousQuark'}]|[]|23|2014-12-31T23:58:20.051Z||"@ObviousQuark that's what it's all about. It's a great feeling when things start to ""click"""|False|[]|1
63||||https://avatars2.githubusercontent.com/u/4203807?v=3&s=128|https://avatars2.githubusercontent.com/u/4203807?v=3&s=60|Steven Walters|3.0|547cbe4edb8155e6700da22a|||/StevenKW|StevenKW|1.0|"<span data-link-type=""mention"" data-screen-name=""janetwalters008"" class=""mention"">@janetwalters008</span> Welcome to FCC Janet. Another Los Angeles gal."|54a48dadb2b2de4b786503a8|[]|[{'userIds': [], 'userId': '54a47e0cdb8155e6700e486e', 'screenName': 'janetwalters008'}]|[]|22|2014-12-31T23:58:37.766Z||"@janetwalters008 Welcome to FCC Janet. Another Los Angeles gal.
"|False|[]|1
64||||https://avatars2.githubusercontent.com/u/10334566?v=3&s=128|https://avatars2.githubusercontent.com/u/10334566?v=3&s=60|JohnQQ|3.0|54a0ace5db8155e6700e38bf|||/JohnQQ|JohnQQ|2.0|Why doesn&#39;t this page automatically update?(Chat). I was doing some stuff in Chrome, got back and saw no new messages, hit F5 and new messages popped up. I am missing something here obviously :/ |54a48ee929aec36b6af1c045|[]|[]|[]|21|2015-01-01T00:03:53.584Z||Why doesn't this page automatically update?(Chat). I was doing some stuff in Chrome, got back and saw no new messages, hit F5 and new messages popped up. I am missing something here obviously :/ |False|[]|1
65||||https://avatars2.githubusercontent.com/u/5336429?v=3&s=128|https://avatars2.githubusercontent.com/u/5336429?v=3&s=60|Russ Eby|3.0|54a25226db8155e6700e3e0b|||/RussEby|RussEby|2.0|It&#39;s updating in mine (Opera though, yeah, Opera). It even chimes with every message. |54a48f3fb2b2de4b786503cd|[]|[]|[]|21|2015-01-01T00:05:19.246Z||It's updating in mine (Opera though, yeah, Opera). It even chimes with every message. |False|[]|1
66||||https://avatars2.githubusercontent.com/u/1250084?v=3&s=128|https://avatars2.githubusercontent.com/u/1250084?v=3&s=60|swarage|3.0|54a49008db8155e6700e4899|||/swarage|swarage|1.0|ayy lmao|54a49015b2b2de4b786503d3|[]|[]|[]|22|2015-01-01T00:08:53.590Z||ayy lmao|False|[]|1
67||||https://avatars0.githubusercontent.com/u/4591490?v=3&s=128|https://avatars0.githubusercontent.com/u/4591490?v=3&s=60|mykey007||54a48acddb8155e6700e488f|||/mykey007|mykey007||doing the robot challenge, neat|54a492589597baaa7dced009|[]|[]|[]|20|2015-01-01T00:18:32.259Z||doing the robot challenge, neat|False|[]|1
68||||https://avatars0.githubusercontent.com/u/4591490?v=3&s=128|https://avatars0.githubusercontent.com/u/4591490?v=3&s=60|mykey007||54a48acddb8155e6700e488f|||/mykey007|mykey007||happy new year folks! :D|54a4928f9597baaa7dced00d|[]|[]|[]|21|2015-01-01T00:19:27.472Z||happy new year folks! :D|False|[]|1
69||||https://avatars0.githubusercontent.com/u/9159933?v=3&s=128|https://avatars0.githubusercontent.com/u/9159933?v=3&s=60|Kathy O'Driscoll||546fcc4cdb8155e6700d6e97|||/odrisck|odrisck|1.0|Happy New Year|54a492a3b2b2de4b786503f5|[]|[]|[]|21|2015-01-01T00:19:47.024Z||Happy New Year|False|[]|1
70||||https://avatars0.githubusercontent.com/u/985197?v=3&s=128|https://avatars0.githubusercontent.com/u/985197?v=3&s=60|Quincy Larson|3.0|546fc9f1db8155e6700d6e8c|||/QuincyLarson|QuincyLarson|3.0|"<span data-link-type=""mention"" data-screen-name=""mykey007"" class=""mention"">@mykey007</span> Happy new year!"|54a492aa9597baaa7dced00e|[]|[{'userIds': [], 'userId': '54a48acddb8155e6700e488f', 'screenName': 'mykey007'}]|[]|21|2015-01-01T00:19:54.280Z||@mykey007 Happy new year!|False|[]|1
71||||https://avatars1.githubusercontent.com/u/5902551?v=3&s=128|https://avatars1.githubusercontent.com/u/5902551?v=3&s=60|Jakub Farobek|3.0|549dfc66db8155e6700e328a|||/farobek|farobek|1.0|"<span data-link-type=""mention"" data-screen-name=""QuincyLarson"" class=""mention"">@QuincyLarson</span> &quot; Yes, we decided the SQL challenges were sub-par, and there weren’t any good resources with which to replace them. It wasn’t an easy decision.&quot; Oh, this was meant to me? :D I am not farouk23. :D"|54a492c19597baaa7dced010|[]|[{'userIds': [], 'userId': '546fc9f1db8155e6700d6e8c', 'screenName': 'QuincyLarson'}]|[]|21|2015-01-01T00:20:17.226Z||"@QuincyLarson "" Yes, we decided the SQL challenges were sub-par, and there weren’t any good resources with which to replace them. It wasn’t an easy decision."" Oh, this was meant to me? :D I am not farouk23. :D"|False|[]|1
72||||https://avatars1.githubusercontent.com/u/5902551?v=3&s=128|https://avatars1.githubusercontent.com/u/5902551?v=3&s=60|Jakub Farobek|3.0|549dfc66db8155e6700e328a|||/farobek|farobek|1.0|P.S. Happy new year!|54a492ea9597baaa7dced015|[]|[]|[]|21|2015-01-01T00:20:58.838Z||P.S. Happy new year!|False|[]|1
73||||https://avatars2.githubusercontent.com/u/6305320?v=3&s=128|https://avatars2.githubusercontent.com/u/6305320?v=3&s=60|Trystan Hendricks|3.0|54a49356db8155e6700e48a2|||/blabtonic|blabtonic|1.0|Happy new year everyone |54a493639597baaa7dced019|[]|[]|[]|22|2015-01-01T00:22:59.106Z||Happy new year everyone |False|[]|1
74||||https://avatars0.githubusercontent.com/u/985197?v=3&s=128|https://avatars0.githubusercontent.com/u/985197?v=3&s=60|Quincy Larson|3.0|546fc9f1db8155e6700d6e8c|||/QuincyLarson|QuincyLarson|3.0|"<span data-link-type=""mention"" data-screen-name=""farouk23"" class=""mention"">@farouk23</span> Yes, we decided the SQL challenges were sub-par, and there weren’t any good resources with which to replace them. It wasn’t an easy decision."|54a493b1b2b2de4b786503ff|[]|[{'userIds': [], 'userId': '54715346db8155e6700d7373', 'screenName': 'farouk23'}]|[]|21|2015-01-01T00:24:17.565Z||@farouk23 Yes, we decided the SQL challenges were sub-par, and there weren’t any good resources with which to replace them. It wasn’t an easy decision.|False|[]|1
75||||https://avatars0.githubusercontent.com/u/985197?v=3&s=128|https://avatars0.githubusercontent.com/u/985197?v=3&s=60|Quincy Larson|3.0|546fc9f1db8155e6700d6e8c|||/QuincyLarson|QuincyLarson|3.0|"<span data-link-type=""mention"" data-screen-name=""farobek"" class=""mention"">@farobek</span> Thanks! I use tab completion and sometimes I select the wrong recipient for my message :)"|54a493c59597baaa7dced021|[]|[{'userIds': [], 'userId': '549dfc66db8155e6700e328a', 'screenName': 'farobek'}]|[]|21|2015-01-01T00:24:37.168Z||@farobek Thanks! I use tab completion and sometimes I select the wrong recipient for my message :)|False|[]|1
76||||https://avatars0.githubusercontent.com/u/985197?v=3&s=128|https://avatars0.githubusercontent.com/u/985197?v=3&s=60|Quincy Larson|3.0|546fc9f1db8155e6700d6e8c|||/QuincyLarson|QuincyLarson|3.0|"<span data-link-type=""mention"" data-screen-name=""blabtonic"" class=""mention"">@blabtonic</span> Happy New Year!"|54a493cbb2b2de4b78650401|[]|[{'userIds': [], 'userId': '54a49356db8155e6700e48a2', 'screenName': 'blabtonic'}]|[]|21|2015-01-01T00:24:43.359Z||@blabtonic Happy New Year!|False|[]|1
77||||https://avatars0.githubusercontent.com/u/9159933?v=3&s=128|https://avatars0.githubusercontent.com/u/9159933?v=3&s=60|Kathy O'Driscoll||546fcc4cdb8155e6700d6e97|||/odrisck|odrisck|1.0|I do it all the time :)|54a493e129aec36b6af1c080|[]|[]|[]|21|2015-01-01T00:25:05.016Z||I do it all the time :)|False|[]|1
78||||https://avatars0.githubusercontent.com/u/753748?v=3&s=128|https://avatars0.githubusercontent.com/u/753748?v=3&s=60|theepdinker|3.0|54a49404db8155e6700e48a6|||/theepdinker|theepdinker|1.0|hello, world!  Newby to Free Code Camp here.|54a4944a29aec36b6af1c084|[]|[]|[]|22|2015-01-01T00:26:50.433Z||hello, world!  Newby to Free Code Camp here.|False|[]|1
79||||https://avatars0.githubusercontent.com/u/985197?v=3&s=128|https://avatars0.githubusercontent.com/u/985197?v=3&s=60|Quincy Larson|3.0|546fc9f1db8155e6700d6e8c|||/QuincyLarson|QuincyLarson|3.0|I’m working on the FIRST EVER email to send out to our Code Campers. I’ve avoided bombarding them with email, but I figure, why not wish everyone a happy new year?|54a494509597baaa7dced024|[]|[]|[]|23|2015-01-01T00:26:56.871Z||I’m working on the FIRST EVER email to send out to our Code Campers. I’ve avoided bombarding them with email, but I figure, why not wish everyone a happy new year?|False|[]|1
80||||https://avatars0.githubusercontent.com/u/985197?v=3&s=128|https://avatars0.githubusercontent.com/u/985197?v=3&s=60|Quincy Larson|3.0|546fc9f1db8155e6700d6e8c|||/QuincyLarson|QuincyLarson|3.0|"<span data-link-type=""mention"" data-screen-name=""theepdinker"" class=""mention"">@theepdinker</span> Nice name :) Welcome to our community"|54a49461b2b2de4b78650407|[]|[{'userIds': [], 'userId': '54a49404db8155e6700e48a6', 'screenName': 'theepdinker'}]|[]|23|2015-01-01T00:27:13.134Z||@theepdinker Nice name :) Welcome to our community|False|[]|1
81||||https://avatars1.githubusercontent.com/u/9705338?v=3&s=128|https://avatars1.githubusercontent.com/u/9705338?v=3&s=60|Darryl Dixon - Piece Digital|3.0|547292dadb8155e6700d7728|||/piecedigital|piecedigital|5.0|"<span data-link-type=""mention"" data-screen-name=""theepdinker"" class=""mention"">@theepdinker</span> Greetings and welcome to FCC!"|54a494b89597baaa7dced02a|[]|[{'userIds': [], 'userId': '54a49404db8155e6700e48a6', 'screenName': 'theepdinker'}]|[]|23|2015-01-01T00:28:40.965Z||@theepdinker Greetings and welcome to FCC!|False|[]|1
82||||https://avatars0.githubusercontent.com/u/9159933?v=3&s=128|https://avatars0.githubusercontent.com/u/9159933?v=3&s=60|Kathy O'Driscoll||546fcc4cdb8155e6700d6e97|||/odrisck|odrisck|1.0|"greetings <span data-link-type=""mention"" data-screen-name=""theepdinker"" class=""mention"">@theepdinker</span> welcome aboard"|54a494f2b2b2de4b7865040f|[]|[{'userIds': [], 'userId': '54a49404db8155e6700e48a6', 'screenName': 'theepdinker'}]|[]|23|2015-01-01T00:29:38.557Z||greetings @theepdinker welcome aboard|False|[]|1
83||||https://avatars0.githubusercontent.com/u/6955296?v=3&s=128|https://avatars0.githubusercontent.com/u/6955296?v=3&s=60|Adam Hollett|3.0|547677e7db8155e6700d8895|||/admhlt|admhlt|2.0|Hello all! I was away on vacation for a while there|54a49503b2b2de4b78650412|[]|[]|[]|25|2015-01-01T00:29:55.068Z||Hello all! I was away on vacation for a while there|False|[]|1
84||||https://avatars0.githubusercontent.com/u/6955296?v=3&s=128|https://avatars0.githubusercontent.com/u/6955296?v=3&s=60|Adam Hollett|3.0|547677e7db8155e6700d8895|||/admhlt|admhlt|2.0|opened my first GitHub repository while I was away though :)|54a4950e9597baaa7dced032|[]|[]|[]|25|2015-01-01T00:30:06.857Z||opened my first GitHub repository while I was away though :)|False|[]|1
85||||https://avatars0.githubusercontent.com/u/9159933?v=3&s=128|https://avatars0.githubusercontent.com/u/9159933?v=3&s=60|Kathy O'Driscoll||546fcc4cdb8155e6700d6e97|||/odrisck|odrisck|1.0|"welcome back I hope you had a great vacation <span data-link-type=""mention"" data-screen-name=""admhlt"" class=""mention"">@admhlt</span> "|54a4952b9597baaa7dced036|[]|[{'userIds': [], 'userId': '547677e7db8155e6700d8895', 'screenName': 'admhlt'}]|[]|25|2015-01-01T00:30:35.405Z||welcome back I hope you had a great vacation @admhlt |False|[]|1
86||||https://avatars0.githubusercontent.com/u/753748?v=3&s=128|https://avatars0.githubusercontent.com/u/753748?v=3&s=60|theepdinker|3.0|54a49404db8155e6700e48a6|||/theepdinker|theepdinker|1.0|Thank you, and Happy New Year!|54a4952eb2b2de4b78650415|[]|[]|[]|24|2015-01-01T00:30:38.004Z||Thank you, and Happy New Year!|False|[]|1
87||||https://avatars0.githubusercontent.com/u/6955296?v=3&s=128|https://avatars0.githubusercontent.com/u/6955296?v=3&s=60|Adam Hollett|3.0|547677e7db8155e6700d8895|||/admhlt|admhlt|2.0|I did for sure. Helped my brother program a random name generator for an incremental clicker game based on Too Many Cooks|54a496cbb2b2de4b78650431|[]|[]|[]|24|2015-01-01T00:37:31.755Z||I did for sure. Helped my brother program a random name generator for an incremental clicker game based on Too Many Cooks|False|[]|1
88||||https://avatars0.githubusercontent.com/u/6955296?v=3&s=128|https://avatars0.githubusercontent.com/u/6955296?v=3&s=60|Adam Hollett|3.0|547677e7db8155e6700d8895|||/admhlt|admhlt|2.0|And then decided I wanted get into Javascript/Canvas game programming but realized I was in way over my head real fast|54a497489597baaa7dced04d|[]|[]|[]|24|2015-01-01T00:39:36.387Z||And then decided I wanted get into Javascript/Canvas game programming but realized I was in way over my head real fast|False|[]|1
89||||https://avatars0.githubusercontent.com/u/6955296?v=3&s=128|https://avatars0.githubusercontent.com/u/6955296?v=3&s=60|Adam Hollett|3.0|547677e7db8155e6700d8895|||/admhlt|admhlt|2.0|So I&#39;m going to commit to more FreeCodeCamp lessons before I tackle the new project :)|54a4989ab2b2de4b7865043e|[]|[]|[]|21|2015-01-01T00:45:14.394Z||So I'm going to commit to more FreeCodeCamp lessons before I tackle the new project :)|False|[]|1
90||||https://avatars1.githubusercontent.com/u/5902551?v=3&s=128|https://avatars1.githubusercontent.com/u/5902551?v=3&s=60|Jakub Farobek|3.0|549dfc66db8155e6700e328a|||/farobek|farobek|1.0|2015 Resolution: I am going to learn how to do CRUD operations on the DOM using JQuery. :)|54a498f99597baaa7dced053|[]|[]|[]|20|2015-01-01T00:46:49.629Z||2015 Resolution: I am going to learn how to do CRUD operations on the DOM using JQuery. :)|False|[]|1
91||||https://avatars1.githubusercontent.com/u/9705338?v=3&s=128|https://avatars1.githubusercontent.com/u/9705338?v=3&s=60|Darryl Dixon - Piece Digital|3.0|547292dadb8155e6700d7728|||/piecedigital|piecedigital|5.0|"<span data-link-type=""mention"" data-screen-name=""admhlt"" class=""mention"">@admhlt</span> <span data-link-type=""mention"" data-screen-name=""farobek"" class=""mention"">@farobek</span> Great goals for the new year :)"|54a4992529aec36b6af1c0a8|[]|[{'userIds': [], 'userId': '547677e7db8155e6700d8895', 'screenName': 'admhlt'}, {'userIds': [], 'userId': '549dfc66db8155e6700e328a', 'screenName': 'farobek'}]|[]|22|2015-01-01T00:47:33.255Z||@admhlt @farobek Great goals for the new year :)|False|[]|1
92||||https://avatars1.githubusercontent.com/u/5902551?v=3&s=128|https://avatars1.githubusercontent.com/u/5902551?v=3&s=60|Jakub Farobek|3.0|549dfc66db8155e6700e328a|||/farobek|farobek|1.0|;)|54a499a99597baaa7dced056|[]|[]|[]|21|2015-01-01T00:49:45.245Z||;)|False|[]|1
93||||https://avatars0.githubusercontent.com/u/1201529?v=3&s=128|https://avatars0.githubusercontent.com/u/1201529?v=3&s=60|Jason Rueckert|3.0|5466246ddb8155e6700d4a1a|||/jsonify|jsonify|3.0|My New Years Resolution for 2015: &quot;Don&#39;t sweat the petty, and don&#39;t pet the sweaty.&quot;|54a49c30b2b2de4b7865044f|[]|[]|[]|20|2015-01-01T01:00:32.592Z||"My New Years Resolution for 2015: ""Don't sweat the petty, and don't pet the sweaty."""|False|[]|1
94||||https://avatars0.githubusercontent.com/u/1201529?v=3&s=128|https://avatars0.githubusercontent.com/u/1201529?v=3&s=60|Jason Rueckert|3.0|5466246ddb8155e6700d4a1a|||/jsonify|jsonify|3.0|What&#39;s your New Years Resolutions for 2015?|54a49c5b29aec36b6af1c0c0|[]|[]|[]|19|2015-01-01T01:01:15.366Z||What's your New Years Resolutions for 2015?|False|[]|1
95||||https://avatars0.githubusercontent.com/u/9159933?v=3&s=128|https://avatars0.githubusercontent.com/u/9159933?v=3&s=60|Kathy O'Driscoll||546fcc4cdb8155e6700d6e97|||/odrisck|odrisck|1.0|I don’t do resolutions :) I try to always be and do my best|54a49dab29aec36b6af1c0d1|[]|[]|[]|18|2015-01-01T01:06:51.524Z||I don’t do resolutions :) I try to always be and do my best|False|[]|1
96||||https://avatars2.githubusercontent.com/u/10334271?v=3&s=128|https://avatars2.githubusercontent.com/u/10334271?v=3&s=60|Christopher Hutchinson|3.0|54a0a9abdb8155e6700e38af|||/cshutchinson|cshutchinson|2.0|my NYR is to &quot;Make concrete efforts to change the things in my life I don&#39;t like.... ie job&quot;... my stretch NYR is to find a way to move my family to Colorado and out of the southeast where we are so freaking conservative we miss the forest for the trees.|54a49dcf29aec36b6af1c0d4|[]|[]|[]|18|2015-01-01T01:07:27.728Z||"my NYR is to ""Make concrete efforts to change the things in my life I don't like.... ie job""... my stretch NYR is to find a way to move my family to Colorado and out of the southeast where we are so freaking conservative we miss the forest for the trees."|False|[]|1
97||||https://avatars1.githubusercontent.com/u/9605057?v=3&s=128|https://avatars1.githubusercontent.com/u/9605057?v=3&s=60|JesseJHernandez|3.0|54a49effdb8155e6700e48ce|||/JesseJHernandez|JesseJHernandez|1.0|Wow FreeCodeCamp is pretty awesome. Im still new to all of this but Im looking for anyone who to program/code together|54a49f229597baaa7dced07b|[]|[]|[]|17|2015-01-01T01:13:06.864Z||Wow FreeCodeCamp is pretty awesome. Im still new to all of this but Im looking for anyone who to program/code together|False|[]|1
98||||https://avatars1.githubusercontent.com/u/9372103?v=3&s=128|https://avatars1.githubusercontent.com/u/9372103?v=3&s=60|Michael Swanson||54a4a00ddb8155e6700e48d7|||/officialswanson|officialswanson||Hello campers. :P|54a4a05429aec36b6af1c0e9|[]|[]|[]|16|2015-01-01T01:18:12.865Z||Hello campers. :P|False|[]|1
99||||https://avatars2.githubusercontent.com/u/10334271?v=3&s=128|https://avatars2.githubusercontent.com/u/10334271?v=3&s=60|Christopher Hutchinson|3.0|54a0a9abdb8155e6700e38af|||/cshutchinson|cshutchinson|2.0|"Hi <span data-link-type=""mention"" data-screen-name=""officialswanson"" class=""mention"">@officialswanson</span> , Happy New Year to you!"|54a4a090b2b2de4b78650475|[]|[{'userIds': [], 'userId': '54a4a00ddb8155e6700e48d7', 'screenName': 'officialswanson'}]|[]|16|2015-01-01T01:19:12.554Z||Hi @officialswanson , Happy New Year to you!|False|[]|1
100||||https://avatars0.githubusercontent.com/u/9159933?v=3&s=128|https://avatars0.githubusercontent.com/u/9159933?v=3&s=60|Kathy O'Driscoll||546fcc4cdb8155e6700d6e97|||/odrisck|odrisck|1.0|"hello <span data-link-type=""mention"" data-screen-name=""officialswanson"" class=""mention"">@officialswanson</span> "|54a4a0b99597baaa7dced084|[]|[{'userIds': [], 'userId': '54a4a00ddb8155e6700e48d7', 'screenName': 'officialswanson'}]|[]|16|2015-01-01T01:19:53.560Z||hello @officialswanson |False|[]|1
101||||||||||||||hello world!|54a4a0de29aec36b6af1c0ef|[]|[]|[]|16|2015-01-01T01:20:30.403Z||hello world!|False|[]|1
102||||https://avatars0.githubusercontent.com/u/985197?v=3&s=128|https://avatars0.githubusercontent.com/u/985197?v=3&s=60|Quincy Larson|3.0|546fc9f1db8155e6700d6e8c|||/QuincyLarson|QuincyLarson|3.0|"<span data-link-type=""mention"" data-screen-name=""arreche"" class=""mention"">@arreche</span> Welcome to our community!"|54a4a0f09597baaa7dced088|[]|[{'userIds': [], 'userId': '54a4a0c4db8155e6700e48df', 'screenName': 'arreche'}]|[]|16|2015-01-01T01:20:48.606Z||@arreche Welcome to our community!|False|[]|1
103||||https://avatars0.githubusercontent.com/u/985197?v=3&s=128|https://avatars0.githubusercontent.com/u/985197?v=3&s=60|Quincy Larson|3.0|546fc9f1db8155e6700d6e8c|||/QuincyLarson|QuincyLarson|3.0|"<span data-link-type=""mention"" data-screen-name=""officialswanson"" class=""mention"">@officialswanson</span> nice photo. Are you interested in Astronomy?"|54a4a10229aec36b6af1c0f0|[]|[{'userIds': [], 'userId': '54a4a00ddb8155e6700e48d7', 'screenName': 'officialswanson'}]|[]|16|2015-01-01T01:21:06.216Z||@officialswanson nice photo. Are you interested in Astronomy?|False|[]|1
104||||https://avatars1.githubusercontent.com/u/9372103?v=3&s=128|https://avatars1.githubusercontent.com/u/9372103?v=3&s=60|Michael Swanson||54a4a00ddb8155e6700e48d7|||/officialswanson|officialswanson||Yes, same to you. :) Ticket queue at work is very slow right now, so I decided do some reading on, you know, stuff, and I stumbled on the FreeCodeCamp site tonight. |54a4a11329aec36b6af1c0f2|[]|[]|[]|16|2015-01-01T01:21:23.076Z||Yes, same to you. :) Ticket queue at work is very slow right now, so I decided do some reading on, you know, stuff, and I stumbled on the FreeCodeCamp site tonight. |False|[]|1
105||||https://avatars1.githubusercontent.com/u/9372103?v=3&s=128|https://avatars1.githubusercontent.com/u/9372103?v=3&s=60|Michael Swanson||54a4a00ddb8155e6700e48d7|||/officialswanson|officialswanson||I am interested in Star Trek. Does that count? Astral bodies are cool, but my knowledge of astronomy is minimal.|54a4a144b2b2de4b7865047f|[]|[]|[]|16|2015-01-01T01:22:12.112Z||I am interested in Star Trek. Does that count? Astral bodies are cool, but my knowledge of astronomy is minimal.|False|[]|1
106||||||||||||||"Thanks <span data-link-type=""mention"" data-screen-name=""QuincyLarson"" class=""mention"">@QuincyLarson</span> :)"|54a4a1499597baaa7dced08d|[]|[{'userIds': [], 'userId': '546fc9f1db8155e6700d6e8c', 'screenName': 'QuincyLarson'}]|[]|17|2015-01-01T01:22:17.160Z||Thanks @QuincyLarson :)|False|[]|1
107||||https://avatars0.githubusercontent.com/u/985197?v=3&s=128|https://avatars0.githubusercontent.com/u/985197?v=3&s=60|Quincy Larson|3.0|546fc9f1db8155e6700d6e8c|||/QuincyLarson|QuincyLarson|3.0|"<span data-link-type=""mention"" data-screen-name=""officialswanson"" class=""mention"">@officialswanson</span> Which captain is your favorite?"|54a4a1679597baaa7dced094|[]|[{'userIds': [], 'userId': '54a4a00ddb8155e6700e48d7', 'screenName': 'officialswanson'}]|[]|17|2015-01-01T01:22:47.790Z||@officialswanson Which captain is your favorite?|False|[]|1
108||||https://avatars1.githubusercontent.com/u/9372103?v=3&s=128|https://avatars1.githubusercontent.com/u/9372103?v=3&s=60|Michael Swanson||54a4a00ddb8155e6700e48d7|||/officialswanson|officialswanson||Oh boy, the debate of the ages. I&#39;ll have to go with Sisko, I think. What about you?|54a4a188b2b2de4b78650482|[]|[]|[]|17|2015-01-01T01:23:20.124Z||Oh boy, the debate of the ages. I'll have to go with Sisko, I think. What about you?|False|[]|1
109||||https://avatars2.githubusercontent.com/u/4203807?v=3&s=128|https://avatars2.githubusercontent.com/u/4203807?v=3&s=60|Steven Walters|3.0|547cbe4edb8155e6700da22a|||/StevenKW|StevenKW|1.0|picard|54a4a19f9597baaa7dced096|[]|[]|[]|17|2015-01-01T01:23:43.003Z||picard|False|[]|1
110||||||||||||||I&#39;ve found Free Code Camp in reddit and I already know to code. I&#39;m interested in socialize with other devs|54a4a22b9597baaa7dced099|[]|[]|[]|17|2015-01-01T01:26:03.133Z||I've found Free Code Camp in reddit and I already know to code. I'm interested in socialize with other devs|False|[]|1
111||||https://avatars1.githubusercontent.com/u/9372103?v=3&s=128|https://avatars1.githubusercontent.com/u/9372103?v=3&s=60|Michael Swanson||54a4a00ddb8155e6700e48d7|||/officialswanson|officialswanson||There&#39;s no BAD captain. It&#39;s so hard to choose.|54a4a22eb2b2de4b78650485|[]|[]|[]|17|2015-01-01T01:26:06.613Z||There's no BAD captain. It's so hard to choose.|False|[]|1
112||||https://avatars2.githubusercontent.com/u/2199663?v=3&s=128|https://avatars2.githubusercontent.com/u/2199663?v=3&s=60|Charles Watson|3.0|546fd99cdb8155e6700d6ec8|||/sircharleswatson|sircharleswatson|1.0|"<span data-link-type=""mention"" data-screen-name=""JohnQQ"" class=""mention"">@JohnQQ</span> Gitter is still relatively new and kinda of buggy so it needs to be refreshed manually pretty often"|54a4a2389597baaa7dced09a|[]|[{'userIds': [], 'userId': '54a0ace5db8155e6700e38bf', 'screenName': 'JohnQQ'}]|[]|16|2015-01-01T01:26:16.861Z||@JohnQQ Gitter is still relatively new and kinda of buggy so it needs to be refreshed manually pretty often|False|[]|1
113||||https://avatars0.githubusercontent.com/u/985197?v=3&s=128|https://avatars0.githubusercontent.com/u/985197?v=3&s=60|Quincy Larson|3.0|546fc9f1db8155e6700d6e8c|||/QuincyLarson|QuincyLarson|3.0|"<span data-link-type=""mention"" data-screen-name=""arreche"" class=""mention"">@arreche</span> Great! You came to the right place. Keep in mind that most people are new or intermediate devs"|54a4a2649597baaa7dced09f|[]|[{'userIds': [], 'userId': '54a4a0c4db8155e6700e48df', 'screenName': 'arreche'}]|[]|16|2015-01-01T01:27:00.649Z||@arreche Great! You came to the right place. Keep in mind that most people are new or intermediate devs|False|[]|1
114||||https://avatars0.githubusercontent.com/u/985197?v=3&s=128|https://avatars0.githubusercontent.com/u/985197?v=3&s=60|Quincy Larson|3.0|546fc9f1db8155e6700d6e8c|||/QuincyLarson|QuincyLarson|3.0|"<span data-link-type=""mention"" data-screen-name=""arreche"" class=""mention"">@arreche</span> do you do much Express.js development?"|54a4a27229aec36b6af1c104|[]|[{'userIds': [], 'userId': '54a4a0c4db8155e6700e48df', 'screenName': 'arreche'}]|[]|16|2015-01-01T01:27:14.489Z||@arreche do you do much Express.js development?|False|[]|1
115||||https://avatars0.githubusercontent.com/u/985197?v=3&s=128|https://avatars0.githubusercontent.com/u/985197?v=3&s=60|Quincy Larson|3.0|546fc9f1db8155e6700d6e8c|||/QuincyLarson|QuincyLarson|3.0|"<span data-link-type=""mention"" data-screen-name=""officialswanson"" class=""mention"">@officialswanson</span> Safe answer ;) "|54a4a2849597baaa7dced0a1|[]|[{'userIds': [], 'userId': '54a4a00ddb8155e6700e48d7', 'screenName': 'officialswanson'}]|[]|16|2015-01-01T01:27:32.425Z||@officialswanson Safe answer ;) |False|[]|1
116||||https://avatars1.githubusercontent.com/u/9372103?v=3&s=128|https://avatars1.githubusercontent.com/u/9372103?v=3&s=60|Michael Swanson||54a4a00ddb8155e6700e48d7|||/officialswanson|officialswanson||lol|54a4a28d9597baaa7dced0a3|[]|[]|[]|16|2015-01-01T01:27:41.338Z||lol|False|[]|1
117||||https://avatars0.githubusercontent.com/u/985197?v=3&s=128|https://avatars0.githubusercontent.com/u/985197?v=3&s=60|Quincy Larson|3.0|546fc9f1db8155e6700d6e8c|||/QuincyLarson|QuincyLarson|3.0|"<span data-link-type=""mention"" data-screen-name=""StevenKW"" class=""mention"">@StevenKW</span> Picard FTW."|54a4a29729aec36b6af1c107|[]|[{'userIds': [], 'userId': '547cbe4edb8155e6700da22a', 'screenName': 'StevenKW'}]|[]|16|2015-01-01T01:27:51.478Z||@StevenKW Picard FTW.|False|[]|1
118||||https://avatars0.githubusercontent.com/u/985197?v=3&s=128|https://avatars0.githubusercontent.com/u/985197?v=3&s=60|Quincy Larson|3.0|546fc9f1db8155e6700d6e8c|||/QuincyLarson|QuincyLarson|3.0|I’m still waiting for Star Trek the Next Next Generation with Wesley Crusher at the helm|54a4a2ceb2b2de4b7865048d|[]|[]|[]|17|2015-01-01T01:28:46.563Z||I’m still waiting for Star Trek the Next Next Generation with Wesley Crusher at the helm|False|[]|1
119||||https://avatars1.githubusercontent.com/u/9372103?v=3&s=128|https://avatars1.githubusercontent.com/u/9372103?v=3&s=60|Michael Swanson||54a4a00ddb8155e6700e48d7|||/officialswanson|officialswanson||Didn&#39;t he abandon starfleet for the Traveler&#39;s powers? &gt;.&gt;|54a4a2ed29aec36b6af1c10a|[]|[]|[]|17|2015-01-01T01:29:17.275Z||Didn't he abandon starfleet for the Traveler's powers? >.>|False|[]|1
120||||https://avatars1.githubusercontent.com/u/9372103?v=3&s=128|https://avatars1.githubusercontent.com/u/9372103?v=3&s=60|Michael Swanson||54a4a00ddb8155e6700e48d7|||/officialswanson|officialswanson||Aaaaaaaaaaanyway....|54a4a2f3b2b2de4b78650491|[]|[]|[]|17|2015-01-01T01:29:23.232Z||Aaaaaaaaaaanyway....|False|[]|1
121||||https://avatars1.githubusercontent.com/u/9372103?v=3&s=128|https://avatars1.githubusercontent.com/u/9372103?v=3&s=60|Michael Swanson||54a4a00ddb8155e6700e48d7|||/officialswanson|officialswanson||lol|54a4a2f429aec36b6af1c10b|[]|[]|[]|18|2015-01-01T01:29:24.003Z||lol|False|[]|1
122||||https://avatars1.githubusercontent.com/u/9372103?v=3&s=128|https://avatars1.githubusercontent.com/u/9372103?v=3&s=60|Michael Swanson||54a4a00ddb8155e6700e48d7|||/officialswanson|officialswanson||I&#39;m way too into the Trek convo atm. :)|54a4a3069597baaa7dced0a9|[]|[]|[]|18|2015-01-01T01:29:42.372Z||I'm way too into the Trek convo atm. :)|False|[]|1
123||||https://avatars2.githubusercontent.com/u/2199663?v=3&s=128|https://avatars2.githubusercontent.com/u/2199663?v=3&s=60|Charles Watson|3.0|546fd99cdb8155e6700d6ec8|||/sircharleswatson|sircharleswatson|1.0|"<span data-link-type=""mention"" data-screen-name=""sircharleswatson"" class=""mention"">@sircharleswatson</span> in bed at 7:30 on New Years Eve. #OfficiallyOld"|54a4a31b29aec36b6af1c10e|[]|[{'userIds': [], 'userId': '546fd99cdb8155e6700d6ec8', 'screenName': 'sircharleswatson'}]|[]|18|2015-01-01T01:30:03.733Z|True|@sircharleswatson in bed at 7:30 on New Years Eve. #OfficiallyOld|False|[]|1
124||||https://avatars0.githubusercontent.com/u/9159933?v=3&s=128|https://avatars0.githubusercontent.com/u/9159933?v=3&s=60|Kathy O'Driscoll||546fcc4cdb8155e6700d6e97|||/odrisck|odrisck|1.0|Janeway |54a4a31d9597baaa7dced0aa|[]|[]|[]|18|2015-01-01T01:30:05.214Z||Janeway |False|[]|1
125||||https://avatars0.githubusercontent.com/u/9159933?v=3&s=128|https://avatars0.githubusercontent.com/u/9159933?v=3&s=60|Kathy O'Driscoll||546fcc4cdb8155e6700d6e97|||/odrisck|odrisck|1.0|&quot;There are three things to remember about being a starship captain: keep your shirt tucked in, go down with the ship, and never abandon a member of your crew.&quot;|54a4a386b2b2de4b78650493|[]|[]|[]|20|2015-01-01T01:31:50.624Z||"""There are three things to remember about being a starship captain: keep your shirt tucked in, go down with the ship, and never abandon a member of your crew."""|False|[]|1
126||||||||||||||"<span data-link-type=""mention"" data-screen-name=""QuincyLarson"" class=""mention"">@QuincyLarson</span> No problem. I work as a native mobile developer but I really don&#39;t have much experience in the javascript ecosystem.... Maybe this would be a good oportunity to learn and practice it."|54a4a39229aec36b6af1c110|[]|[{'userIds': [], 'userId': '546fc9f1db8155e6700d6e8c', 'screenName': 'QuincyLarson'}]|[]|20|2015-01-01T01:32:02.517Z||@QuincyLarson No problem. I work as a native mobile developer but I really don't have much experience in the javascript ecosystem.... Maybe this would be a good oportunity to learn and practice it.|False|[]|1
127||||https://avatars2.githubusercontent.com/u/4203807?v=3&s=128|https://avatars2.githubusercontent.com/u/4203807?v=3&s=60|Steven Walters|3.0|547cbe4edb8155e6700da22a|||/StevenKW|StevenKW|1.0|Janeway was cool but she had that Pepperidge Farms voice.|54a4a3aab2b2de4b78650494|[]|[]|[]|21|2015-01-01T01:32:26.167Z||Janeway was cool but she had that Pepperidge Farms voice.|False|[]|1
128||||https://avatars0.githubusercontent.com/u/9159933?v=3&s=128|https://avatars0.githubusercontent.com/u/9159933?v=3&s=60|Kathy O'Driscoll||546fcc4cdb8155e6700d6e97|||/odrisck|odrisck|1.0|you mean upper east coast?|54a4a3bf29aec36b6af1c112|[]|[]|[]|21|2015-01-01T01:32:47.378Z||you mean upper east coast?|False|[]|1
129||||https://avatars2.githubusercontent.com/u/4203807?v=3&s=128|https://avatars2.githubusercontent.com/u/4203807?v=3&s=60|Steven Walters|3.0|547cbe4edb8155e6700da22a|||/StevenKW|StevenKW|1.0|Big fan of BSG both old and new. Is that what her accent was? :)|54a4a3ebb2b2de4b78650496|[]|[]|[]|21|2015-01-01T01:33:31.727Z||Big fan of BSG both old and new. Is that what her accent was? :)|False|[]|1
130||||https://avatars0.githubusercontent.com/u/9159933?v=3&s=128|https://avatars0.githubusercontent.com/u/9159933?v=3&s=60|Kathy O'Driscoll||546fcc4cdb8155e6700d6e97|||/odrisck|odrisck|1.0|well I didn’t hear it but it is the pepperidge farms guys accent|54a4a41db2b2de4b78650498|[]|[]|[]|21|2015-01-01T01:34:21.325Z||well I didn’t hear it but it is the pepperidge farms guys accent|False|[]|1
131||||https://avatars0.githubusercontent.com/u/9159933?v=3&s=128|https://avatars0.githubusercontent.com/u/9159933?v=3&s=60|Kathy O'Driscoll||546fcc4cdb8155e6700d6e97|||/odrisck|odrisck|1.0|sort of maine newhampshire|54a4a42629aec36b6af1c115|[]|[]|[]|20|2015-01-01T01:34:30.237Z||sort of maine newhampshire|False|[]|1
132||||https://avatars1.githubusercontent.com/u/9372103?v=3&s=128|https://avatars1.githubusercontent.com/u/9372103?v=3&s=60|Michael Swanson||54a4a00ddb8155e6700e48d7|||/officialswanson|officialswanson||Janeway was great. Captains gotta have coffee.|54a4a4519597baaa7dced0b0|[]|[]|[]|20|2015-01-01T01:35:13.095Z||Janeway was great. Captains gotta have coffee.|False|[]|1
133||||https://avatars2.githubusercontent.com/u/4203807?v=3&s=128|https://avatars2.githubusercontent.com/u/4203807?v=3&s=60|Steven Walters|3.0|547cbe4edb8155e6700da22a|||/StevenKW|StevenKW|1.0|"<p><a href=""http://www.ejge.com/People/janeway.htm"" rel=""nofollow"" target=""_blank"" class=""link"">http://www.ejge.com/People/janeway.htm</a></p><p><span data-link-type=""issue"" data-issue=""56"" class=""issue"">#56</span> !</p>"|54a4a4999597baaa7dced0b2|[{'number': '56'}]|[]|[]|20|2015-01-01T01:36:25.226Z||"http://www.ejge.com/People/janeway.htm
#56 !"|False|[{'url': 'http://www.ejge.com/People/janeway.htm'}]|1
134||||https://avatars0.githubusercontent.com/u/9159933?v=3&s=128|https://avatars0.githubusercontent.com/u/9159933?v=3&s=60|Kathy O'Driscoll||546fcc4cdb8155e6700d6e97|||/odrisck|odrisck|1.0|oh yes|54a4a49ab2b2de4b7865049d|[]|[]|[]|20|2015-01-01T01:36:26.856Z||oh yes|False|[]|1
135||||https://avatars1.githubusercontent.com/u/9372103?v=3&s=128|https://avatars1.githubusercontent.com/u/9372103?v=3&s=60|Michael Swanson||54a4a00ddb8155e6700e48d7|||/officialswanson|officialswanson||hahaha nice!|54a4a4b229aec36b6af1c119|[]|[]|[]|19|2015-01-01T01:36:50.491Z||hahaha nice!|False|[]|1
136||||https://avatars0.githubusercontent.com/u/9159933?v=3&s=128|https://avatars0.githubusercontent.com/u/9159933?v=3&s=60|Kathy O'Driscoll||546fcc4cdb8155e6700d6e97|||/odrisck|odrisck|1.0|no. 43 was changed before she took the helm to “no ONE has gone before&quot;|54a4a4f029aec36b6af1c11b|[]|[]|[]|20|2015-01-01T01:37:52.738Z||"no. 43 was changed before she took the helm to “no ONE has gone before"""|False|[]|1
137|2015-01-01T01:40:44.100Z|||https://avatars2.githubusercontent.com/u/4203807?v=3&s=128|https://avatars2.githubusercontent.com/u/4203807?v=3&s=60|Steven Walters|3.0|547cbe4edb8155e6700da22a|||/StevenKW|StevenKW|1.0|I watched a lot of Star Trek... Never got into Jonathan Archer. I think he quantum leaped into that seat.|54a4a56d29aec36b6af1c11f|[]|[]|[]|19|2015-01-01T01:39:57.018Z||I watched a lot of Star Trek... Never got into Jonathan Archer. I think he quantum leaped into that seat.|False|[]|2
138||||https://avatars1.githubusercontent.com/u/9372103?v=3&s=128|https://avatars1.githubusercontent.com/u/9372103?v=3&s=60|Michael Swanson||54a4a00ddb8155e6700e48d7|||/officialswanson|officialswanson||Enterprise is cool (despite the ret-con of Klingon foreheads), but Bakula does seem out of place.|54a4a59e29aec36b6af1c120|[]|[]|[]|20|2015-01-01T01:40:46.348Z||Enterprise is cool (despite the ret-con of Klingon foreheads), but Bakula does seem out of place.|False|[]|1
139||||https://avatars0.githubusercontent.com/u/9159933?v=3&s=128|https://avatars0.githubusercontent.com/u/9159933?v=3&s=60|Kathy O'Driscoll||546fcc4cdb8155e6700d6e97|||/odrisck|odrisck|1.0|Archer was my least fav, way to emo|54a4a5a629aec36b6af1c121|[]|[]|[]|20|2015-01-01T01:40:54.993Z||Archer was my least fav, way to emo|False|[]|1
140||||https://avatars2.githubusercontent.com/u/4203807?v=3&s=128|https://avatars2.githubusercontent.com/u/4203807?v=3&s=60|Steven Walters|3.0|547cbe4edb8155e6700da22a|||/StevenKW|StevenKW|1.0|:)|54a4a5afb2b2de4b786504aa|[]|[]|[]|22|2015-01-01T01:41:03.388Z||:)|False|[]|1
141||||https://avatars0.githubusercontent.com/u/9159933?v=3&s=128|https://avatars0.githubusercontent.com/u/9159933?v=3&s=60|Kathy O'Driscoll||546fcc4cdb8155e6700d6e97|||/odrisck|odrisck|1.0|and his vulcan was far to emotional|54a4a69929aec36b6af1c128|[]|[]|[]|25|2015-01-01T01:44:57.395Z||and his vulcan was far to emotional|False|[]|1
142||||https://avatars1.githubusercontent.com/u/9372103?v=3&s=128|https://avatars1.githubusercontent.com/u/9372103?v=3&s=60|Michael Swanson||54a4a00ddb8155e6700e48d7|||/officialswanson|officialswanson||Pon Far like every other season|54a4a6b729aec36b6af1c12c|[]|[]|[]|25|2015-01-01T01:45:27.835Z||Pon Far like every other season|False|[]|1
143||||https://avatars0.githubusercontent.com/u/9159933?v=3&s=128|https://avatars0.githubusercontent.com/u/9159933?v=3&s=60|Kathy O'Driscoll||546fcc4cdb8155e6700d6e97|||/odrisck|odrisck|1.0|yeah ridiculous left track from what we know|54a4a6e59597baaa7dced0b9|[]|[]|[]|24|2015-01-01T01:46:13.699Z||yeah ridiculous left track from what we know|False|[]|1
144||||https://avatars1.githubusercontent.com/u/9372103?v=3&s=128|https://avatars1.githubusercontent.com/u/9372103?v=3&s=60|Michael Swanson||54a4a00ddb8155e6700e48d7|||/officialswanson|officialswanson||no mind melds! :(|54a4a6f39597baaa7dced0bb|[]|[]|[]|25|2015-01-01T01:46:27.130Z||no mind melds! :(|False|[]|1
145||||https://avatars0.githubusercontent.com/u/985197?v=3&s=128|https://avatars0.githubusercontent.com/u/985197?v=3&s=60|Quincy Larson|3.0|546fc9f1db8155e6700d6e8c|||/QuincyLarson|QuincyLarson|3.0|"<span data-link-type=""mention"" data-screen-name=""officialswanson"" class=""mention"">@officialswanson</span> As long as no vulcans around, we don’t have to worry about that :)"|54a4a76bb2b2de4b786504b7|[]|[{'userIds': [], 'userId': '54a4a00ddb8155e6700e48d7', 'screenName': 'officialswanson'}]|[]|26|2015-01-01T01:48:27.820Z||@officialswanson As long as no vulcans around, we don’t have to worry about that :)|False|[]|1
146||||https://avatars0.githubusercontent.com/u/985197?v=3&s=128|https://avatars0.githubusercontent.com/u/985197?v=3&s=60|Quincy Larson|3.0|546fc9f1db8155e6700d6e8c|||/QuincyLarson|QuincyLarson|3.0|I’m going to grab dinner. I’ll be back in a bit. Have fun you guys!|54a4a79829aec36b6af1c133|[]|[]|[]|26|2015-01-01T01:49:12.246Z||I’m going to grab dinner. I’ll be back in a bit. Have fun you guys!|False|[]|1
147||||https://avatars2.githubusercontent.com/u/986543?v=3&s=128|https://avatars2.githubusercontent.com/u/986543?v=3&s=60|Mian Uddin||54a4a7f8db8155e6700e4904|||/mianuddin|mianuddin||hello world!|54a4a821b2b2de4b786504be|[]|[]|[]|27|2015-01-01T01:51:29.884Z||hello world!|False|[]|1
148||||https://avatars0.githubusercontent.com/u/9159933?v=3&s=128|https://avatars0.githubusercontent.com/u/9159933?v=3&s=60|Kathy O'Driscoll||546fcc4cdb8155e6700d6e97|||/odrisck|odrisck|1.0|"Welcome <span data-link-type=""mention"" data-screen-name=""mianuddin"" class=""mention"">@mianuddin</span> "|54a4a8359597baaa7dced0c6|[]|[{'userIds': [], 'userId': '54a4a7f8db8155e6700e4904', 'screenName': 'mianuddin'}]|[]|27|2015-01-01T01:51:49.229Z||Welcome @mianuddin |False|[]|1
149||||https://avatars0.githubusercontent.com/u/4529018?v=3&s=128|https://avatars0.githubusercontent.com/u/4529018?v=3&s=60|Elijah Karari|3.0|5437c201db8155e6700ca8c7|||/TheRakken|TheRakken|2.0|Hello world!|54a4aac529aec36b6af1c13a|[]|[]|[]|24|2015-01-01T02:02:45.829Z||Hello world!|False|[]|1
150||||https://avatars2.githubusercontent.com/u/4203807?v=3&s=128|https://avatars2.githubusercontent.com/u/4203807?v=3&s=60|Steven Walters|3.0|547cbe4edb8155e6700da22a|||/StevenKW|StevenKW|1.0|"Welcome to Free Code Camp <span data-link-type=""mention"" data-screen-name=""TheRakken"" class=""mention"">@TheRakken</span> "|54a4ab7d9597baaa7dced0d8|[]|[{'userIds': [], 'userId': '5437c201db8155e6700ca8c7', 'screenName': 'TheRakken'}]|[]|24|2015-01-01T02:05:49.943Z||Welcome to Free Code Camp @TheRakken |False|[]|1
