14|2154508|14-142098|00|Flok Enterprises Ltd||Issued|2014-02-05T20:25:36+01:00|2014-12-31|Retail Dealer|Clothing/Shoes|||2870|W BROADWAY|Vancouver|BC|CA|V6K 2G7|Kitsilano|2|170|2019-07-21T22:49:12+02:00|
14|2154510|14-142100|00|Joshua Lawrence Melvin (Joshua Melvin)|The Fall Tattooing|Issued|2014-01-07T00:21:42+01:00|2014-12-31|Retail Dealer|Art Gallery|||644|SEYMOUR ST|Vancouver|BC|CA|V6B 3K4|Downtown|000|130|2019-07-21T22:49:12+02:00|"{""type"": ""Point"", ""coordinates"": [-123.115878633797, 49.2823109000092]}"
14|2154511|14-142101|00|Greater Vancouver Associate Stores Ltd|Canadian Tire #604 Store|Issued|2013-12-09T23:31:54+01:00|2014-12-31|Retail Dealer|Department Store|||2830|BENTALL ST|Vancouver|BC|CA|V5M 4H4|Renfrew-Collingwood|000|130|2019-07-21T22:49:12+02:00|"{""type"": ""Point"", ""coordinates"": [-123.031196074558, 49.2591534796541]}"
14|2154512|14-142102|00|Pay Low Auto Parts Ltd|Vap Brake & Clutch Service|Pending|||Retail Dealer|Other|||1281|FRANCES ST|Vancouver|BC|CA|V6A 1Z4|Strathcona|0||2019-07-21T22:49:12+02:00|"{""type"": ""Point"", ""coordinates"": [-123.077660165835, 49.2797316330111]}"
14|2154517|14-142107|00|HP3 Clothing Ltd||Issued|2013-12-27T09:51:51+01:00|2014-12-31|Retail Dealer|Other|||5515|WEST BOULEVARD|Vancouver|BC|CA|V6M 3W6|Arbutus-Ridge|3|130|2019-07-21T22:49:12+02:00|"{""type"": ""Point"", ""coordinates"": [-123.155867328486, 49.2362974199326]}"
14|2154518|14-142108|00|Honey Gifts Online Inc|Honey Gifts|Issued|2013-12-28T05:29:50+01:00|2014-12-31|Retail Dealer|Gifts/Novelties|||||Vancouver|BC|CA||Killarney|1|130|2019-07-21T22:49:12+02:00|
14|2154521|14-142111|00|(Michael Luco)|Earthrise Garden Store|Issued|2014-06-25T23:47:05+02:00|2014-12-31|Retail Dealer|Flowers|||2954|W 4TH AV|Vancouver|BC|CA|V6K 1R4|Kitsilano|000|830|2019-07-21T22:49:12+02:00|"{""type"": ""Point"", ""coordinates"": [-123.171467424008, 49.2681413076609]}"
14|2154524|14-142114|00|High Output Sports Canada Inc|The Boardroom|Issued|2014-01-30T21:55:35+01:00|2014-12-31|Retail Dealer|Clothing/Shoes|||1723|W 4TH AV|Vancouver|BC|CA|V6J 1M2|Fairview|8|130|2019-07-21T22:49:12+02:00|"{""type"": ""Point"", ""coordinates"": [-123.143854513856, 49.2682417724637]}"
14|2154528|14-142118|00|Wang On Blinds (Canada) Mfg Ltd||Issued|2013-11-20T19:36:09+01:00|2014-12-31|Retail Dealer|Other|||2331|MAIN ST|Vancouver|BC|CA|V5T 3C9|Mount Pleasant|3|130|2019-07-21T22:49:12+02:00|"{""type"": ""Point"", ""coordinates"": [-123.101414450466, 49.2641752183394]}"
14|2154531|14-142121|00|Laura L Frederick (Laura Frederick)|Dandelion Records & Emporium|Issued|2013-12-27T20:18:40+01:00|2014-12-31|Retail Dealer|Books/Stationary|||2442|MAIN ST|Vancouver|BC|CA|V5T 3E2|Mount Pleasant|1|130|2019-07-21T22:49:12+02:00|"{""type"": ""Point"", ""coordinates"": [-123.100610221939, 49.263292538284]}"
14|2154535|14-142125|00|Stepstone Entertainment Inc|Bisou Bridal/Stepstone Design|Issued|2014-01-17T20:50:56+01:00|2014-12-31|Retail Dealer|Clothing/Shoes|||440|W 2ND AV|Vancouver|BC|CA|V5Y 1E2|Mount Pleasant|4|170|2019-07-21T22:49:12+02:00|"{""type"": ""Point"", ""coordinates"": [-123.113233378474, 49.2670876449973]}"
14|2154537|14-142127|00|Jennifer Kathleen Hunter (Jennifer Hunter)|Moss Design|Issued|2013-11-25T20:04:21+01:00|2014-12-31|Retail Dealer|Flowers|||||Vancouver|BC|CA||Kerrisdale|1|130|2019-07-21T22:49:12+02:00|
14|2154538|14-142128|00|Walrus Design Inc|Walrus|Issued|2013-12-11T23:23:22+01:00|2014-12-31|Retail Dealer|Other|||3408|CAMBIE ST|Vancouver|BC|CA|V5Z 2W8|Riley Park|0|130|2019-07-21T22:49:12+02:00|"{""type"": ""Point"", ""coordinates"": [-123.114697431721, 49.2544365597982]}"
14|2154546|14-142136|00|Kin Tat Investments Ltd|A S Video Audio TV Services|Gone Out of Business|||Retail Dealer|Electronics|||8029|FRASER ST|Vancouver|BC|CA|V5X 3X5|Sunset|2||2019-07-21T22:49:12+02:00|"{""type"": ""Point"", ""coordinates"": [-123.091453811904, 49.2123293981897]}"
14|2154548|14-142138|00|Mason Apparel Ltd|Main Tailors|Issued|2014-01-02T19:47:18+01:00|2014-12-31|Retail Dealer|Clothing/Shoes|||3673|MAIN ST|Vancouver|BC|CA|V5V 3N6|Riley Park|1|130|2019-07-21T22:49:12+02:00|"{""type"": ""Point"", ""coordinates"": [-123.101304962166, 49.2521100873873]}"
14|2154553|14-142143|00|Inter Service Irv Inc|CH Art Gallery|Issued|2013-11-11T21:16:43+01:00|2014-12-31|Retail Dealer|Other|||||Vancouver|BC|CA||Downtown|0|130|2019-07-21T22:49:12+02:00|
14|2154554|14-142144|00|Wish.List Boutique Inc||Issued|2013-12-31T21:34:46+01:00|2014-12-31|Retail Dealer|Gifts/Novelties|||2811|W BROADWAY|Vancouver|BC|CA|V6K 2G6|Kitsilano|2|130|2019-07-21T22:49:12+02:00|"{""type"": ""Point"", ""coordinates"": [-123.168702411505, 49.2643314108242]}"
14|2154556|14-142146|00|Antisocial Skateboard Shop Inc|Antisocial|Issued|2014-04-03T22:17:10+02:00|2014-12-31|Retail Dealer|Sports & Leisure Equipment|||2337|MAIN ST|Vancouver|BC|CA|V5T 3C9|Mount Pleasant|2|130|2019-07-21T22:49:12+02:00|"{""type"": ""Point"", ""coordinates"": [-123.101414450466, 49.2641752183394]}"
14|2154558|14-142148|00|Dollar and More Emporium Inc|Loonie Plus Stores|Pending|||Retail Dealer|Gifts/Novelties|||2556|GRANVILLE ST|Vancouver|BC|CA|V6H 3G8|Fairview|3||2019-07-21T22:49:12+02:00|"{""type"": ""Point"", ""coordinates"": [-123.138170520086, 49.2630616787522]}"
14|2154563|14-142153|00|317124 BC Ltd|Britton Diamonds|Issued|2013-11-15T00:17:08+01:00|2014-12-31|Retail Dealer|Other|300|Unit|736|GRANVILLE ST|Vancouver|BC|CA|V6Z 1G3|Downtown|3|130|2019-07-21T22:49:12+02:00|"{""type"": ""Point"", ""coordinates"": [-123.118522373666, 49.2818433477786]}"
14|2154564|14-142154|00|Red Angel Enterprises Incorporated|Flip Flop Shops|Issued|2013-12-31T20:03:01+01:00|2014-12-31|Retail Dealer|Clothing/Shoes|||1820|W 4TH AV|Vancouver|BC|CA|V6J 1M3|Kitsilano|3|130|2019-07-21T22:49:12+02:00|"{""type"": ""Point"", ""coordinates"": [-123.146131333726, 49.2677630422075]}"
14|2154570|14-142160|00|Ken Takagi & Tsukiko Takagi|Suki's|Issued|2013-12-31T00:53:33+01:00|2014-12-31|Retail Dealer|Other|206|Unit|1030|W GEORGIA ST|Vancouver|BC|CA|V6E 2Y3|West End|35|130|2019-07-21T22:49:12+02:00|"{""type"": ""Point"", ""coordinates"": [-123.122008869142, 49.2845352944803]}"
14|2154574|14-142164|00|Divine Hardwood Flooring (Van) Ltd||Issued|2013-12-16T19:06:39+01:00|2014-12-31|Retail Dealer|Other|||3481|MAIN ST|Vancouver|BC|CA|V5V 3M9|Riley Park|4|130|2019-07-21T22:49:12+02:00|"{""type"": ""Point"", ""coordinates"": [-123.101271418824, 49.2538295175788]}"
14|2154575|14-142165|00|(Colleen Miller)|Button Button|Issued|2013-11-27T22:32:48+01:00|2014-12-31|Retail Dealer|Clothing/Shoes|202|Unit|318|HOMER ST|Vancouver|BC|CA|V6B 2V2|Downtown|1|130|2019-07-21T22:49:12+02:00|"{""type"": ""Point"", ""coordinates"": [-123.110029006403, 49.2837321709141]}"
14|2154576|14-142166|00|Bippandeep Kaur Dhillon & Amerpaul Singh Dhillon|Paisley Paper Prints|Issued|2014-01-01T05:56:12+01:00|2014-12-31|Retail Dealer|Other|||||Vancouver|BC|CA||Sunset|1|130|2019-07-21T22:49:12+02:00|
14|2154578|14-142168|00|Wai Fung Lau (Wai Lau)|New Silver Sea Fashion|Gone Out of Business|2013-12-04T06:47:06+01:00|2014-12-31|Retail Dealer|Clothing/Shoes|||526|MAIN ST|Vancouver|BC|CA|V6A 2T9|Strathcona|2|130|2019-07-21T22:49:12+02:00|"{""type"": ""Point"", ""coordinates"": [-123.099271169043, 49.2799512650774]}"
14|2154581|14-142171|00|Shima's Lawnmower Shop Ltd||Issued|2014-01-02T18:58:24+01:00|2014-12-31|Retail Dealer|Hardware/Garden Supplies|||1205|NANAIMO ST|Vancouver|BC|CA|V5L 4T5|Grandview-Woodland|1|130|2019-07-21T22:49:12+02:00|"{""type"": ""Point"", ""coordinates"": [-123.057044919372, 49.273702258934]}"
14|2154583|14-142173|00|Gallery Indigena (Vancouver) Inc|Inukshuk Gallery|Issued|2013-11-29T01:20:18+01:00|2014-12-31|Retail Dealer|Art Gallery|101|Unit|1551|JOHNSTON ST|Vancouver|BC|CA|V6H 3R9|Fairview|5|130|2019-07-21T22:49:12+02:00|"{""type"": ""Point"", ""coordinates"": [-123.134088548504, 49.2718365575468]}"
14|2154585|14-142175|00|Aatha Express Inc|Centre Point Postal Outlet|Issued|2013-12-30T05:23:41+01:00|2014-12-31|Retail Dealer|Books/Stationary|9|Unit|2949|MAIN ST|Vancouver|BC|CA|V5T 3G4|Mount Pleasant|2|130|2019-07-21T22:49:12+02:00|"{""type"": ""Point"", ""coordinates"": [-123.102209491026, 49.2588451981995]}"
14|2154587|14-142177|00|(David Johnson)|Folkart Interiors|Issued|2014-02-06T23:15:08+01:00|2014-12-31|Retail Dealer|Antique Dealer|||3720|W 10TH AV|Vancouver|BC|CA|V6R 2G4|West Point Grey|2|170|2019-07-21T22:49:12+02:00|"{""type"": ""Point"", ""coordinates"": [-123.18648218676, 49.2631934617521]}"
14|2154591|14-142181|00|City Ballet Academy of Vancouver Ltd|The Ballet Shop|Issued|2013-12-24T18:22:56+01:00|2014-12-31|Retail Dealer|Clothing/Shoes|||2345|MAIN ST|Vancouver|BC|CA|V5T 3C9|Mount Pleasant|1|130|2019-07-21T22:49:12+02:00|"{""type"": ""Point"", ""coordinates"": [-123.101352241632, 49.2638732409231]}"
14|2154593|14-142183|00|Julie Caroline Hebb (Julie Hebb)|Forsya Boutique and Gallery|Gone Out of Business|||Retail Dealer|Art Gallery|||2206|MAIN ST|Vancouver|BC|CA|V5T 3C7|Mount Pleasant|0||2019-07-21T22:49:12+02:00|"{""type"": ""Point"", ""coordinates"": [-123.100379955743, 49.2653369078127]}"
14|2154596|14-142186|00|Daniadown Quilts Ltd||Issued|2014-01-16T19:34:55+01:00|2014-12-31|Retail Dealer|Furnishings|16|Unit|555|W 12TH AV|Vancouver|BC|CA|V5Z 3X7|Fairview|000|130|2019-07-21T22:49:12+02:00|"{""type"": ""Point"", ""coordinates"": [-123.116286093249, 49.2608633217122]}"
14|2154597|14-142187|00|Intl Power Ventures Corp|Label Express|Issued|2013-12-26T08:17:55+01:00|2014-12-31|Retail Dealer|Other|22|Unit|555|W 12TH AV|Vancouver|BC|CA|V5Z 3X7|Fairview|2|130|2019-07-21T22:49:12+02:00|"{""type"": ""Point"", ""coordinates"": [-123.116286093249, 49.2608633217122]}"
14|2154599|14-142189|00|Lisa Jennifer Hruda (Lisa Hruda)|Clap Your Hands Baby|Pending|||Retail Dealer|Other|||||Vancouver|BC|CA||Fairview|000||2019-07-21T22:49:12+02:00|
14|2154602|14-142192|00|Ram Lubhaya Bansal & Narottam Kumar Handa|Save More Plumbing & Lighting|Pending|||Retail Dealer|Other|||1790|KINGSWAY|Vancouver|BC|CA|V5N 2S6|Kensington-Cedar Cottage|000||2019-07-21T22:49:12+02:00|"{""type"": ""Point"", ""coordinates"": [-123.068158639651, 49.2462575089645]}"
14|2154603|14-142193|00|ECO Outdoor Sports Broadway Ltd|Pixie Women's Clothing|Pending|||Retail Dealer|Other|||218|W BROADWAY|Vancouver|BC|CA|V5Y 1P6|Mount Pleasant|5||2019-07-21T22:49:12+02:00|"{""type"": ""Point"", ""coordinates"": [-123.109923171761, 49.2628332496449]}"
14|2154604|14-142194|00|(Abdul Hamid)|Gallery 7|Issued|2014-04-08T00:17:10+02:00|2014-12-31|Retail Dealer|Electronics|50|Unit|678|DUNSMUIR ST|Vancouver|BC|CA|V6B 1N3|Downtown|1|170|2019-07-21T22:49:12+02:00|"{""type"": ""Point"", ""coordinates"": [-123.116554378883, 49.2831203169849]}"
14|2154613|14-142203|00|Pilgrim Book & Bible Store Ltd||Issued|2013-12-24T18:48:52+01:00|2014-12-31|Retail Dealer|Books/Stationary|||2714|KINGSWAY|Vancouver|BC|CA|V5R 5H5|Renfrew-Collingwood|4|130|2019-07-21T22:49:12+02:00|"{""type"": ""Point"", ""coordinates"": [-123.049952356012, 49.2377712359548]}"
14|2154618|14-142208|00|(Ping Liu)|Artista Gallery|Issued|2014-03-16T06:38:38+01:00|2014-12-31|Retail Dealer|Other|101|Unit|88|E PENDER ST|Vancouver|BC|CA|V6A 3X3|Downtown|2|170|2019-07-21T22:49:12+02:00|"{""type"": ""Point"", ""coordinates"": [-123.102599225062, 49.2801644941638]}"
14|2154621|14-142211|00|(Jason Cheng)|Jason's Company|Issued|2014-07-18T18:33:37+02:00|2014-12-31|Retail Dealer|Other|100|Unit|149|E PENDER ST|Vancouver|BC|CA|V6A 1T6|Downtown|1|170|2019-07-21T22:49:12+02:00|"{""type"": ""Point"", ""coordinates"": [-123.100650109695, 49.2806586224836]}"
14|2154625|14-142215|00|(Jennifer Chu)|Green with Envy Floral & Textile Designs|Issued|2013-12-24T18:09:02+01:00|2014-12-31|Retail Dealer|Flowers|||||Vancouver|BC|CA||West Point Grey|0|130|2019-07-21T22:49:12+02:00|
14|2154631|14-142221|00|Form & Function Furniture Ltd||Issued|2013-12-10T20:54:09+01:00|2014-12-31|Retail Dealer|Furnishings|||2035|W 41ST AV|Vancouver|BC|CA|V6M 1Y7|Shaughnessy|4|130|2019-07-21T22:49:12+02:00|"{""type"": ""Point"", ""coordinates"": [-123.153164568771, 49.2348015623625]}"
14|2154632|14-142222|00|Matthew Obed Linsangan (Matthew Linsangan)|Hamburger Disco Clothing|Gone Out of Business|||Retail Dealer|Clothing/Shoes|||||Vancouver|BC|CA||Renfrew-Collingwood|0||2019-07-21T22:49:12+02:00|
14|2154635|14-142225|00|Wagababa Pet Shop Inc|Wagababa|Issued|2014-02-12T20:00:07+01:00|2014-12-31|Retail Dealer|Other|||88|KEEFER PLACE|Vancouver|BC|CA|V6B 0C9|Downtown|1|170|2019-07-21T22:49:12+02:00|"{""type"": ""Point"", ""coordinates"": [-123.107040209663, 49.2791604893447]}"
14|2154636|14-142226|00|Six Star Distributors Ltd|Six Star|Issued|2014-01-14T21:46:03+01:00|2014-12-31|Retail Dealer|Clothing/Shoes|||||Vancouver|BC|CA||Victoria-Fraserview|2|130|2019-07-21T22:49:12+02:00|
14|2154640|14-142230|00|Collage Collage Art School and Store Inc|Collage Collage|Issued|2013-11-12T17:59:10+01:00|2014-12-31|Retail Dealer|Books/Stationary|||621|KINGSWAY|Vancouver|BC|CA|V5T 3K5|Mount Pleasant|3|130|2019-07-21T22:49:12+02:00|"{""type"": ""Point"", ""coordinates"": [-123.090720606283, 49.2574680343775]}"
14|2154643|14-142233|00|Classic Hardwood Floors Ltd|Hardwood Cafe|Issued|2013-12-30T21:12:52+01:00|2014-12-31|Retail Dealer|Other|||||Vancouver|BC|CA||Kitsilano|4|130|2019-07-21T22:49:12+02:00|
14|2154651|14-142241|00|Ka Wah Appliances Ltd||Gone Out of Business|||Retail Dealer|Electronics|101|Unit|236|E GEORGIA ST|Vancouver|BC|CA|V6A 1Z7|Strathcona|1||2019-07-21T22:49:12+02:00|"{""type"": ""Point"", ""coordinates"": [-123.098540890453, 49.2782853618992]}"
14|2154657|14-142247|00|Andy's Menswear Kerrisdale Ltd|Andy Trott - Kerrisdale Menswear|Issued|2014-01-02T21:58:17+01:00|2014-12-31|Retail Dealer|Clothing/Shoes|||2034|W 41ST AV|Vancouver|BC|CA|V6M 1Y8|Kerrisdale|1|130|2019-07-21T22:49:12+02:00|"{""type"": ""Point"", ""coordinates"": [-123.153116082416, 49.2342295374826]}"
14|2154660|14-142250|00|Yuk Pui Loraine Li (Yuk Li)|BestBuy99|Issued|2013-11-26T00:32:40+01:00|2014-12-31|Retail Dealer|Other|||1980|E 39TH AV|Vancouver|BC|CA|V5P 1H4|Kensington-Cedar Cottage|1|130|2019-07-21T22:49:12+02:00|"{""type"": ""Point"", ""coordinates"": [-123.065890155791, 49.233998949755]}"
14|2154665|14-142255|00|Zelen Shoes Inc||Issued|2013-11-11T02:36:41+01:00|2014-12-31|Retail Dealer|Clothing/Shoes|||894|GRANVILLE ST|Vancouver|BC|CA|V6Z 1K3|Downtown|9|130|2019-07-21T22:49:12+02:00|"{""type"": ""Point"", ""coordinates"": [-123.121010921796, 49.280193481255]}"
14|2154670|14-142260|00|One Tooth Fashion Inc|One Tooth|Issued|2014-02-12T00:59:48+01:00|2014-12-31|Retail Dealer|Clothing/Shoes|||1218|ROBSON ST|Vancouver|BC|CA|V6E 1C1|West End|0|170|2019-07-21T22:49:12+02:00|"{""type"": ""Point"", ""coordinates"": [-123.127571633726, 49.2859998449495]}"
14|2154674|14-142264|00|(Kirpal Singh)|Joan's Gem's & Gifts|Issued|2013-12-20T23:58:42+01:00|2014-12-31|Retail Dealer|Gifts/Novelties|145|Unit|1150|STATION ST|Vancouver|BC|CA|V6A 4C7|Strathcona|1|130|2019-07-21T22:49:12+02:00|"{""type"": ""Point"", ""coordinates"": [-123.097968780581, 49.2737669456772]}"
14|2154675|14-142265|00|Dave's Flowers Ltd|Dave's Flowers|Issued|2013-11-22T06:10:48+01:00|2014-12-31|Retail Dealer|Flowers|||5305|VICTORIA DRIVE|Vancouver|BC|CA|V5P 3V6|Kensington-Cedar Cottage|2|130|2019-07-21T22:49:12+02:00|"{""type"": ""Point"", ""coordinates"": [-123.065839864637, 49.2364571101208]}"
14|2154676|14-142266|00|Ancient Mariner Sign Services Ltd||Pending|||Retail Dealer|Other|||||Vancouver|BC|CA||Fairview|0||2019-07-21T22:49:12+02:00|
14|2154681|14-142271|00|Henry Stephen Sinha (Henry Sinha)|Spool of Thread|Issued|2014-01-06T23:10:07+01:00|2014-12-31|Retail Dealer|Other|101|Unit|649|E 15TH AV|Vancouver|BC|CA|V5T 2R6|Mount Pleasant|5|130|2019-07-21T22:49:12+02:00|"{""type"": ""Point"", ""coordinates"": [-123.090090382663, 49.2573995432117]}"
14|2154683|14-142273|00|Minh Tan Tai Nguyen (Minh Nguyen)|Aquaexotictrading|Gone Out of Business|||Retail Dealer|Other|||||Vancouver|BC|CA||Kensington-Cedar Cottage|0||2019-07-21T22:49:12+02:00|
14|2154684|14-142274|00|(Luz Lopez Villalobos)|La Salita Gift Shop|Pending|||Retail Dealer|Clothing/Shoes|||4196|MAIN ST|Vancouver|BC|CA|V5V 3P7|Riley Park|2||2019-07-21T22:49:12+02:00|"{""type"": ""Point"", ""coordinates"": [-123.100746404716, 49.2477160475194]}"
14|2154687|14-142277|00|(Sukhjit Chauhan)|The UPS Store #230|Issued|2014-01-02T17:58:36+01:00|2014-12-31|Retail Dealer|Other|||4438|W 10TH AV|Vancouver|BC|CA|V6R 4R8|West Point Grey|1|130|2019-07-21T22:49:12+02:00|"{""type"": ""Point"", ""coordinates"": [-123.207233265954, 49.2635171229144]}"
14|2154690|14-142280|00|Denna Lynn Erickson (Denna Erickson)|The Art Way|Issued|2014-01-03T18:08:31+01:00|2014-12-31|Retail Dealer|Art Gallery|||649|E 15TH AV|Vancouver|BC|CA|V5T 2R6|Mount Pleasant|2|130|2019-07-21T22:49:12+02:00|"{""type"": ""Point"", ""coordinates"": [-123.090090382663, 49.2573995432117]}"
14|2154691|14-142281|00|The Dolly Lammy Breathing Company Inc|Marketing The Dolly Lammy|Issued|2013-12-04T19:47:27+01:00|2014-12-31|Retail Dealer|Other|||||Vancouver|BC|CA||Sunset|0|130|2019-07-21T22:49:12+02:00|
14|2154693|14-142283|00|Bramall Business Systems Ltd||Issued|2014-01-09T21:25:07+01:00|2014-12-31|Retail Dealer|Other|||||Vancouver|BC|CA||Riley Park|1|130|2019-07-21T22:49:12+02:00|
14|2154694|14-142284|00|Interstate Battery System of Canada Inc|Interstate All Battery Center Vancouver|Issued|2013-12-24T19:52:07+01:00|2014-12-31|Retail Dealer|Other|||2894|E BROADWAY|Vancouver|BC|CA|V5M 1Z1|Renfrew-Collingwood|3|130|2019-07-21T22:49:12+02:00|
14|2154699|14-142289|00|Sasso Moda Italia Style Inc||Issued|2014-01-07T19:44:35+01:00|2014-12-31|Retail Dealer|Clothing/Shoes|||595|W GEORGIA ST|Vancouver|BC|CA|V6B 1Z5|Downtown|0|130|2019-07-21T22:49:12+02:00|"{""type"": ""Point"", ""coordinates"": [-123.116710488292, 49.2817766307885]}"
14|2154701|14-142291|00|Romeo & Juliet Clothing Ltd||Issued|2013-11-11T09:10:50+01:00|2014-12-31|Retail Dealer|Clothing/Shoes|||3457|CAMBIE ST|Vancouver|BC|CA|V5Z 2W7|South Cambie|3|130|2019-07-21T22:49:12+02:00|"{""type"": ""Point"", ""coordinates"": [-123.11564443608, 49.2545116074027]}"
14|2154702|14-142292|00|One Tooth Fashion Inc|One Tooth|Issued|2014-02-07T20:32:41+01:00|2014-12-31|Retail Dealer|Other|||707|W BROADWAY|Vancouver|BC|CA|V5Z 1J5|Fairview|2|170|2019-07-21T22:49:12+02:00|"{""type"": ""Point"", ""coordinates"": [-123.120478478638, 49.263635136479]}"
14|2154712|14-142302|00|British Columbia Ferry Services Inc|BC Ferries Vacation|Issued|2013-11-12T23:39:49+01:00|2014-12-31|Retail Dealer|Other|||1010|CANADA PLACE|Vancouver|BC|CA|V6C 0B9|Downtown|15|130|2019-07-21T22:49:12+02:00|"{""type"": ""Point"", ""coordinates"": [-123.116862690129, 49.2880285000936]}"
14|2154713|14-142303|00|Don Cartel Apparel Ltd||Pending|||Retail Dealer|Clothing/Shoes|||||Vancouver|BC|CA||Sunset|0||2019-07-21T22:49:12+02:00|
14|2154714|14-142304|00|Earth Care North America Trading Corp||Issued|2014-01-04T18:48:49+01:00|2014-12-31|Retail Dealer|Other|||||Vancouver|BC|CA||Arbutus-Ridge|1|130|2019-07-21T22:49:12+02:00|
14|2154721|14-142311|00|Captain's Hats Ltd|Captain's Hats|Pending|||Retail Dealer|Clothing/Shoes|||1810|MARITIME MEWS|Vancouver|BC|CA|V6H 3X2|Fairview|2||2019-07-21T22:49:12+02:00|"{""type"": ""Point"", ""coordinates"": [-123.136472719863, 49.2708959540863]}"
14|2154722|14-142312|00|PT Trading Enterprises Ltd|Hong Phuoc Phat Tam Duyen Buddish's Furniture Accessories Store|Issued|2013-11-20T20:14:46+01:00|2014-12-31|Retail Dealer|Furnishings|||928|KINGSWAY|Vancouver|BC|CA|V5V 3C4|Kensington-Cedar Cottage|1|130|2019-07-21T22:49:12+02:00|"{""type"": ""Point"", ""coordinates"": [-123.085082962269, 49.2540954559773]}"
14|2154723|14-142313|00|Super-Speed Printing & Office Supplies Inc|Super-Speed Copy Printing & Stationery Centre|Issued|2013-12-20T19:40:03+01:00|2014-12-31|Retail Dealer|Books/Stationary|A|Unit|661|MARKET HILL|Vancouver|BC|CA|V5Z 4B5|Fairview|1|130|2019-07-21T22:49:12+02:00|"{""type"": ""Point"", ""coordinates"": [-123.119922191805, 49.2670663510306]}"
14|2154727|14-142317|00|(Beatriz Cabilin)|Beatriz Boutique|Issued|2013-12-28T00:51:53+01:00|2014-12-31|Retail Dealer|Clothing/Shoes|||188|E 41ST AV|Vancouver|BC|CA|V5W 1N7|Sunset|2|130|2019-07-21T22:49:12+02:00|"{""type"": ""Point"", ""coordinates"": [-123.101899302736, 49.2327911917528]}"
14|2154730|14-142320|00|Nestings Kids Vancouver Inc||Gone Out of Business|||Retail Dealer|Gifts/Novelties|||2126|W 41ST AV|Vancouver|BC|CA|V6M 1Z1|Kerrisdale|000||2019-07-21T22:49:12+02:00|"{""type"": ""Point"", ""coordinates"": [-123.156599920909, 49.2343102683399]}"
14|2154733|14-142323|00|Sun and Moon Trading Ltd|Arline's Gifts 'n' Things|Issued|2013-12-17T18:50:39+01:00|2014-12-31|Retail Dealer|Gifts/Novelties|||968|W KING EDWARD AV|Vancouver|BC|CA|V5Z 2E2|South Cambie|3|130|2019-07-21T22:49:12+02:00|"{""type"": ""Point"", ""coordinates"": [-123.12547222923, 49.2486104869249]}"
14|2154734|14-142324|00|Jodi Chi Keung Lau (Jodi Lau)|Computer Exchange|Issued|2013-11-20T03:16:36+01:00|2014-12-31|Retail Dealer|Electronics|2117|Unit|88|W PENDER ST|Vancouver|BC|CA|V6B 6N9|Downtown|3|130|2019-07-21T22:49:12+02:00|"{""type"": ""Point"", ""coordinates"": [-123.106751856679, 49.280289660285]}"
14|2154735|14-142325|00|0871670 BC Ltd|Granville Fine Art|Gone Out of Business|||Retail Dealer|Art Gallery|||2447|GRANVILLE ST|Vancouver|BC|CA|V6H 3G5|Fairview|2||2019-07-21T22:49:12+02:00|"{""type"": ""Point"", ""coordinates"": [-123.138969787586, 49.2638982459797]}"
14|2154736|14-142326|00|Villa Beau Interiors Ltd|Villa Beau Interiors|Issued|2014-01-12T02:22:41+01:00|2014-12-31|Retail Dealer|Furnishings|||2415|GRANVILLE ST|Vancouver|BC|CA|V6H 3G5|Fairview|01|130|2019-07-21T22:49:12+02:00|"{""type"": ""Point"", ""coordinates"": [-123.138931609733, 49.2643014570627]}"
14|2154737|14-142327|00|Young Doo Song (Young Song)|Vanart Gallery and Studio|Issued|2013-12-11T19:17:26+01:00|2014-12-31|Retail Dealer|Art Gallery|200|Unit|973|W BROADWAY|Vancouver|BC|CA|V5Z 1K3|Fairview|2|130|2019-07-21T22:49:12+02:00|"{""type"": ""Point"", ""coordinates"": [-123.125687280142, 49.2636725307782]}"
14|2154738|14-142328|00|Lucy Jean Croysdill (Lucy Croysdill)|Pivot Star Designs|Gone Out of Business|||Retail Dealer|Other|||||Vancouver|BC|CA||Mount Pleasant|2||2019-07-21T22:49:12+02:00|
14|2154741|14-142331|00|Phoonchai Enterprises Ltd|Maai Living|Issued|2014-02-12T21:05:44+01:00|2014-12-31|Retail Dealer|Furnishings|||157|W HASTINGS ST|Vancouver|BC|CA|V6B 1H4|Downtown|1|170|2019-07-21T22:49:12+02:00|"{""type"": ""Point"", ""coordinates"": [-123.109156859482, 49.2826054258406]}"
14|2154742|14-142332|00|(Jina Yu)|Cherry Blossoms Floral Design|Gone Out of Business|||Retail Dealer|Flowers|||||Vancouver|BC|CA||Downtown|0||2019-07-21T22:49:12+02:00|
14|2154743|14-142333|00|Offsetters Clean Technology Inc||Issued|2014-01-08T23:15:49+01:00|2014-12-31|Retail Dealer|Other|1000|Unit|675|W HASTINGS ST|Vancouver|BC|CA|V6B 1N2|Downtown|12|130|2019-07-21T22:49:12+02:00|"{""type"": ""Point"", ""coordinates"": [-123.113282421715, 49.2852887363625]}"
14|2154752|14-142342|00|Opticana Eyewear Inc||Issued|2013-12-19T23:41:23+01:00|2014-12-31|Retail Dealer|Other|105|Unit|568|SEYMOUR ST|Vancouver|BC|CA|V6B 3J5|Downtown|5|130|2019-07-21T22:49:12+02:00|"{""type"": ""Point"", ""coordinates"": [-123.114747390573, 49.2830734975865]}"
14|2154756|14-142346|00|Spirithouse Thai Product Trade Ltd||Issued|2013-11-10T17:45:42+01:00|2014-12-31|Retail Dealer|Gifts/Novelties|||4326|MAIN ST|Vancouver|BC|CA|V5V 3P9|Riley Park|2|130|2019-07-21T22:49:12+02:00|"{""type"": ""Point"", ""coordinates"": [-123.100837897201, 49.2464391125612]}"
14|2154758|14-142348|00|Y R Healthmatters Ltd||Issued|2014-02-01T00:25:49+01:00|2014-12-31|Retail Dealer|Other|510|Unit|943|W BROADWAY|Vancouver|BC|CA|V5Z 4E1|Fairview|2|130|2019-07-21T22:49:12+02:00|"{""type"": ""Point"", ""coordinates"": [-123.125126477568, 49.2636641442616]}"
14|2154759|14-142349|00|(Yuriko Iga)|Blim|Issued|2013-12-18T08:51:09+01:00|2014-12-31|Retail Dealer|Art Gallery|||115|E PENDER ST|Vancouver|BC|CA|V6A 1T6|Downtown|1|130|2019-07-21T22:49:12+02:00|"{""type"": ""Point"", ""coordinates"": [-123.101703525212, 49.2807161597808]}"
14|2154761|14-142351|00|Xiang Wang Enterprise Inc|Pioneer Book Store|Issued|2013-12-24T20:06:59+01:00|2014-12-31|Retail Dealer|Books/Stationary|106|Unit|229|KEEFER ST|Vancouver|BC|CA|V6A 1X6|Strathcona|000|130|2019-07-21T22:49:12+02:00|"{""type"": ""Point"", ""coordinates"": [-123.098589779021, 49.2797122348466]}"
14|2154763|14-142353|00|Leading-Age Computer & Electronics Ltd|LCE Depot|Issued|2014-01-03T23:11:08+01:00|2014-12-31|Retail Dealer|Electronics|100|Unit|3399|KINGSWAY|Vancouver|BC|CA|V5R 5K6|Renfrew-Collingwood|0|130|2019-07-21T22:49:12+02:00|"{""type"": ""Point"", ""coordinates"": [-123.03251072296, 49.232760586136]}"
14|2154768|14-142358|00|Good Luck Entertainment Centre Ltd||Issued|2013-12-04T19:58:16+01:00|2014-12-31|Retail Dealer|Other|||125|E PENDER ST|Vancouver|BC|CA|V6A 1T6|Downtown|1|130|2019-07-21T22:49:12+02:00|"{""type"": ""Point"", ""coordinates"": [-123.101506793961, 49.2807136342144]}"
14|2154770|14-142360|00|Douglas Trading Post Ltd||Issued|2013-12-05T22:43:30+01:00|2014-12-31|Retail Dealer|Other|||1884|MAIN ST|Vancouver|BC|CA|V5T 3B7|Mount Pleasant|1|130|2019-07-21T22:49:12+02:00|"{""type"": ""Point"", ""coordinates"": [-123.100340717367, 49.2685246610611]}"
14|2154773|14-142363|00|Jack Wing Wong (Jack Wong)|Wun Wun Books|Issued|2013-12-19T19:12:03+01:00|2014-12-31|Retail Dealer|Books/Stationary|||286|KEEFER ST|Vancouver|BC|CA|V6A 1X5|Strathcona|0|130|2019-07-21T22:49:12+02:00|"{""type"": ""Point"", ""coordinates"": [-123.097559932553, 49.2791696201124]}"
14|2154774|14-142364|00|G2 Fashion (Canada) Inc|Chinatown Gift|Issued|2013-12-19T18:00:44+01:00|2014-12-31|Retail Dealer|Clothing/Shoes|||518|MAIN ST|Vancouver|BC|CA|V6A 2T9|Strathcona|3|140|2019-07-21T22:49:12+02:00|"{""type"": ""Point"", ""coordinates"": [-123.099265808402, 49.2800205325692]}"
14|2154777|14-142367|00|(Melissa Ferreira)|Adhesif Clothing Company|Issued|2013-11-13T03:41:23+01:00|2014-12-31|Retail Dealer|Other|||2202|MAIN ST|Vancouver|BC|CA|V5T 3C7|Mount Pleasant|1|130|2019-07-21T22:49:12+02:00|"{""type"": ""Point"", ""coordinates"": [-123.100379955743, 49.2653369078127]}"
14|2154788|14-142378|00|0787145 BC Ltd|Fay Fay Fashions|Pending|||Retail Dealer|Clothing/Shoes|||438|MAIN ST|Vancouver|BC|CA|V6A 2T4|Strathcona|0||2019-07-21T22:49:12+02:00|"{""type"": ""Point"", ""coordinates"": [-123.099236141819, 49.2806461727867]}"
14|2154789|14-142379|00|Mavin Jilla Narain (Mavin Narain)|Golden Sunshine Products-TVI Int|Pending|||Retail Dealer|Other|206|Unit|124|E PENDER ST|Vancouver|BC|CA|V6A 1T3|Downtown|2||2019-07-21T22:49:12+02:00|"{""type"": ""Point"", ""coordinates"": [-123.101696258028, 49.2801708873938]}"
14|2154790|14-142380|00|647 Eyecare Inc|Iris The Visual Group|Gone Out of Business|||Retail Dealer|Other|||1192|HAMILTON ST|Vancouver|BC|CA|V6B 2S2|Downtown|000||2019-07-21T22:49:12+02:00|"{""type"": ""Point"", ""coordinates"": [-123.122261195382, 49.2748319344181]}"
14|2154791|14-142381|00|Rozita Shahidi & Ridha Benmiled Rafaoui|Gios Kitchen|Pending|||Retail Dealer|Other|||642|KINGSWAY|Vancouver|BC|CA|V5T 3K4|Mount Pleasant|0||2019-07-21T22:49:12+02:00|"{""type"": ""Point"", ""coordinates"": [-123.0910308564, 49.2569171122575]}"
14|2154795|14-142385|00|Young Creators Corp|4Cats Arts Studio - Yaletown|Issued|2013-12-29T02:09:35+01:00|2014-12-31|Retail Dealer|Other|||427|PACIFIC ST|Vancouver|BC|CA|V6Z 2P5|Downtown|2|130|2019-07-21T22:49:12+02:00|"{""type"": ""Point"", ""coordinates"": [-123.126050461572, 49.2738730144299]}"
14|2154802|14-142392|00|(Michael Broderick)|GTH Imports|Gone Out of Business|||Retail Dealer|Other|||||Vancouver|BC|CA||Downtown|0||2019-07-21T22:49:12+02:00|
14|2154805|14-142395|00|Fantasy Books & Comics Ltd|The Comic Shop|Issued|2013-12-23T17:52:39+01:00|2014-12-31|Retail Dealer|Books/Stationary|||3518|W 4TH AV|Vancouver|BC|CA|V6R 1N8|Kitsilano|8|130|2019-07-21T22:49:12+02:00|"{""type"": ""Point"", ""coordinates"": [-123.182271256095, 49.2683029465436]}"
14|2154806|14-142396|00|Logos Holdings Ltd|Vancouver Luggage Warehouse|Issued|2014-01-03T01:24:25+01:00|2014-12-31|Retail Dealer|Other|101|Unit|1610|ROBSON ST|Vancouver|BC|CA|V6G 1C7|West End|2|130|2019-07-21T22:49:12+02:00|"{""type"": ""Point"", ""coordinates"": [-123.132937154482, 49.2894556238527]}"
14|2154810|14-142400|00|Red Cat Records Inc|Red Cat Records|Issued|2013-12-04T20:52:54+01:00|2014-12-31|Retail Dealer|Other|||4332|MAIN ST|Vancouver|BC|CA|V5V 3P9|Riley Park|2|130|2019-07-21T22:49:12+02:00|"{""type"": ""Point"", ""coordinates"": [-123.100843943647, 49.2463720928001]}"
14|2154812|14-142402|00|7058446 Canada Inc|Snowflake|Issued|2013-12-21T01:03:45+01:00|2014-12-31|Retail Dealer|Clothing/Shoes|Main|Unit|750|W PENDER ST|Vancouver|BC|CA|V6C 2T7|Downtown|4|130|2019-07-21T22:49:12+02:00|"{""type"": ""Point"", ""coordinates"": [-123.115619724804, 49.2848045499607]}"
14|2154813|14-142403|00|Amanda Marie Michas (Amanda Michas)|Blue Owl Boutique|Gone Out of Business|2013-12-06T01:52:34+01:00|2014-12-31|Retail Dealer|Furnishings|||2308|W BROADWAY|Vancouver|BC|CA|V6K 2E5|Kitsilano|3|130|2019-07-21T22:49:12+02:00|"{""type"": ""Point"", ""coordinates"": [-123.157939790999, 49.263592474895]}"
14|2154822|14-142412|00|Chong Sik Park (Chong Park)|Flowers By Michael Park|Issued|2013-12-21T00:38:20+01:00|2014-12-31|Retail Dealer|Flowers|||1378|W GEORGIA ST|Vancouver|BC|CA|V6E 4S2|West End|0|130|2019-07-21T22:49:12+02:00|"{""type"": ""Point"", ""coordinates"": [-123.127897673126, 49.2883522702397]}"
14|2154829|14-142419|00|Dilly Dally Kids Store Ltd||Issued|2013-11-19T21:25:55+01:00|2014-12-31|Retail Dealer|Other|||1161|COMMERCIAL DRIVE|Vancouver|BC|CA|V5L 3X3|Grandview-Woodland|4|130|2019-07-21T22:49:12+02:00|"{""type"": ""Point"", ""coordinates"": [-123.069913904141, 49.2742520720749]}"
14|2154830|14-142420|00|Azad Wais Wahed (Azad Wahed)|Tribal Rugs and Art|Issued|2013-12-11T23:31:07+01:00|2014-12-31|Retail Dealer|Furnishings|||1812|MARITIME MEWS|Vancouver|BC|CA|V6H 3X2|Fairview|0|130|2019-07-21T22:49:12+02:00|"{""type"": ""Point"", ""coordinates"": [-123.136472719863, 49.2708959540863]}"
14|2154834|14-142424|00|Petley-Jones Gallery Ltd||Issued|2014-02-14T22:33:05+01:00|2014-12-31|Retail Dealer|Art Gallery|||1554|W 6TH AV|Vancouver|BC|CA|V6J 1R2|Fairview|3|170|2019-07-21T22:49:12+02:00|
14|2154839|14-142429|00|Butterfly Collection Lingerie Inc||Issued|2013-11-27T23:01:53+01:00|2014-12-31|Retail Dealer|Clothing/Shoes|||||Vancouver|BC|CA||Oakridge|0|130|2019-07-21T22:49:12+02:00|
14|2154840|14-142430|00|V & J Plant Shop Ltd||Issued|2014-01-06T23:19:27+01:00|2014-12-31|Retail Dealer|Flowers|215|Unit|1689|JOHNSTON ST|Vancouver|BC|CA|V6H 3R9|Fairview|7|130|2019-07-21T22:49:12+02:00|"{""type"": ""Point"", ""coordinates"": [-123.135378238409, 49.272839834821]}"
14|2154841|14-142431|00|0871715 BC Ltd|Frilly Lilly Yaletown|Issued|2013-12-24T22:00:34+01:00|2014-12-31|Retail Dealer|Gifts/Novelties|||1076|HAMILTON ST|Vancouver|BC|CA|V6B 2R9|Downtown|3|130|2019-07-21T22:49:12+02:00|"{""type"": ""Point"", ""coordinates"": [-123.120419920187, 49.2760409143085]}"
14|2154847|14-142437|00|0890171 BC Ltd|Bow Wow Haus|Issued|2014-01-16T23:04:29+01:00|2014-12-31|Retail Dealer|Other|||1701|W 4TH AV|Vancouver|BC|CA|V6J 1M2|Fairview|2|170|2019-07-21T22:49:12+02:00|"{""type"": ""Point"", ""coordinates"": [-123.143458247971, 49.2682469516446]}"
14|2154851|14-142441|00|(Ady Aylon)||Issued|2013-12-22T06:17:34+01:00|2014-12-31|Retail Dealer|Flowers|21|Unit|1855|W 1ST AV|Vancouver|BC|CA|V6J 5B8|Kitsilano|1|130|2019-07-21T22:49:12+02:00|"{""type"": ""Point"", ""coordinates"": [-123.147395295289, 49.2709362832478]}"
14|2154857|14-142447|00|Baby Gorillas Enterprises Inc|Sharks and Hammers|Issued|2014-02-09T03:46:44+01:00|2014-12-31|Retail Dealer|Clothing/Shoes|100|Unit|55|POWELL ST|Vancouver|BC|CA|V6A 1E9|Downtown|1|170|2019-07-21T22:49:12+02:00|"{""type"": ""Point"", ""coordinates"": [-123.102819412023, 49.2834348729792]}"
14|2154864|14-142454|00|(Edward Kung)|Mobilicity|Issued|2014-01-09T00:21:16+01:00|2014-12-31|Retail Dealer|Electronics|||||Vancouver|BC|CA||Grandview-Woodland|5|130|2019-07-21T22:49:12+02:00|
14|2154865|14-142455|00|(Mike Martins)|One Stop Shop Cards and Games|Issued|2013-12-04T20:47:35+01:00|2014-12-31|Retail Dealer|Other|1055|Unit|88|W PENDER ST|Vancouver|BC|CA|V6B 6N9|Downtown|1|130|2019-07-21T22:49:12+02:00|"{""type"": ""Point"", ""coordinates"": [-123.106751856679, 49.280289660285]}"
14|2154867|14-142457|00|Van Nghia Nguyen (Van Nghia Nguyen)|Van Laser Tech|Issued|2014-01-01T07:03:07+01:00|2014-12-31|Retail Dealer|Other|||2855|E 22ND AV|Vancouver|BC|CA|V5M 2Y1|Renfrew-Collingwood|0|130|2019-07-21T22:49:12+02:00|"{""type"": ""Point"", ""coordinates"": [-123.045936185838, 49.2509093899452]}"
14|2154868|14-142458|00|Roden Gray Inc||Issued|2013-11-22T23:32:02+01:00|2014-12-31|Retail Dealer|Clothing/Shoes|||8|WATER ST|Vancouver|BC|CA|V6B 1A4|Downtown|5|130|2019-07-21T22:49:12+02:00|"{""type"": ""Point"", ""coordinates"": [-123.10460125958, 49.2833417298521]}"
14|2154870|14-142460|00|Sunrise Bonsai Garden Ltd||Issued|2013-12-03T00:21:19+01:00|2014-12-31|Retail Dealer|Flowers|||1605|RENFREW ST|Vancouver|BC|CA|V5K 4C9|Hastings-Sunrise|2|130|2019-07-21T22:49:12+02:00|"{""type"": ""Point"", ""coordinates"": [-123.044685457337, 49.2702716087184]}"
14|2154872|14-142462|00|Brougham Interiors Ltd|Brougham Interiors|Issued|2013-11-25T20:38:04+01:00|2014-12-31|Retail Dealer|Furnishings|||1855|FIR ST|Vancouver|BC|CA|V6J 3A9|Fairview|10|130|2019-07-21T22:49:12+02:00|"{""type"": ""Point"", ""coordinates"": [-123.141179983572, 49.2690841526]}"
14|2154876|14-142466|00|Blue Sky Clothing Company Ltd||Issued|2013-11-30T22:18:13+01:00|2014-12-31|Retail Dealer|Clothing/Shoes|||1312|COMMERCIAL DRIVE|Vancouver|BC|CA|V5L 3X6|Grandview-Woodland|4|130|2019-07-21T22:49:12+02:00|"{""type"": ""Point"", ""coordinates"": [-123.069179682174, 49.2728328122914]}"
14|2154877|14-142467|00|Memon Enteprises Ltd|Express Net|Gone Out of Business|||Retail Dealer|Electronics|||3090|CAMBIE ST|Vancouver|BC|CA|V5Z 2V9|Mount Pleasant|1||2019-07-21T22:49:12+02:00|"{""type"": ""Point"", ""coordinates"": [-123.114672274413, 49.2580571059923]}"
14|2154879|14-142469|00|Vastcom Trading Ltd||Issued|2014-01-03T18:55:19+01:00|2014-12-31|Retail Dealer|Electronics|||3967|MAIN ST|Vancouver|BC|CA|V5V 3P3|Riley Park|2|130|2019-07-21T22:49:12+02:00|"{""type"": ""Point"", ""coordinates"": [-123.1014288137, 49.2498095037548]}"
14|2154880|14-142470|00|Abdul Jabbar Bhatti (Abdul Bhatti)|Lead Tech Services|Issued|2013-12-09T19:22:57+01:00|2014-12-31|Retail Dealer|Electronics|||5929|FRASER ST|Vancouver|BC|CA|V5W 2Z6|Sunset|1|130|2019-07-21T22:49:12+02:00|"{""type"": ""Point"", ""coordinates"": [-123.091023007968, 49.2307094703525]}"
14|2154884|14-142474|00|Thi Huong Nancy Tran (Thi Tran)|B T Shears Salon & Spa|Issued|2014-02-24T21:07:30+01:00|2014-12-31|Retail Dealer|Other|||3231|DUNBAR ST|Vancouver|BC|CA|V6S 2B8|Dunbar-Southlands|3|130|2019-07-21T22:49:12+02:00|"{""type"": ""Point"", ""coordinates"": [-123.185481051891, 49.2576086575365]}"
14|2154887|14-142477|00|Revival Art Ltd||Issued|2013-12-13T21:01:54+01:00|2014-12-31|Retail Dealer|Art Gallery|2125|Unit|88|W PENDER ST|Vancouver|BC|CA|V6B 6N9|Downtown|2|130|2019-07-21T22:49:12+02:00|"{""type"": ""Point"", ""coordinates"": [-123.106751856679, 49.280289660285]}"
14|2154888|14-142478|00|Scott Roland Foglietta (Scott Foglietta)|Always Win Entertainment & Mobile Concierge Service|Pending|||Retail Dealer|Other|||||Vancouver|BC|CA||Downtown|000||2019-07-21T22:49:12+02:00|
14|2154889|14-142479|00|White House Jewellery Inc||Issued|2013-12-02T19:36:25+01:00|2014-12-31|Retail Dealer|Other|||2641|COMMERCIAL DRIVE|Vancouver|BC|CA|V5N 4C3|Kensington-Cedar Cottage|2|130|2019-07-21T22:49:12+02:00|"{""type"": ""Point"", ""coordinates"": [-123.070181931828, 49.2607558194443]}"
14|2154891|14-142481|00|Oh My Gift Ltd||Issued|2014-06-28T00:20:37+02:00|2014-12-31|Retail Dealer|Gifts/Novelties|||2235|W 4TH AV|Vancouver|BC|CA|V6K 1N9|Kitsilano|5|170|2019-07-21T22:49:12+02:00|"{""type"": ""Point"", ""coordinates"": [-123.156321786195, 49.2684346082645]}"
14|2154893|14-142483|00|Miroslav Havelka & Georgina Kwei|Kube Computers|Gone Out of Business|2013-12-20T07:41:51+01:00|2014-12-31|Retail Dealer|Other|||185|E 16TH AV|Vancouver|BC|CA|V5T 4R2|Mount Pleasant|3|130|2019-07-21T22:49:12+02:00|"{""type"": ""Point"", ""coordinates"": [-123.101748807393, 49.2570695356725]}"
14|2154894|14-142484|00|Mirage Enterprises Ltd||Issued|2013-12-14T01:00:15+01:00|2014-12-31|Retail Dealer|Clothing/Shoes|105|Unit|370|E BROADWAY|Vancouver|BC|CA|V5T 4G5|Mount Pleasant|3|130|2019-07-21T22:49:12+02:00|"{""type"": ""Point"", ""coordinates"": [-123.097582450757, 49.2623856117777]}"
14|2154895|14-142485|00|Bloom Breastfeeding Center Inc||Issued|2013-11-23T01:21:26+01:00|2014-12-31|Retail Dealer|Other|408|Unit|1033|DAVIE ST|Vancouver|BC|CA|V6E 1M7|West End|0|130|2019-07-21T22:49:12+02:00|"{""type"": ""Point"", ""coordinates"": [-123.129591896776, 49.2797042382855]}"
14|2154897|14-142487|00|(Kurosh Sun)||Pending|||Retail Dealer|Other|||||Vancouver|BC|CA||West End|0||2019-07-21T22:49:12+02:00|
14|2154899|14-142489|00|Rollergirl Rollerskates Inc||Issued|2013-11-28T19:18:05+01:00|2014-12-31|Retail Dealer|Other|1st & Mezz|Floor|185|E 11TH AV|Vancouver|BC|CA|V5T 2C1|Mount Pleasant|000|130|2019-07-21T22:49:12+02:00|"{""type"": ""Point"", ""coordinates"": [-123.101625033933, 49.2612970257784]}"
14|2154904|14-142494|00|Anne Louise Catherine Hung (Anne Hung)|Pandora's Box Boutique|Pending|||Retail Dealer|Other|||||Vancouver|BC|CA||Renfrew-Collingwood|1||2019-07-21T22:49:12+02:00|
14|2154907|14-142497|00|Qi Hua Li (Qi Li)|Sunview Shoes Company|Gone Out of Business|||Retail Dealer|Clothing/Shoes|||2871|W BROADWAY|Vancouver|BC|CA|V6K 2G6|Kitsilano|1||2019-07-21T22:49:12+02:00|"{""type"": ""Point"", ""coordinates"": [-123.169773335075, 49.2643500634243]}"
14|2154908|14-142498|00|635689 BC Ltd|Signed Sealed Delivered|Issued|2013-12-17T19:05:09+01:00|2014-12-31|Retail Dealer|Other|||1988|W 4TH AV|Vancouver|BC|CA|V6J 1M5|Kitsilano|6|130|2019-07-21T22:49:12+02:00|"{""type"": ""Point"", ""coordinates"": [-123.149851905488, 49.2678180408925]}"
14|2154911|14-142501|00|Azura Fashions Inc||Gone Out of Business|||Retail Dealer|Clothing/Shoes|||5877|VICTORIA DRIVE|Vancouver|BC|CA|V5P 3W5|Victoria-Fraserview|2||2019-07-21T22:49:12+02:00|"{""type"": ""Point"", ""coordinates"": [-123.066000334374, 49.2308946249291]}"
14|2154914|14-142504|00|(Tiffany Lam)|Sedona Online Retail Company|Issued|2013-12-20T23:41:36+01:00|2014-12-31|Retail Dealer|Other|||||Vancouver|BC|CA||Oakridge|0|130|2019-07-21T22:49:12+02:00|
14|2154928|14-142518|00|(Lisa Cinar)|Draw Me A Lion|Issued|2013-12-02T21:52:17+01:00|2014-12-31|Retail Dealer|Other|||||Vancouver|BC|CA||Strathcona|0|130|2019-07-21T22:49:12+02:00|
14|2154931|14-142521|00|Different Bikes Vancouver Inc||Issued|2013-12-19T18:15:19+01:00|2014-12-31|Retail Dealer|Sports & Leisure Equipment|||1421|W BROADWAY|Vancouver|BC|CA|V6H 1H6|Fairview|000|130|2019-07-21T22:49:12+02:00|"{""type"": ""Point"", ""coordinates"": [-123.136762430697, 49.2638540328134]}"
14|2154933|14-142523|00|(Linda Montague)|Weavers Corner|Issued|2013-12-27T22:08:26+01:00|2014-12-31|Retail Dealer|Other|||||Vancouver|BC|CA||Dunbar-Southlands|1|130|2019-07-21T22:49:12+02:00|
14|2154934|14-142524|00|WHM Holdings Corp|The Tux Store|Issued|2014-02-20T01:32:33+01:00|2014-12-31|Retail Dealer|Clothing/Shoes|||1393|W 6TH AV|Vancouver|BC|CA|V6H 0B1|Fairview|4|170|2019-07-21T22:49:12+02:00|"{""type"": ""Point"", ""coordinates"": [-123.135437717516, 49.2664354360289]}"
14|2154936|14-142526|00|KJM Country Gardens Ltd||Issued|2013-12-20T00:28:53+01:00|2014-12-31|Retail Dealer|Hardware/Garden Supplies|||||Vancouver|BC|CA||Kerrisdale|4|170|2019-07-21T22:49:12+02:00|
14|2154941|14-142531|00|Behnsen Graphic Supplies Ltd||Issued|2014-03-03T23:11:03+01:00|2014-12-31|Retail Dealer|Books/Stationary|||2811|GRANDVIEW HIGHWAY|Vancouver|BC|CA|V5M 2E1|Renfrew-Collingwood|16|170|2019-07-21T22:49:12+02:00|"{""type"": ""Point"", ""coordinates"": [-123.046053218613, 49.2584131723117]}"
14|2154942|14-142532|00|Samuel Ray McKinlay (Samuel McKinlay)|Barrier Kult Clothing|Issued|2013-11-25T23:14:35+01:00|2014-12-31|Retail Dealer|Clothing/Shoes|||||Vancouver|BC|CA||South Cambie|1|130|2019-07-21T22:49:12+02:00|
14|2154943|14-142533|00|Sienna Fashions Ltd||Inactive|2013-12-24T18:52:15+01:00|2014-12-31|Retail Dealer|Clothing/Shoes|1163|Unit|88|W PENDER ST|Vancouver|BC|CA|V6B 6N9|Downtown|000|130|2019-07-21T22:49:12+02:00|"{""type"": ""Point"", ""coordinates"": [-123.106751856679, 49.280289660285]}"
14|2154944|14-142534|00|Prestige Guitars Ltd||Issued|2014-02-24T21:52:38+01:00|2014-12-31|Retail Dealer|Other|||2651|COMMERCIAL DRIVE|Vancouver|BC|CA|V5N 4C3|Kensington-Cedar Cottage|1|170|2019-07-21T22:49:12+02:00|"{""type"": ""Point"", ""coordinates"": [-123.070183809078, 49.2606258375301]}"
14|2154945|14-142535|00|Diamond Queen Enterprises Ltd||Issued|2013-11-29T23:22:40+01:00|2014-12-31|Retail Dealer|Other|360|Unit|1177|W BROADWAY|Vancouver|BC|CA|V6H 1G3|Fairview|22|130|2019-07-21T22:49:12+02:00|"{""type"": ""Point"", ""coordinates"": [-123.130705566878, 49.2637536676147]}"
14|2154946|14-142536|00|(Lalit Wasdev)|Lyke Brass Imports|Issued|2013-12-30T20:40:24+01:00|2014-12-31|Retail Dealer|Hardware/Garden Supplies|||||Vancouver|BC|CA||Renfrew-Collingwood|1|130|2019-07-21T22:49:12+02:00|
14|2154951|14-142541|00|Joyce E Johnson (Joyce Johnson)|Whisper Creek Holdings|Pending|||Retail Dealer|Other|||||Vancouver|BC|CA||Dunbar-Southlands|1||2019-07-21T22:49:12+02:00|
14|2154956|14-142546|00|(Petra Raith)|PR Enterprises|Gone Out of Business|2013-12-08T23:18:13+01:00|2014-12-31|Retail Dealer|Other|||||Vancouver|BC|CA||Kitsilano|0|130|2019-07-21T22:49:12+02:00|
14|2154961|14-142551|00|Richemont Canada Inc|Cartier Boutique|Issued|2013-11-21T01:19:38+01:00|2014-12-31|Retail Dealer|Other|||456|HOWE ST|Vancouver|BC|CA|V6C 2X1|Downtown|7|130|2019-07-21T22:49:12+02:00|"{""type"": ""Point"", ""coordinates"": [-123.115148173257, 49.2851802454623]}"
14|2154962|14-142552|00|Henley Development Corp|Steveston Marine & Hardware|Issued|2013-11-29T20:53:40+01:00|2014-12-31|Retail Dealer|Hardware/Garden Supplies|Main|Floor|1667|W 5TH AV|Vancouver|BC|CA|V6J 1N5|Fairview|000|130|2019-07-21T22:49:12+02:00|"{""type"": ""Point"", ""coordinates"": [-123.142648009943, 49.2673747996032]}"
14|2154964|14-142554|00|Mary Christine Nielsen (Mary Nielsen)|Shaughnessy Antique Gallery|Gone Out of Business|||Retail Dealer|Antique Dealer|||3080|GRANVILLE ST|Vancouver|BC|CA|V6H 3J8|Fairview|4||2019-07-21T22:49:12+02:00|"{""type"": ""Point"", ""coordinates"": [-123.138337781391, 49.2582692973193]}"
14|2154966|14-142556|00|Pacific Spirit Tours Ltd|Pacific Spirit Tours|Gone Out of Business|||Retail Dealer|Other|||||Vancouver|BC|CA||South Cambie|1||2019-07-21T22:49:12+02:00|
14|2154967|14-142557|00|0860499 BC Ltd|The Condobed Store|Issued|2014-03-31T22:07:10+02:00|2014-12-31|Retail Dealer|Other|||1898|MAIN ST|Vancouver|BC|CA|V5T 3B7|Mount Pleasant|1|170|2019-07-21T22:49:12+02:00|"{""type"": ""Point"", ""coordinates"": [-123.100340717367, 49.2685246610611]}"
14|2154968|14-142558|00|Rose Anne Raflores (Rose Raflores)|Queens|Issued|2014-01-04T00:08:11+01:00|2014-12-31|Retail Dealer|Clothing/Shoes|||10|E CORDOVA ST|Vancouver|BC|CA|V6A 1K2|Downtown|2|130|2019-07-21T22:49:12+02:00|"{""type"": ""Point"", ""coordinates"": [-123.10372797221, 49.2821072095572]}"
14|2154971|14-142561|00|Gandharva Loka World Music Instruments Inc||Issued|2013-11-24T01:10:05+01:00|2014-12-31|Retail Dealer|Gifts/Novelties|||1650|JOHNSTON ST|Vancouver|BC|CA|V6H 3S2|Fairview|5|130|2019-07-21T22:49:12+02:00|"{""type"": ""Point"", ""coordinates"": [-123.135616810192, 49.2718981720532]}"
14|2154974|14-142564|00|6228 Successful Venture Ltd|Sweet Summer Floral|Gone Out of Business|||Retail Dealer|Flowers|||922|KINGSWAY|Vancouver|BC|CA|V5V 3C4|Kensington-Cedar Cottage|1||2019-07-21T22:49:12+02:00|"{""type"": ""Point"", ""coordinates"": [-123.085195746209, 49.2541533920342]}"
14|2154981|14-142571|00|Amy Yuk-Yee Leung (Amy Leung)|Saintly Tees|Pending|||Retail Dealer|Other|||||Vancouver|BC|CA||Kensington-Cedar Cottage|0||2019-07-21T22:49:12+02:00|
14|2154983|14-142573|00|Kin Chong Trading Ltd|KC Trading|Issued|2013-12-25T08:35:51+01:00|2014-12-31|Retail Dealer|Gifts/Novelties|||35|E PENDER ST|Vancouver|BC|CA|V6A 1S9|Downtown|1|130|2019-07-21T22:49:12+02:00|"{""type"": ""Point"", ""coordinates"": [-123.10365583813, 49.2807085510905]}"
14|2154984|14-142574|00|Mei Kin McRae (Mei McRae)|Save Around Fundraising|Issued|2013-11-18T17:04:34+01:00|2014-12-31|Retail Dealer|Other|||||Vancouver|BC|CA||Downtown|0|130|2019-07-21T22:49:12+02:00|
14|2154993|14-142583|00|P D's Hot Shop Inc|P D's Hot Shop|Issued|2013-12-10T22:55:35+01:00|2014-12-31|Retail Dealer|Sports & Leisure Equipment|||3734|W 10TH AV|Vancouver|BC|CA|V6R 2G4|West Point Grey|3|130|2019-07-21T22:49:12+02:00|"{""type"": ""Point"", ""coordinates"": [-123.18648218676, 49.2631934617521]}"
14|2154994|14-142584|00|Matthew Alfonso and Rebecca Alfonso|Piano Music & Arts Gallery|Issued|2014-02-18T02:12:10+01:00|2014-12-31|Retail Dealer|Other|||3528|KINGSWAY|Vancouver|BC|CA|V5R 5L7|Killarney|2|170|2019-07-21T22:49:12+02:00|"{""type"": ""Point"", ""coordinates"": [-123.028251705021, 49.2314325226326]}"
14|2154996|14-142586|00|Juicy Couture Canada Inc|Juicy Couture #3708|Gone Out of Business|2013-12-23T22:10:49+01:00|2014-12-31|Retail Dealer|Clothing/Shoes|D004|Unit|701|W GEORGIA ST|Vancouver|BC|CA|V7Y 1G5|Downtown|12|130|2019-07-21T22:49:12+02:00|"{""type"": ""Point"", ""coordinates"": [-123.117751286267, 49.2834005265727]}"
14|2154997|14-142587|00|Regina Kit Ling Chow (Regina Chow)|Lily of the Valley Floral Design|Inactive|2014-02-21T01:06:04+01:00|2014-12-31|Retail Dealer|Flowers|||||Vancouver|BC|CA||Oakridge|0|170|2019-07-21T22:49:12+02:00|
14|2154999|14-142589|00|(Donald Selby)|Ride On|Issued|2013-11-15T20:14:36+01:00|2014-12-31|Retail Dealer|Other|||3463|MAIN ST|Vancouver|BC|CA|V5V 3M9|Riley Park|5|130|2019-07-21T22:49:12+02:00|"{""type"": ""Point"", ""coordinates"": [-123.101262911625, 49.2540373056432]}"
14|2155001|14-142591|00|Rowan Sky Enterprises Inc|Rowan Sky|Issued|2013-11-12T21:20:48+01:00|2014-12-31|Retail Dealer|Clothing/Shoes|||334|W CORDOVA ST|Vancouver|BC|CA|V6B 1E8|Downtown|3|130|2019-07-21T22:49:12+02:00|"{""type"": ""Point"", ""coordinates"": [-123.110029006403, 49.2837321709141]}"
14|2155003|14-142593|00|(Jianpeng Gong)|Blue Seas Gallery|Issued|2014-02-13T22:15:57+01:00|2014-12-31|Retail Dealer|Gifts/Novelties|106|Unit|1535|JOHNSTON ST|Vancouver|BC|CA|V6H 3R9|Fairview|2|170|2019-07-21T22:49:12+02:00|"{""type"": ""Point"", ""coordinates"": [-123.134088548504, 49.2718365575468]}"
14|2155011|14-142601|00|Derreumaux Interiors Inc|Espace D|Issued|2013-11-26T17:56:33+01:00|2014-12-31|Retail Dealer|Other|||1108|RICHARDS ST|Vancouver|BC|CA|V6B 3E6|Downtown|1|130|2019-07-21T22:49:12+02:00|"{""type"": ""Point"", ""coordinates"": [-123.12274702237, 49.2765254740765]}"
14|2155013|14-142603|00|Sui Ching Milton (Sui Milton)|Erika Fashions|Issued|2013-12-29T00:46:07+01:00|2014-12-31|Retail Dealer|Clothing/Shoes|011|Unit|555|W 12TH AV|Vancouver|BC|CA|V5Z 3X7|Fairview|1|130|2019-07-21T22:49:12+02:00|"{""type"": ""Point"", ""coordinates"": [-123.116286093249, 49.2608633217122]}"
14|2155017|14-142607|00|Black Photo Corporation|Caya|Inactive|2013-12-05T21:37:52+01:00|2014-12-31|Retail Dealer|Other|||991|DENMAN ST|Vancouver|BC|CA|V6G 2M3|West End|12|130|2019-07-21T22:49:12+02:00|"{""type"": ""Point"", ""coordinates"": [-123.138712312925, 49.2897462339688]}"
14|2155018|14-142608|00|Fantan Enterprise Ltd|Thermomix|Issued|2013-12-14T00:04:57+01:00|2014-12-31|Retail Dealer|Electronics|||1426|W 8TH AV|Vancouver|BC|CA|V6H 1E1|Fairview|4|130|2019-07-21T22:49:12+02:00|"{""type"": ""Point"", ""coordinates"": [-123.136742967776, 49.2642219598076]}"
14|2155021|14-142611|00|The Vancouver Soap Dispensary Inc|The Soap Dispensary|Issued|2013-11-11T17:45:59+01:00|2014-12-31|Retail Dealer|Other|||3623|MAIN ST|Vancouver|BC|CA|V5V 3N6|Riley Park|4|130|2019-07-21T22:49:12+02:00|"{""type"": ""Point"", ""coordinates"": [-123.101376629633, 49.2524820579717]}"
14|2155023|14-142613|00|(Aftab Hadi)|Robson Sports|Issued|2013-11-26T23:08:09+01:00|2014-12-31|Retail Dealer|Clothing/Shoes|||653|ROBSON ST|Vancouver|BC|CA|V6B 1H3|Downtown|1|130|2019-07-21T22:49:12+02:00|
14|2155025|14-142615|00|Blaise J Olson (Blaise Olson)|Killemall Distribution|Issued|2014-03-20T03:57:13+01:00|2014-12-31|Retail Dealer|Other|||||Vancouver|BC|CA||Mount Pleasant|1|170|2019-07-21T22:49:12+02:00|
14|2155026|14-142616|00|Vancouver Passport Photos Ltd||Issued|2013-11-29T18:52:22+01:00|2014-12-31|Retail Dealer|Gifts/Novelties|143|Unit|757|W HASTINGS ST|Vancouver|BC|CA|V6C 1A1|Downtown|1|130|2019-07-21T22:49:12+02:00|"{""type"": ""Point"", ""coordinates"": [-123.113871261917, 49.2859558692069]}"
14|2155029|14-142619|00|Forum Home Appliances Inc||Issued|2014-02-12T02:12:31+01:00|2014-12-31|Retail Dealer|Other|||245|E PENDER ST|Vancouver|BC|CA|V6A 1T8|Strathcona|1|170|2019-07-21T22:49:12+02:00|"{""type"": ""Point"", ""coordinates"": [-123.098542172931, 49.2806128548625]}"
14|2155032|14-142622|00|Nand's Plumbing & Tiles Ltd||Issued|2013-12-28T00:38:13+01:00|2014-12-31|Retail Dealer|Other|||2227|KINGSWAY|Vancouver|BC|CA|V5N 2T6|Kensington-Cedar Cottage|2|130|2019-07-21T22:49:12+02:00|"{""type"": ""Point"", ""coordinates"": [-123.059829816589, 49.2430151577695]}"
14|2155035|14-142625|00|Bossini Handbags Inc|Delane Canada|Issued|2013-12-10T15:11:10+01:00|2014-12-31|Retail Dealer|Clothing/Shoes|20|Unit|1055|CANADA PLACE|Vancouver|BC|CA|V6C 0C3|Downtown|2|130|2019-07-21T22:49:12+02:00|"{""type"": ""Point"", ""coordinates"": [-123.116072975671, 49.2897103038362]}"
14|2155037|14-142627|00|Alpha Comfort Shoes Inc||Issued|2013-11-22T21:14:37+01:00|2014-12-31|Retail Dealer|Other|||5538|JOYCE ST|Vancouver|BC|CA|V5R 4H6|Killarney|2|130|2019-07-21T22:49:12+02:00|"{""type"": ""Point"", ""coordinates"": [-123.036190038242, 49.2334779428452]}"
14|2155038|14-142628|00|Wing Tze Audra Mah (Wing Mah)|Couture Corner|Issued|2013-11-22T06:14:00+01:00|2014-12-31|Retail Dealer|Other|||||Vancouver|BC|CA||Downtown|0|130|2019-07-21T22:49:12+02:00|
14|2155043|14-142633|00|Timeless Video Inc||Gone Out of Business|||Retail Dealer|Electronics|||181|KEEFER PLACE|Vancouver|BC|CA|V6B 6C1|Downtown|2||2019-07-21T22:49:12+02:00|"{""type"": ""Point"", ""coordinates"": [-123.108259842052, 49.2803561529105]}"
14|2155047|14-142637|00|Stylegarage Corp||Issued|2013-11-22T17:41:18+01:00|2014-12-31|Retail Dealer|Furnishings|||124|W HASTINGS ST|Vancouver|BC|CA|V6B 1G8|Downtown|1|130|2019-07-21T22:49:12+02:00|"{""type"": ""Point"", ""coordinates"": [-123.108413374474, 49.2819153321785]}"
14|2155048|14-142638|00|Shih Hsiang Shen (Shih Shen)|Tastygo Online|Gone Out of Business|||Retail Dealer|Other|20|Unit|206|E 6TH AV|Vancouver|BC|CA|V5T 1J8|Mount Pleasant|6||2019-07-21T22:49:12+02:00|"{""type"": ""Point"", ""coordinates"": [-123.100379955743, 49.2653369078127]}"
14|2155050|14-142640|00|Samuel Flores Bona (Samuel Bona)|Lantern Lighting Company|Issued|2014-08-27T19:43:26+02:00|2014-12-31|Retail Dealer|Other|||2141|BURRARD ST|Vancouver|BC|CA|V6J 3H7|Kitsilano|2|170|2019-07-21T22:49:12+02:00|"{""type"": ""Point"", ""coordinates"": [-123.14611095237, 49.2666377681639]}"
14|2155051|14-142641|00|(David King)|Entrance Fashion & Distribution|Pending|||Retail Dealer|Clothing/Shoes|||||Vancouver|BC|CA||Kensington-Cedar Cottage|0||2019-07-21T22:49:12+02:00|
14|2155055|14-142645|00|Hedrick Fine Art Inc|Hedrick Fine Art|Gone Out of Business|||Retail Dealer|Art Gallery|||323|HOWE ST|Vancouver|BC|CA|V6C 3N2|Downtown|2||2019-07-21T22:49:12+02:00|"{""type"": ""Point"", ""coordinates"": [-123.114369530376, 49.2865177462146]}"
14|2155060|14-142650|00|Lux Electronics (2011) Ltd|Lux Karaoke|Issued|2013-12-10T17:40:10+01:00|2014-12-31|Retail Dealer|Electronics|||3994|FRASER ST|Vancouver|BC|CA|V5V 4E4|Kensington-Cedar Cottage|0|130|2019-07-21T22:49:12+02:00|"{""type"": ""Point"", ""coordinates"": [-123.089689312328, 49.2493229020696]}"
14|2155061|14-142651|00|Simply Computing Inc|Simply Computing|Issued|2013-12-12T22:14:13+01:00|2014-12-31|Retail Dealer|Electronics|||1690|W BROADWAY|Vancouver|BC|CA|V6J 1X6|Fairview|000|130|2019-07-21T22:49:12+02:00|"{""type"": ""Point"", ""coordinates"": [-123.142957120746, 49.2633490542965]}"
14|2155065|14-142655|00|(Patrick Colgan)|Clear Ride Skateboards|Issued|2013-12-31T21:49:54+01:00|2014-12-31|Retail Dealer|Other|||||Vancouver|BC|CA||Riley Park|0|130|2019-07-21T22:49:12+02:00|
14|2155066|14-142656|00|Giang Thi Thanh Do (Giang Do)|Kim Thanh Jewellery|Issued|2013-12-11T23:29:43+01:00|2014-12-31|Retail Dealer|Other|||1651|KINGSWAY|Vancouver|BC|CA|V5N 2S2|Kensington-Cedar Cottage|2|130|2019-07-21T22:49:12+02:00|"{""type"": ""Point"", ""coordinates"": [-123.070594096517, 49.2479207757907]}"
14|2155067|14-142657|00|Bionova Orthotics And Medical Supplies Ltd||Issued|2013-11-26T00:11:31+01:00|2014-12-31|Retail Dealer|Other|||8085|GRANVILLE ST|Vancouver|BC|CA|V6P 4Z5|Marpole|2|130|2019-07-21T22:49:12+02:00|"{""type"": ""Point"", ""coordinates"": [-123.14078895863, 49.2125338644683]}"
14|2155069|14-142659|00|Qi Hua Li (Qi Li)|The Shoe Studio|Issued|2013-12-30T21:04:20+01:00|2014-12-31|Retail Dealer|Clothing/Shoes|1189|Unit|88|W PENDER ST|Vancouver|BC|CA|V6B 6N9|Downtown|1|130|2019-07-21T22:49:12+02:00|"{""type"": ""Point"", ""coordinates"": [-123.106751856679, 49.280289660285]}"
14|2155074|14-142664|00|Thomas Sabo||Issued|2014-01-08T18:56:49+01:00|2014-12-31|Retail Dealer|Other|250|Unit|650|W 41ST AV|Vancouver|BC|CA|V5Z 2M9|Oakridge|5|130|2019-07-21T22:49:12+02:00|"{""type"": ""Point"", ""coordinates"": [-123.118854822642, 49.2320652387003]}"
14|2155075|14-142665|00|One Widow Playing Cards Limited||Inactive|2013-12-16T14:13:22+01:00|2014-12-31|Retail Dealer|Gifts/Novelties|||||Vancouver|BC|CA||West End|0|130|2019-07-21T22:49:12+02:00|
14|2155076|14-142666|00|Brian John Low & Lin Mei Gao|Pacific Rainbow Import and Export|Issued|2013-11-28T06:34:51+01:00|2014-12-31|Retail Dealer|Gifts/Novelties|||||Vancouver|BC|CA|||0|130|2019-07-21T22:49:12+02:00|
14|2155077|14-142667|00|Global Easyship Co Ltd||Pending|||Retail Dealer|Other|202|Unit|555|BURRARD ST|Vancouver|BC|CA|V7X 1M8|Downtown|3||2019-07-21T22:49:12+02:00|"{""type"": ""Point"", ""coordinates"": [-123.118959746657, 49.2865570713147]}"
14|2155081|14-142671|00|Bell Mobility Inc|Virgin Mobile|Issued|2013-11-12T22:56:07+01:00|2014-12-31|Retail Dealer|Other|||1087|ROBSON ST|Vancouver|BC|CA|V6E 1A9|West End|6|130|2019-07-21T22:49:12+02:00|"{""type"": ""Point"", ""coordinates"": [-123.124166428666, 49.2845320607515]}"
14|2155086|14-142676|00|West Coast Janitorial Supplies Ltd||Pending|||Retail Dealer|Other|||4305|FRASER ST|Vancouver|BC|CA|V5V 4G4|Riley Park|2||2019-07-21T22:49:12+02:00|"{""type"": ""Point"", ""coordinates"": [-123.090614904251, 49.2464589981157]}"
14|2155089|14-142679|00|Collega International Inc|Aveda Lifestyle Salon|Gone Out of Business|||Retail Dealer|Other|||1228|ROBSON ST|Vancouver|BC|CA|V6E 1C1|West End|23||2019-07-21T22:49:12+02:00|"{""type"": ""Point"", ""coordinates"": [-123.127571633726, 49.2859998449495]}"
14|2155096|14-142686|00|Mandarin Imports Ltd||Issued|2013-11-25T17:46:12+01:00|2014-12-31|Retail Dealer|Gifts/Novelties|||399|W HASTINGS ST|Vancouver|BC|CA|V6B 1H6|Downtown|0|130|2019-07-21T22:49:12+02:00|"{""type"": ""Point"", ""coordinates"": [-123.110529716451, 49.2835027478657]}"
14|2155098|14-142688|00|The Market Kitchen Store Ltd|The Market Kitchen|Issued|2013-12-10T22:55:36+01:00|2014-12-31|Retail Dealer|Furnishings|20|Unit|1666|JOHNSTON ST|Vancouver|BC|CA|V6H 3S2|Fairview|000|130|2019-07-21T22:49:12+02:00|"{""type"": ""Point"", ""coordinates"": [-123.135616810192, 49.2718981720532]}"
14|2155101|14-142691|00|The Original Paper-Ya Co Ltd||Issued|2013-12-12T23:00:38+01:00|2014-12-31|Retail Dealer|Books/Stationary|90|Unit|1666|JOHNSTON ST|Vancouver|BC|CA|V6H 3S2|Fairview|12|130|2019-07-21T22:49:12+02:00|"{""type"": ""Point"", ""coordinates"": [-123.135616810192, 49.2718981720532]}"
14|2155102|14-142692|00|(Stella Chapman)|The Postcard Place|Issued|2013-12-11T23:23:22+01:00|2014-12-31|Retail Dealer|Gifts/Novelties|111|Unit|1666|JOHNSTON ST|Vancouver|BC|CA|V6H 3S2|Fairview|2|130|2019-07-21T22:49:12+02:00|"{""type"": ""Point"", ""coordinates"": [-123.135616810192, 49.2718981720532]}"
14|2155105|14-142695|00|Granville Eyeland Inc|Eyeland Framemakers|Issued|2014-07-22T20:49:08+02:00|2014-12-31|Retail Dealer|Other|150|Unit|1666|JOHNSTON ST|Vancouver|BC|CA|V6H 3S2|Downtown|5|202|2019-07-21T22:49:12+02:00|"{""type"": ""Point"", ""coordinates"": [-123.135616810192, 49.2718981720532]}"
14|2155110|14-142700|00|Shine Clothing & Accessories Ltd|Shine Clothing|Issued|2013-12-17T20:52:55+01:00|2014-12-31|Retail Dealer|Clothing/Shoes|||2970|W BROADWAY|Vancouver|BC|CA|V6K 2G8|Kitsilano|2|130|2019-07-21T22:49:12+02:00|"{""type"": ""Point"", ""coordinates"": [-123.171645733057, 49.2638649648983]}"
14|2155111|14-142701|00|Pacifique Riche Enterprises Ltd|Blanche MacDonald Centre|Issued|2013-12-10T20:50:43+01:00|2014-12-31|Retail Dealer|Other|||410|ROBSON ST|Vancouver|BC|CA|V6B 0H3|Downtown|150|130|2019-07-21T22:49:12+02:00|"{""type"": ""Point"", ""coordinates"": [-123.117639931624, 49.2793401533575]}"
14|2155112|14-142702|00|Long & McQuade Limited||Issued|2013-12-13T23:00:14+01:00|2014-12-31|Retail Dealer|Other|||368|TERMINAL AV|Vancouver|BC|CA|V6A 3W9|Strathcona|26|130|2019-07-21T22:49:12+02:00|"{""type"": ""Point"", ""coordinates"": [-123.096414610395, 49.2717948879071]}"
14|2155117|14-142707|00|Maynards Industries Ltd||Issued|2013-12-16T23:11:20+01:00|2014-12-31|Retail Dealer|Furnishings|220|Unit|188|KINGSWAY|Vancouver|BC|CA|V5T 3J2|Mount Pleasant|10|130|2019-07-21T22:49:12+02:00|
14|2155118|14-142708|00|Megan Gaye Branson (Megan Branson)|Olla Urban Flower Project|Issued|2014-02-06T02:06:45+01:00|2014-12-31|Retail Dealer|Flowers|||235|CAMBIE ST|Vancouver|BC|CA|V6B 5A4|Downtown|4|170|2019-07-21T22:49:12+02:00|"{""type"": ""Point"", ""coordinates"": [-123.109212229073, 49.2837878343129]}"
14|2155120|14-142710|00|SkyPiea Real Estate Inc|SkyPiea Communication|Issued|2014-05-22T23:42:52+02:00|2014-12-31|Retail Dealer|Other|||428|W PENDER ST|Vancouver|BC|CA|V6B 1T5|Downtown|1|170|2019-07-21T22:49:12+02:00|"{""type"": ""Point"", ""coordinates"": [-123.112691222097, 49.2828974346367]}"
14|2155127|14-142717|00|HP 3 Clothing Ltd||Gone Out of Business|||Retail Dealer|Clothing/Shoes|||3825|MAIN ST|Vancouver|BC|CA|V5V 3P1|Riley Park|4||2019-07-21T22:49:12+02:00|"{""type"": ""Point"", ""coordinates"": [-123.101359429246, 49.2507590827802]}"
14|2155128|14-142718|00|HP 3 Clothing Ltd||Issued|2013-12-27T09:46:03+01:00|2014-12-31|Retail Dealer|Clothing/Shoes|||3635|W 4TH AV|Vancouver|BC|CA|V6R 1P2|Kitsilano|3|130|2019-07-21T22:49:12+02:00|"{""type"": ""Point"", ""coordinates"": [-123.184695013407, 49.2688089547036]}"
14|2155130|14-142720|00|Lloyd Bruce Home Collections Incorporated||Issued|2013-12-08T22:46:13+01:00|2014-12-31|Retail Dealer|Furnishings|150|Unit|510|NICOLA ST|Vancouver|BC|CA|V6G 3J7|Downtown|1|130|2019-07-21T22:49:12+02:00|"{""type"": ""Point"", ""coordinates"": [-123.12717399301, 49.2905895102082]}"
14|2155136|14-142726|00|OCHI Trading Co Ltd|OCHI|Issued|2013-12-24T22:11:47+01:00|2014-12-31|Retail Dealer|Clothing/Shoes|||121|E PENDER ST|Vancouver|BC|CA|V6A 1T6|Downtown|1|130|2019-07-21T22:49:12+02:00|"{""type"": ""Point"", ""coordinates"": [-123.101506793961, 49.2807136342144]}"
14|2155138|14-142728|00|Oi Tai Tang (Oi Tang)|Stylista Clothing Co|Issued|2014-02-11T09:37:19+01:00|2014-12-31|Retail Dealer|Clothing/Shoes|106|Unit|5701|GRANVILLE ST|Vancouver|BC|CA|V6M 4J7|Kerrisdale|3|170|2019-07-21T22:49:12+02:00|"{""type"": ""Point"", ""coordinates"": [-123.140138355838, 49.2339471511796]}"
14|2155139|14-142729|00|Thi Chinh Nguyen (Thi Nguyen)|ABC Gift Shop|Pending|||Retail Dealer|Clothing/Shoes|||3393|KINGSWAY|Vancouver|BC|CA|V5R 5K6|Renfrew-Collingwood|0||2019-07-21T22:49:12+02:00|"{""type"": ""Point"", ""coordinates"": [-123.03266653683, 49.2328318115637]}"
14|2155141|14-142731|00|Van Dung Tran (Van Tran)|Kim Ngan|Issued|2013-11-11T19:29:00+01:00|2014-12-31|Retail Dealer|Other|||2231|KINGSWAY|Vancouver|BC|CA|V5N 2T6|Kensington-Cedar Cottage|1|130|2019-07-21T22:49:12+02:00|"{""type"": ""Point"", ""coordinates"": [-123.059829816589, 49.2430151577695]}"
14|2155144|14-142734|00|Wireless World Solutions Ltd|Fido|Issued|2013-12-23T20:59:02+01:00|2014-12-31|Retail Dealer|Other|||1211|PACIFIC BOULEVARD|Vancouver|BC|CA|V6Z 2R6|Downtown|2|130|2019-07-21T22:49:12+02:00|"{""type"": ""Point"", ""coordinates"": [-123.123711922889, 49.2738962398152]}"
14|2155147|14-142737|00|(Adam Lupton)|Positive Negative|Gone Out of Business|2014-01-02T20:00:24+01:00|2014-12-31|Retail Dealer|Art Gallery|||436|COLUMBIA ST|Vancouver|BC|CA|V6A 2R8|Downtown|0|130|2019-07-21T22:49:12+02:00|"{""type"": ""Point"", ""coordinates"": [-123.102125555033, 49.2806793480864]}"
14|2155150|14-142740|00|VGL Manufacturing Ltd||Gone Out of Business|||Retail Dealer|Other|||||Vancouver|BC|CA||Marpole|0||2019-07-21T22:49:12+02:00|
14|2155151|14-142741|00|7577524 Canada Inc|Celluland|Issued|2014-01-27T06:55:19+01:00|2014-12-31|Retail Dealer|Other|115|Unit|2838|E HASTINGS ST|Vancouver|BC|CA|V5K 5C5|Hastings-Sunrise|1|170|2019-07-21T22:49:12+02:00|"{""type"": ""Point"", ""coordinates"": [-123.045285669921, 49.2808591310325]}"
14|2155152|14-142742|00|Happy Birds Enterprise Ltd||Issued|2013-12-17T23:48:35+01:00|2014-12-31|Retail Dealer|Other|113|Unit|2838|E HASTINGS ST|Vancouver|BC|CA|V5K 5C5|Hastings-Sunrise|0|130|2019-07-21T22:49:12+02:00|"{""type"": ""Point"", ""coordinates"": [-123.045285669921, 49.2808591310325]}"
14|2155161|14-142751|00|Logos Holdings Ltd|Robson Luggage Centre|Issued|2014-01-03T01:28:53+01:00|2014-12-31|Retail Dealer|Other|||1258|ROBSON ST|Vancouver|BC|CA|V6E 1C1|West End|2|130|2019-07-21T22:49:12+02:00|"{""type"": ""Point"", ""coordinates"": [-123.12823175192, 49.2864062267717]}"
14|2155170|14-142760|00|David Hunter Garden Centers Inc||Issued|2014-10-01T23:50:16+02:00|2014-12-31|Retail Dealer|Hardware/Garden Supplies|||2560|W BROADWAY|Vancouver|BC|CA|V6K 2G1|Kitsilano|10|130|2019-07-21T22:49:12+02:00|"{""type"": ""Point"", ""coordinates"": [-123.163883543261, 49.2636880288139]}"
14|2155171|14-142761|00|Balloon Atics Designs Inc||Issued|2013-12-12T21:52:14+01:00|2014-12-31|Retail Dealer|Gifts/Novelties|||4770|MAIN ST|Vancouver|BC|CA|V5V 3R7|Riley Park|0|130|2019-07-21T22:49:12+02:00|"{""type"": ""Point"", ""coordinates"": [-123.101020525141, 49.2423902513551]}"
14|2155174|14-142764|00|Talbots (Canada) Inc||Issued|2014-01-03T23:29:28+01:00|2014-12-31|Retail Dealer|Other|229|Unit|650|W 41ST AV|Vancouver|BC|CA|V5Z 2M9|Oakridge|16|130|2019-07-21T22:49:12+02:00|"{""type"": ""Point"", ""coordinates"": [-123.118854822642, 49.2320652387003]}"
14|2155175|14-142765|00|Harry Rosen Inc||Issued|2013-12-12T17:41:46+01:00|2014-12-31|Retail Dealer|Clothing/Shoes|237|Unit|650|W 41ST AV|Vancouver|BC|CA|V5Z 2M9|Oakridge|000|130|2019-07-21T22:49:12+02:00|"{""type"": ""Point"", ""coordinates"": [-123.118854822642, 49.2320652387003]}"
14|2155179|14-142769|00|Diane Espiritu & Euclid Laghai|Espiritu Design Studio|Issued|2013-12-29T21:28:04+01:00|2014-12-31|Retail Dealer|Art Gallery|130|Unit|288|E GEORGIA ST|Vancouver|BC|CA|V6A 4H8|Strathcona|0|130|2019-07-21T22:49:12+02:00|"{""type"": ""Point"", ""coordinates"": [-123.097418557035, 49.2782646441795]}"
14|2155180|14-142770|00|Crate and Barrel Canada Inc|CB2|Issued|2013-12-19T15:40:13+01:00|2014-12-31|Retail Dealer|Furnishings|||1277|ROBSON ST|Vancouver|BC|CA|V6E 1C4|West End|24|130|2019-07-21T22:49:12+02:00|"{""type"": ""Point"", ""coordinates"": [-123.127427348099, 49.2872919175861]}"
14|2155181|14-142771|00|(Annching Wang)|Avery By Wang Design Co|Pending|||Retail Dealer|Clothing/Shoes|||||Vancouver|BC|CA||Hastings-Sunrise|1||2019-07-21T22:49:12+02:00|
14|2155182|14-142772|00|(Carla Antrobus)|Merle Norman|Issued|2014-01-09T20:34:51+01:00|2014-12-31|Retail Dealer|Other|150|Unit|925|W GEORGIA ST|Vancouver|BC|CA|V6C 3L2|Downtown|4|130|2019-07-21T22:49:12+02:00|"{""type"": ""Point"", ""coordinates"": [-123.119804845719, 49.2843168050669]}"
14|2155184|14-142774|00|GC360 Enterprises Ltd||Issued|2013-11-26T19:24:14+01:00|2014-12-31|Retail Dealer|Other|||||Vancouver|BC|CA||West End|1|130|2019-07-21T22:49:12+02:00|
14|2155186|14-142776|00|Man Fung Yu (Man Yu)||Issued|2013-11-18T18:17:13+01:00|2014-12-31|Personal Services|Other|||||Vancouver|BC|CA||Riley Park|1|140|2019-07-21T22:49:12+02:00|
14|2155187|14-142777|00|(Manbir Randhawa)|Vision Source|Issued|2013-12-04T20:21:24+01:00|2014-12-31|Retail Dealer|Other|||2625|E 49TH AV|Vancouver|BC|CA|V5S 1J9|Victoria-Fraserview|3|130|2019-07-21T22:49:12+02:00|"{""type"": ""Point"", ""coordinates"": [-123.053849078656, 49.2253858085065]}"
