2030495|271877|Consumer loans|1730.43|17145.0|17145.0|0.0|17145.0|SATURDAY|15|Y|1|0.0|0.18283180324152784|0.8673361522198731|XAP|Approved|-73|Cash through the bank|XAP||Repeater|Mobile|POS|XNA|Country-wide|35|Connectivity|12.0|middle|POS mobile with interest|365243.0|-42.0|300.0|-42.0|-37.0|0.0
2802425|108129|Cash loans|25188.615|607500.0|679671.0||607500.0|THURSDAY|11|Y|1||||XNA|Approved|-164|XNA|XAP|Unaccompanied|Repeater|XNA|Cash|x-sell|Contact center|-1|XNA|36.0|low_action|Cash X-Sell: low|365243.0|-134.0|916.0|365243.0|365243.0|1.0
2523466|122040|Cash loans|15060.735|112500.0|136444.5||112500.0|TUESDAY|11|Y|1||||XNA|Approved|-301|Cash through the bank|XAP|Spouse, partner|Repeater|XNA|Cash|x-sell|Credit and cash offices|-1|XNA|12.0|high|Cash X-Sell: high|365243.0|-271.0|59.0|365243.0|365243.0|1.0
2819243|176158|Cash loans|47041.335|450000.0|470790.0||450000.0|MONDAY|7|Y|1||||XNA|Approved|-512|Cash through the bank|XAP||Repeater|XNA|Cash|x-sell|Credit and cash offices|-1|XNA|12.0|middle|Cash X-Sell: middle|365243.0|-482.0|-152.0|-182.0|-177.0|1.0
1784265|202054|Cash loans|31924.395|337500.0|404055.0||337500.0|THURSDAY|9|Y|1||||Repairs|Refused|-781|Cash through the bank|HC||Repeater|XNA|Cash|walk-in|Credit and cash offices|-1|XNA|24.0|high|Cash Street: high||||||
1383531|199383|Cash loans|23703.93|315000.0|340573.5||315000.0|SATURDAY|8|Y|1||||Everyday expenses|Approved|-684|Cash through the bank|XAP|Family|Repeater|XNA|Cash|x-sell|Credit and cash offices|-1|XNA|18.0|low_normal|Cash X-Sell: low|365243.0|-654.0|-144.0|-144.0|-137.0|1.0
2315218|175704|Cash loans||0.0|0.0|||TUESDAY|11|Y|1||||XNA|Canceled|-14|XNA|XAP||Repeater|XNA|XNA|XNA|Credit and cash offices|-1|XNA||XNA|Cash||||||
1656711|296299|Cash loans||0.0|0.0|||MONDAY|7|Y|1||||XNA|Canceled|-21|XNA|XAP||Repeater|XNA|XNA|XNA|Credit and cash offices|-1|XNA||XNA|Cash||||||
2367563|342292|Cash loans||0.0|0.0|||MONDAY|15|Y|1||||XNA|Canceled|-386|XNA|XAP||Repeater|XNA|XNA|XNA|Credit and cash offices|-1|XNA||XNA|Cash||||||
2579447|334349|Cash loans||0.0|0.0|||SATURDAY|15|Y|1||||XNA|Canceled|-57|XNA|XAP||Repeater|XNA|XNA|XNA|Credit and cash offices|-1|XNA||XNA|Cash||||||
1715995|447712|Cash loans|11368.62|270000.0|335754.0||270000.0|FRIDAY|7|Y|1||||XNA|Approved|-735|Cash through the bank|XAP|Unaccompanied|Repeater|XNA|Cash|x-sell|Credit and cash offices|-1|XNA|54.0|low_normal|Cash X-Sell: low|365243.0|-705.0|885.0|-345.0|-334.0|1.0
2257824|161140|Cash loans|13832.775|211500.0|246397.5||211500.0|FRIDAY|10|Y|1||||XNA|Approved|-815|Cash through the bank|XAP|Unaccompanied|Repeater|XNA|Cash|x-sell|Credit and cash offices|-1|XNA|30.0|middle|Cash X-Sell: middle|365243.0|-785.0|85.0|-725.0|-721.0|1.0
2330894|258628|Cash loans|12165.21|148500.0|174361.5||148500.0|TUESDAY|15|Y|1||||XNA|Approved|-860|Cash through the bank|XAP|Unaccompanied|Repeater|XNA|Cash|x-sell|Credit and cash offices|-1|XNA|24.0|high|Cash X-Sell: high|365243.0|-830.0|-140.0|-200.0|-197.0|1.0
1397919|321676|Consumer loans|7654.86|53779.5|57564.0|0.0|53779.5|SUNDAY|15|Y|1|0.0|||XAP|Approved|-408|Cash through the bank|XAP|Unaccompanied|New|Consumer Electronics|POS|XNA|Country-wide|200|Consumer electronics|8.0|low_action|POS household without interest|365243.0|-378.0|-168.0|-168.0|-163.0|1.0
2273188|270658|Consumer loans|9644.22|26550.0|27252.0|0.0|26550.0|SATURDAY|10|Y|1|0.0|||XAP|Approved|-726|Cash through the bank|XAP||New|Construction Materials|POS|XNA|Stone|83|Consumer electronics|3.0|middle|POS household with interest|365243.0|-693.0|-633.0|-633.0|-627.0|0.0
1232483|151612|Consumer loans|21307.455|126490.5|119853.0|12649.5|126490.5|TUESDAY|7|Y|1|0.1039712869911545|||XAP|Approved|-699|Cash through the bank|XAP|Unaccompanied|New|Auto Accessories|POS|XNA|Regional / Local|130|Industry|6.0|low_normal|POS other with interest|365243.0|-668.0|-518.0|-518.0|-512.0|0.0
2163253|154602|Consumer loans|4187.34|26955.0|27297.0|1350.0|26955.0|SATURDAY|12|Y|1|0.05132379401936423|||XAP|Approved|-1473|Cash through the bank|XAP|Unaccompanied|Repeater|Photo / Cinema Equipment|POS|XNA|Stone|130|Consumer electronics|8.0|high|POS household with interest|365243.0|-1440.0|-1230.0|-1230.0|-1226.0|0.0
1285768|142748|Revolving loans|9000.0|180000.0|180000.0||180000.0|FRIDAY|13|Y|1||||XAP|Approved|-336|XNA|XAP|Unaccompanied|Repeater|XNA|Cards|x-sell|AP+ (Cash loan)|6|XNA|0.0|XNA|Card X-Sell|-277.0|-257.0|365243.0|365243.0|365243.0|0.0
2393109|396305|Cash loans|10181.7|180000.0|180000.0||180000.0|THURSDAY|14|Y|1||||XNA|Approved|-700|Cash through the bank|XAP|Unaccompanied|Repeater|XNA|Cash|x-sell|AP+ (Cash loan)|6|XNA|24.0|low_normal|Cash X-Sell: low||||||
1173070|199178|Cash loans|4666.5|45000.0|49455.0||45000.0|SATURDAY|16|Y|1||||Everyday expenses|Refused|-584|XNA|HC||Repeater|XNA|Cash|walk-in|AP+ (Cash loan)|6|XNA|18.0|high|Cash Street: high||||||
1506815|166490|Cash loans|25454.025|450000.0|491580.0||450000.0|MONDAY|6|Y|1||||XNA|Refused|-401|Cash through the bank|HC|Unaccompanied|Repeater|XNA|Cash|x-sell|Credit and cash offices|-1|XNA|24.0|low_normal|Cash X-Sell: low||||||
1182516|267782|Cash loans|20361.6|405000.0|451777.5||405000.0|SATURDAY|4|Y|1||||XNA|Approved|-686|Cash through the bank|XAP||Repeater|XNA|Cash|x-sell|Credit and cash offices|-1|XNA|30.0|low_normal|Cash X-Sell: low|365243.0|-656.0|214.0|365243.0|365243.0|1.0
1172842|302212|Cash loans||0.0|0.0|||TUESDAY|9|Y|1||||XNA|Refused|-239|XNA|HC||Repeater|XNA|XNA|XNA|Credit and cash offices|-1|XNA||XNA|Cash||||||
1172937|302212|Cash loans|39475.305|1129500.0|1277104.5||1129500.0|THURSDAY|5|Y|1||||XNA|Refused|-594|Cash through the bank|HC||Repeater|XNA|Cash|x-sell|Credit and cash offices|-1|XNA|54.0|low_normal|Cash X-Sell: low||||||
1555330|199353|Cash loans||0.0|0.0|||SATURDAY|6|Y|1||||XNA|Canceled|-202|XNA|XAP||Repeater|XNA|XNA|XNA|Credit and cash offices|-1|XNA||XNA|Cash||||||
1543131|275707|Cash loans|22619.52|229500.0|241920.0||229500.0|THURSDAY|8|Y|1||||XNA|Approved|-370|Cash through the bank|XAP|Unaccompanied|Repeater|XNA|Cash|x-sell|Credit and cash offices|-1|XNA|12.0|low_normal|Cash X-Sell: low|365243.0|-340.0|-10.0|-10.0|-3.0|1.0
2536650|338725|Cash loans|16708.32|369000.0|369000.0||369000.0|WEDNESDAY|13|Y|1||||XNA|Approved|-1487|XNA|XAP||Repeater|XNA|Cash|x-sell|Country-wide|-1|Consumer electronics|48.0|middle|Cash X-Sell: middle|365243.0|-1457.0|-47.0|-47.0|-41.0|0.0
1676258|433469|Cash loans|22242.825|247500.0|268083.0|0.0|247500.0|THURSDAY|14|Y|1|0.0|||XNA|Approved|-1883|XNA|XAP||Repeater|XNA|Cash|x-sell|Country-wide|-1|Consumer electronics|18.0|high|Cash X-Sell: high|365243.0|-1853.0|-1343.0|-1343.0|-1334.0|1.0
2075578|418383|Consumer loans|7656.705|74610.0|65610.0|9000.0|74610.0|MONDAY|14|Y|1|0.13137405417260664|||XAP|Approved|-2702|Cash through the bank|XAP|Family|New|Mobile|POS|XNA|Stone|61|Connectivity|12.0|low_normal|POS mobile with interest|365243.0|-2671.0|-2341.0|-2341.0|-2332.0|0.0
1583704|315664|Cash loans||0.0|0.0|||WEDNESDAY|15|Y|1||||XNA|Refused|-430|XNA|HC||Repeater|XNA|XNA|XNA|Credit and cash offices|-1|XNA||XNA|Cash||||||
2138466|170289|Consumer loans|3286.485|32562.0|32562.0|0.0|32562.0|FRIDAY|12|Y|1|0.0|0.19691431485889155|0.8673361522198731|XAP|Approved|-307|Cash through the bank|XAP||Refreshed|Photo / Cinema Equipment|POS|XNA|Country-wide|20|Connectivity|12.0|middle|POS mobile with interest|365243.0|-273.0|57.0|-183.0|-179.0|0.0
2191093|182450|Consumer loans|9789.255|100485.0|100485.0|0.0|100485.0|WEDNESDAY|9|Y|1|0.0|||XAP|Approved|-391|Cash through the bank|XAP||Refreshed|Computers|POS|XNA|Stone|200|Consumer electronics|12.0|low_normal|POS household with interest|365243.0|-360.0|-30.0|-270.0|-261.0|0.0
1471931|257846|Cash loans||0.0|0.0|||MONDAY|12|Y|1||||XNA|Canceled|-302|XNA|XAP||Repeater|XNA|XNA|XNA|Credit and cash offices|-1|XNA||XNA|Cash||||||
1478703|393511|Cash loans||0.0|0.0|||WEDNESDAY|19|Y|1||||XNA|Canceled|-152|XNA|XAP||Repeater|XNA|XNA|XNA|Credit and cash offices|-1|XNA||XNA|Cash||||||
1629736|255331|Revolving loans|10125.0|202500.0|202500.0||202500.0|SATURDAY|14|Y|1||||XAP|Approved|-284|XNA|XAP|Unaccompanied|Repeater|XNA|Cards|x-sell|Credit and cash offices|-1|XNA|0.0|XNA|Card X-Sell|-265.0|-234.0|365243.0|365243.0|365243.0|0.0
2027074|208000|Consumer loans|12065.535|56655.0|66411.0|0.0|56655.0|SATURDAY|7|Y|1|0.0|||XAP|Approved|-676|Cash through the bank|XAP|Unaccompanied|Repeater|Audio/Video|POS|XNA|Country-wide|50|Consumer electronics|6.0|middle|POS household with interest|365243.0|-645.0|-495.0|-495.0|-493.0|0.0
2766278|178375|Consumer loans|7511.085|32490.0|38380.5|0.0|32490.0|MONDAY|5|Y|1|0.0|||XAP|Refused|-801|Cash through the bank|LIMIT|Spouse, partner|Repeater|Consumer Electronics|POS|XNA|Country-wide|50|Consumer electronics|6.0|high|POS household with interest||||||
1151694|161591|Consumer loans|39111.075|214380.0|209497.5|13500.0|214380.0|FRIDAY|12|Y|1|0.0659322515845571|||XAP|Approved|-989|Cash through the bank|XAP|Family|Repeater|Audio/Video|POS|XNA|Country-wide|50|Consumer electronics|6.0|middle|POS household with interest|365243.0|-958.0|-808.0|-808.0|-804.0|0.0
1692577|125157|Consumer loans|9946.485|99319.5|109809.0|0.0|99319.5|SATURDAY|9|Y|1|0.0|||XAP|Approved|-392|XNA|XAP|Unaccompanied|Repeater|Audio/Video|POS|XNA|Regional / Local|136|Consumer electronics|12.0|low_action|POS household without interest|365243.0|-362.0|-32.0|-242.0|-237.0|1.0
2740958|281589|Consumer loans|6752.25|35955.0|33115.5|4500.0|35955.0|THURSDAY|9|Y|1|0.13028961707033246|||XAP|Approved|-983|Cash through the bank|XAP|Unaccompanied|Refreshed|Mobile|POS|XNA|Country-wide|40|Connectivity|6.0|high|POS mobile with interest|365243.0|-952.0|-802.0|-802.0|-783.0|0.0
2317570|258076|Consumer loans|4539.285|18360.0|21834.0|0.0|18360.0|WEDNESDAY|10|Y|1|0.0|||XAP|Approved|-795|Cash through the bank|XAP|Unaccompanied|Repeater|Mobile|POS|XNA|Country-wide|40|Connectivity|6.0|high|POS mobile with interest|365243.0|-764.0|-614.0|-614.0|-609.0|0.0
1366380|247572|Consumer loans||17950.5|17950.5|0.0|17950.5|MONDAY|19|Y|1|0.0|||XAP|Unused offer|-1141|Cash through the bank|CLIENT||Repeater|Mobile|XNA|XNA|Country-wide|25|Connectivity||XNA|POS mobile with interest||||||
2319873|188414|Consumer loans|3560.715|71356.5|76410.0|7573.5|71356.5|FRIDAY|17|Y|1|0.09821250602796976|||XAP|Approved|-2594|Cash through the bank|XAP|Unaccompanied|Repeater|Consumer Electronics|POS|XNA|Country-wide|1535|Consumer electronics|24.0|low_action|POS household without interest|365243.0|-2563.0|-1873.0|-1933.0|-1927.0|1.0
2057616|304455|Consumer loans|15542.73|129505.5|131112.0|9000.0|129505.5|WEDNESDAY|12|Y|1|0.06995702139587028|||XAP|Approved|-406|Cash through the bank|XAP||New|Consumer Electronics|POS|XNA|Country-wide|800|Consumer electronics|10.0|middle|POS household with interest|365243.0|-374.0|-104.0|-104.0|-101.0|0.0
2675386|118974|Consumer loans|6899.49|55831.5|60745.5|0.0|55831.5|SUNDAY|13|Y|1|0.0|||XAP|Approved|-302|Cash through the bank|XAP|Unaccompanied|New|Mobile|POS|XNA|Country-wide|182|Connectivity|10.0|low_normal|POS mobile without interest|365243.0|-272.0|-2.0|365243.0|365243.0|1.0
2621158|281470|Revolving loans|14625.0|292500.0|292500.0||292500.0|FRIDAY|17|Y|1||||XAP|Refused|-231|XNA|HC|Unaccompanied|Repeater|XNA|Cards|x-sell|Country-wide|182|Connectivity|0.0|XNA|Card X-Sell||||||
2586290|447421|Consumer loans|10274.04|126544.5|101232.0|25312.5|126544.5|SATURDAY|15|Y|1|0.21784916481051048|||XAP|Approved|-243|Cash through the bank|XAP|Unaccompanied|Repeater|Mobile|POS|XNA|Country-wide|212|Connectivity|12.0|middle|POS mobile with interest|365243.0|-212.0|118.0|-122.0|-116.0|0.0
1475738|235737|Cash loans|75897.63|2025000.0|2241513.0||2025000.0|THURSDAY|19|Y|1||||XNA|Approved|-524|Cash through the bank|XAP||Repeater|XNA|Cash|x-sell|Credit and cash offices|-1|XNA|54.0|low_normal|Cash X-Sell: low||||||
2600277|256517|Cash loans||0.0|0.0|||FRIDAY|17|Y|1||||XNA|Canceled|-218|XNA|XAP||Repeater|XNA|XNA|XNA|Credit and cash offices|-1|XNA||XNA|Cash||||||
1371540|200721|Revolving loans|11250.0|225000.0|225000.0||225000.0|FRIDAY|15|Y|1||||XAP|Approved|-847|XNA|XAP||Repeater|XNA|Cards|walk-in|Credit and cash offices|-1|XNA|0.0|XNA|Card Street|365243.0|365243.0|365243.0|365243.0|-171.0|0.0
2261993|299391|Revolving loans||0.0|0.0|||FRIDAY|13|Y|1||||XAP|Canceled|-161|XNA|XAP||Repeater|XNA|XNA|XNA|Credit and cash offices|-1|XNA||XNA|Card Street||||||
2664403|163660|Cash loans|9804.285|67500.0|82611.0||67500.0|SATURDAY|10|Y|1||||Car repairs|Approved|-766|Cash through the bank|XAP||New|XNA|Cash|walk-in|Credit and cash offices|-1|XNA|12.0|high|Cash Street: high|365243.0|-736.0|-406.0|-466.0|-464.0|1.0
1912041|253391|Cash loans|5294.43|45000.0|47970.0||45000.0|SUNDAY|17|Y|1||||XNA|Refused|-774|Cash through the bank|HC|Unaccompanied|Refreshed|XNA|Cash|x-sell|Regional / Local|333|Consumer electronics|12.0|high|Cash X-Sell: high||||||
2609003|371440|Consumer loans|11688.255|93415.5|101637.0|0.0|93415.5|FRIDAY|10|Y|1|0.0|||XAP|Approved|-598|Cash through the bank|XAP|Unaccompanied|New|Computers|POS|XNA|Regional / Local|333|Consumer electronics|10.0|middle|POS household with interest|365243.0|-567.0|-297.0|-357.0|-344.0|0.0
1399859|197343|Consumer loans|4818.78|106398.0|106398.0|0.0|106398.0|SATURDAY|14|Y|1|0.0|||XAP|Refused|-409|Cash through the bank|LIMIT||Repeater|Computers|POS|XNA|Country-wide|1000|Consumer electronics|24.0|low_action|POS household without interest||||||
2741581|383645|Cash loans|47407.5|450000.0|450000.0||450000.0|MONDAY|13|Y|1||||XNA|Approved|-557|Cash through the bank|XAP||Repeater|XNA|Cash|x-sell|Credit and cash offices|-1|XNA|12.0|middle|Cash X-Sell: middle|365243.0|-527.0|-197.0|-197.0|-194.0|0.0
2563201|290976|Cash loans|49299.435|450000.0|504711.0||450000.0|THURSDAY|15|Y|1||||XNA|Approved|-1042|Cash through the bank|XAP|Unaccompanied|Repeater|XNA|Cash|x-sell|Credit and cash offices|-1|XNA|12.0|low_normal|Cash X-Sell: low|365243.0|-1012.0|-682.0|-742.0|-738.0|1.0
2586409|446260|Cash loans||0.0|0.0|||THURSDAY|16|Y|1||||XNA|Canceled|-209|XNA|XAP||Repeater|XNA|XNA|XNA|Credit and cash offices|-1|XNA||XNA|Cash||||||
1760006|283527|Cash loans|14730.66|72000.0|72000.0||72000.0|WEDNESDAY|15|Y|1||||XNA|Approved|-183|XNA|XAP|Unaccompanied|Repeater|XNA|Cash|x-sell|Contact center|-1|XNA|6.0|high|Cash X-Sell: high|365243.0|-153.0|-3.0|-3.0|365243.0|0.0
2076528|431383|Consumer loans|3725.505|26370.0|29983.5|2637.0|26370.0|SATURDAY|16|Y|1|0.08804073289105706|||XAP|Approved|-1773|Cash through the bank|XAP|Unaccompanied|New|Mobile|POS|XNA|Country-wide|24|Connectivity|12.0|high|POS mobile with interest|365243.0|-1742.0|-1412.0|-1472.0|-1464.0|0.0
2511538|435636|Cash loans||0.0|0.0|||THURSDAY|15|Y|1||||XNA|Canceled|-152|XNA|XAP||Repeater|XNA|XNA|XNA|Credit and cash offices|-1|XNA||XNA|Cash||||||
1024150|374768|Cash loans||0.0|0.0|||FRIDAY|11|Y|1||||XNA|Canceled|-19|XNA|XAP||Refreshed|XNA|XNA|XNA|Credit and cash offices|-1|XNA||XNA|Cash||||||
2326929|221146|Revolving loans||0.0|0.0|||MONDAY|14|Y|1||||XAP|Canceled|-295|XNA|XAP||Refreshed|XNA|XNA|XNA|Credit and cash offices|-1|XNA||XNA|Card Street||||||
1074341|137179|Cash loans||0.0|0.0|||FRIDAY|16|Y|1||||XNA|Canceled|-237|XNA|XAP||Repeater|XNA|XNA|XNA|Credit and cash offices|-1|XNA||XNA|Cash||||||
1760015|269239|Cash loans||0.0|0.0|||WEDNESDAY|8|Y|1||||XNA|Canceled|-207|XNA|XAP||Repeater|XNA|XNA|XNA|Credit and cash offices|-1|XNA||XNA|Cash||||||
2810623|369919|Cash loans||0.0|0.0|||WEDNESDAY|10|Y|1||||XNA|Canceled|-419|XNA|XAP||Repeater|XNA|XNA|XNA|Credit and cash offices|-1|XNA||XNA|Cash||||||
2433280|407487|Cash loans||0.0|0.0|||TUESDAY|11|Y|1||||XNA|Canceled|-181|XNA|XAP||Repeater|XNA|XNA|XNA|Credit and cash offices|-1|XNA||XNA|Cash||||||
2325707|353086|Cash loans||0.0|0.0|||FRIDAY|16|Y|1||||XNA|Canceled|-388|XNA|XAP||Repeater|XNA|XNA|XNA|Credit and cash offices|-1|XNA||XNA|Cash||||||
2345724|197444|Cash loans|10030.5|360000.0|360000.0||360000.0|THURSDAY|10|Y|1||||XNA|Approved|-208|Cash through the bank|XAP|Unaccompanied|Repeater|XNA|Cash|x-sell|Credit and cash offices|-1|XNA|60.0|low_normal|Cash X-Sell: low|365243.0|-178.0|1592.0|365243.0|365243.0|0.0
2734980|348760|Cash loans||0.0|0.0|||SUNDAY|8|Y|1||||XNA|Canceled|-405|XNA|XAP||Repeater|XNA|XNA|XNA|Credit and cash offices|-1|XNA||XNA|Cash||||||
1816690|372970|Consumer loans|10483.65|104850.0|93838.5|11011.5|104850.0|SATURDAY|11|Y|1|0.11437791650409675|||XAP|Approved|-132|Cash through the bank|XAP||Repeater|Medicine|POS|XNA|Stone|250|XNA|10.0|low_normal|POS industry with interest|365243.0|-99.0|171.0|365243.0|365243.0|0.0
2203764|205177|Cash loans|34423.11|450000.0|491580.0||450000.0|WEDNESDAY|17|Y|1||||XNA|Approved|-880|Cash through the bank|XAP|Family|Repeater|XNA|Cash|x-sell|AP+ (Cash loan)|5|XNA|24.0|high|Cash X-Sell: high|365243.0|-850.0|-160.0|-730.0|-720.0|1.0
1946657|427532|Consumer loans|7795.125|147195.0|172840.5|0.0|147195.0|SUNDAY|11|Y|1|0.0|||XAP|Approved|-1327|Cash through the bank|XAP|Unaccompanied|New|Audio/Video|POS|XNA|Country-wide|2078|Consumer electronics|24.0|low_action|POS household without interest|365243.0|-1296.0|-606.0|-996.0|-990.0|0.0
1894597|442603|Consumer loans|2334.42|39996.0|45153.0|0.0|39996.0|MONDAY|17|Y|1|0.0|||XAP|Approved|-1071|Cash through the bank|XAP|Children|Repeater|Photo / Cinema Equipment|POS|XNA|Country-wide|2078|Consumer electronics|24.0|low_normal|POS household with interest|365243.0|-1040.0|-350.0|-350.0|-344.0|0.0
1385097|369423|Consumer loans|2652.705|19611.0|14170.5|6111.0|19611.0|FRIDAY|12|Y|1|0.3281529741614055|||XAP|Approved|-1525|Cash through the bank|XAP|Spouse, partner|Repeater|Audio/Video|POS|XNA|Country-wide|2078|Consumer electronics|6.0|middle|POS household with interest||||||
1973766|282755|Consumer loans|13150.575|249309.0|287482.5|0.0|249309.0|FRIDAY|17|Y|1|0.0|||XAP|Approved|-1268|Cash through the bank|XAP|Unaccompanied|Repeater|Audio/Video|POS|XNA|Country-wide|2078|Consumer electronics|24.0|low_action|POS household without interest|365243.0|-1237.0|-547.0|-937.0|-930.0|0.0
1241792|404105|Consumer loans|23343.03|132480.0|125527.5|13248.0|132480.0|SATURDAY|16|Y|1|0.10396846967682592|||XAP|Approved|-33|Cash through the bank|XAP|Family|Refreshed|Consumer Electronics|POS|XNA|Regional / Local|100|Consumer electronics|6.0|middle|POS household with interest|365243.0|-3.0|147.0|365243.0|365243.0|1.0
1395742|451154|Consumer loans|6087.42|66649.5|59980.5|6669.0|66649.5|FRIDAY|13|Y|1|0.10897527022299147|||XAP|Approved|-600|Cash through the bank|XAP||Repeater|Mobile|POS|XNA|Country-wide|30|Connectivity|12.0|middle|POS mobile with interest|365243.0|-562.0|-232.0|-352.0|-346.0|0.0
2729966|216189|Consumer loans|30041.055|325588.5|293026.5|32562.0|325588.5|SUNDAY|18|Y|1|0.10891962763370992|||XAP|Approved|-514|Cash through the bank|XAP|Unaccompanied|New|Clothing and Accessories|POS|XNA|Stone|40|Clothing|12.0|middle|POS industry with interest|365243.0|-484.0|-154.0|-184.0|-178.0|0.0
2334831|430368|Cash loans|58021.695|877500.0|1031193.0||877500.0|THURSDAY|16|Y|1||||XNA|Approved|-970|Cash through the bank|XAP|Unaccompanied|Repeater|XNA|Cash|x-sell|Credit and cash offices|-1|XNA|30.0|middle|Cash X-Sell: middle|365243.0|-940.0|-70.0|-70.0|-57.0|1.0
2012211|282125|Revolving loans|33750.0|0.0|675000.0|||FRIDAY|17|Y|1||||XAP|Refused|-568|XNA|SCOFR||Repeater|XNA|Cards|x-sell|Credit and cash offices|-1|XNA|0.0|XNA|Card X-Sell||||||
1299881|454363|Cash loans|40933.575|688500.0|783018.0||688500.0|WEDNESDAY|12|Y|1||||XNA|Refused|-456|Cash through the bank|HC|Unaccompanied|Repeater|XNA|Cash|x-sell|Credit and cash offices|-1|XNA|48.0|high|Cash X-Sell: high||||||
2709276|342991|Revolving loans|45000.0|900000.0|900000.0||900000.0|TUESDAY|13|Y|1||||XAP|Approved|-511|XNA|XAP||Repeater|XNA|Cards|x-sell|Credit and cash offices|-1|XNA|0.0|XNA|Card X-Sell|-479.0|-435.0|365243.0|365243.0|365243.0|0.0
2742815|244966|Cash loans||0.0|0.0|||WEDNESDAY|12|Y|1||||XNA|Canceled|-183|XNA|XAP||Repeater|XNA|XNA|XNA|Credit and cash offices|-1|XNA||XNA|Cash||||||
2796269|240839|Cash loans||0.0|0.0|||WEDNESDAY|13|Y|1||||XNA|Refused|-223|XNA|HC||Repeater|XNA|XNA|XNA|Credit and cash offices|-1|XNA||XNA|Cash||||||
1981960|306707|Cash loans|10678.005|225000.0|269550.0||225000.0|WEDNESDAY|11|Y|1||||Building a house or an annex|Refused|-13|Cash through the bank|SCOFR|Unaccompanied|Repeater|XNA|Cash|walk-in|Credit and cash offices|-1|XNA|36.0|low_normal|Cash Street: low||||||
1275378|433914|Revolving loans||0.0|0.0|||TUESDAY|17|Y|1||||XAP|Canceled|-314|XNA|XAP||Repeater|XNA|XNA|XNA|Credit and cash offices|-1|XNA||XNA|Card Street||||||
1009986|360684|Consumer loans|11451.735|57600.0|60642.0|0.0|57600.0|TUESDAY|14|Y|1|0.0|||XAP|Approved|-693|Cash through the bank|XAP|Unaccompanied|New|Furniture|POS|XNA|Stone|95|Furniture|6.0|middle|POS industry with interest|365243.0|-662.0|-512.0|-512.0|-506.0|0.0
1519873|258336|Consumer loans|4699.035|46530.0|46300.5|4653.0|46530.0|WEDNESDAY|12|Y|1|0.09945420824869734|||XAP|Approved|-621|Cash through the bank|XAP|Unaccompanied|Refreshed|Mobile|POS|XNA|Country-wide|31|Connectivity|12.0|middle|POS mobile with interest|365243.0|-590.0|-260.0|-260.0|-252.0|0.0
2535384|394386|Consumer loans|3995.505|28750.5|19750.5|9000.0|28750.5|SUNDAY|8|Y|1|0.3409268771610295|||XAP|Approved|-953|Cash through the bank|XAP||Repeater|Audio/Video|POS|XNA|Country-wide|20|Connectivity|6.0|high|POS mobile with interest|365243.0|-914.0|-764.0|-854.0|-827.0|0.0
2443751|210583|Cash loans||0.0|0.0|||MONDAY|18|Y|1||||XNA|Canceled|-201|XNA|XAP||Repeater|XNA|XNA|XNA|Credit and cash offices|-1|XNA||XNA|Cash||||||
1524716|273901|Revolving loans||0.0|0.0|||MONDAY|14|Y|1||||XAP|Canceled|-395|XNA|XAP||Repeater|XNA|XNA|XNA|Credit and cash offices|-1|XNA||XNA|Card Street||||||
2081217|281586|Revolving loans||0.0|0.0|||THURSDAY|14|Y|1||||XAP|Canceled|-84|XNA|XAP||Repeater|XNA|XNA|XNA|Credit and cash offices|-1|XNA||XNA|Card Street||||||
2522811|120854|Revolving loans|33750.0|0.0|675000.0|||THURSDAY|18|Y|1||||XAP|Approved|-879|XNA|XAP||Repeater|XNA|Cards|x-sell|Credit and cash offices|-1|XNA|0.0|XNA|Card X-Sell|-332.0|-297.0|365243.0|365243.0|365243.0|0.0
2408628|320444|Cash loans|55973.295|1035000.0|1110141.0||1035000.0|FRIDAY|16|Y|1||||XNA|Approved|-953|Cash through the bank|XAP|Unaccompanied|Repeater|XNA|Cash|x-sell|Credit and cash offices|-1|XNA|30.0|middle|Cash X-Sell: middle|365243.0|-923.0|-53.0|-53.0|-48.0|1.0
1851241|415052|Consumer loans|9675.855|46476.0|48775.5|0.0|46476.0|TUESDAY|16|Y|1|0.0|||XAP|Approved|-1368|Cash through the bank|XAP|Children|New|Consumer Electronics|POS|XNA|Country-wide|3500|Consumer electronics|6.0|high|POS household with interest|365243.0|-1337.0|-1187.0|-1187.0|-1181.0|0.0
2030030|133853|Consumer loans|7253.055|104809.5|121410.0|0.0|104809.5|SATURDAY|14|Y|1|0.0|||XAP|Approved|-346|Cash through the bank|XAP||Repeater|Audio/Video|POS|XNA|Country-wide|3500|Consumer electronics|18.0|low_action|POS household without interest|365243.0|-315.0|195.0|365243.0|365243.0|0.0
1935914|191576|Consumer loans||23400.0|23400.0||23400.0|SATURDAY|9|Y|1||||XAP|Unused offer|-1412|Cash through the bank|CLIENT|Family|Repeater|Audio/Video|XNA|XNA|Country-wide|3500|Consumer electronics||XNA|POS household with interest||||||
1457539|307992|Consumer loans||113215.5|113215.5|0.0|113215.5|SUNDAY|12|Y|1|0.0|||XAP|Unused offer|-520|Cash through the bank|CLIENT||New|Computers|XNA|XNA|Country-wide|25|Connectivity||XNA|POS mobile with interest||||||
1077629|203467|Cash loans|46345.32|1012500.0|1115410.5||1012500.0|THURSDAY|10|Y|1||||XNA|Approved|-974|Cash through the bank|XAP|Unaccompanied|Repeater|XNA|Cash|x-sell|Credit and cash offices|-1|XNA|42.0|middle|Cash X-Sell: middle|365243.0|-944.0|286.0|-554.0|-551.0|1.0
2289239|444025|Cash loans||0.0|0.0|||FRIDAY|14|Y|1||||XNA|Refused|-308|XNA|HC||Repeater|XNA|XNA|XNA|Credit and cash offices|-1|XNA||XNA|Cash||||||
1196771|127624|Cash loans|49186.8|1170000.0|1170000.0||1170000.0|FRIDAY|17|Y|1||||XNA|Refused|-358|Cash through the bank|HC||Repeater|XNA|Cash|x-sell|Credit and cash offices|-1|XNA|48.0|middle|Cash X-Sell: middle||||||
2603082|223550|Cash loans||0.0|0.0|||SATURDAY|17|Y|1||||XNA|Canceled|-354|XNA|XAP||Repeater|XNA|XNA|XNA|Credit and cash offices|-1|XNA||XNA|Cash||||||
1247611|119539|Cash loans|19011.6|405000.0|405000.0||405000.0|FRIDAY|11|Y|1||||XNA|Refused|-147|Cash through the bank|HC|Unaccompanied|Repeater|XNA|Cash|x-sell|Credit and cash offices|-1|XNA|48.0|middle|Cash X-Sell: middle||||||
1826549|141689|Cash loans||0.0|0.0|||WEDNESDAY|15|Y|1||||XNA|Canceled|-197|XNA|XAP||Repeater|XNA|XNA|XNA|Credit and cash offices|-1|XNA||XNA|Cash||||||
1067163|422466|Cash loans|43067.475|630000.0|673245.0||630000.0|TUESDAY|13|Y|1||||XNA|Refused|-500|Cash through the bank|HC||Repeater|XNA|Cash|x-sell|Credit and cash offices|-1|XNA|24.0|middle|Cash X-Sell: middle||||||
1655160|255798|Cash loans||0.0|0.0|||FRIDAY|12|Y|1||||XNA|Canceled|-261|XNA|XAP||Repeater|XNA|XNA|XNA|Credit and cash offices|-1|XNA||XNA|Cash||||||
2743878|178345|Cash loans||0.0|0.0|||TUESDAY|12|Y|1||||XNA|Canceled|-248|XNA|XAP||Repeater|XNA|XNA|XNA|Credit and cash offices|-1|XNA||XNA|Cash||||||
1015452|272179|Cash loans||0.0|0.0|||FRIDAY|14|Y|1||||XNA|Canceled|-60|XNA|XAP||Repeater|XNA|XNA|XNA|Credit and cash offices|-1|XNA||XNA|Cash||||||
1729112|365261|Cash loans|10855.305|270000.0|328450.5||270000.0|SATURDAY|9|Y|1||||XNA|Refused|-208|Cash through the bank|HC|Unaccompanied|Repeater|XNA|Cash|x-sell|Credit and cash offices|-1|XNA|48.0|low_normal|Cash X-Sell: low||||||
1192792|445331|Cash loans|52507.8|886500.0|937989.0||886500.0|TUESDAY|13|Y|1||||XNA|Refused|-422|Cash through the bank|HC|Unaccompanied|Repeater|XNA|Cash|x-sell|Credit and cash offices|-1|XNA|24.0|low_normal|Cash X-Sell: low||||||
2603295|217812|Cash loans||0.0|0.0|||FRIDAY|16|Y|1||||XNA|Canceled|-200|XNA|XAP||Repeater|XNA|XNA|XNA|Credit and cash offices|-1|XNA||XNA|Cash||||||
2086496|434442|Cash loans||0.0|0.0|||TUESDAY|12|Y|1||||XNA|Canceled|-469|XNA|XAP||Repeater|XNA|XNA|XNA|Credit and cash offices|-1|XNA||XNA|Cash||||||
2577530|427367|Cash loans||0.0|0.0|||TUESDAY|10|Y|1||||XNA|Canceled|-128|XNA|XAP||Repeater|XNA|XNA|XNA|Credit and cash offices|-1|XNA||XNA|Cash||||||
1168659|101529|Cash loans||0.0|0.0|||TUESDAY|11|Y|1||||XNA|Refused|-115|XNA|HC||Repeater|XNA|XNA|XNA|Credit and cash offices|-1|XNA||XNA|Cash||||||
2686051|101529|Cash loans||0.0|0.0|||TUESDAY|9|Y|1||||XNA|Canceled|-164|XNA|XAP||Repeater|XNA|XNA|XNA|Credit and cash offices|-1|XNA||XNA|Cash||||||
2640293|264510|Revolving loans||0.0|0.0|||MONDAY|10|Y|1||||XAP|Refused|-238|XNA|HC||Repeater|XNA|XNA|XNA|Credit and cash offices|-1|XNA||XNA|Card Street||||||
1070086|348624|Cash loans|24394.005|468000.0|523597.5||468000.0|THURSDAY|12|Y|1||||XNA|Refused|-48|Cash through the bank|HC|Unaccompanied|Repeater|XNA|Cash|x-sell|Credit and cash offices|-1|XNA|36.0|middle|Cash X-Sell: middle||||||
2545472|326635|Cash loans|56548.62|1800000.0|2013840.0||1800000.0|FRIDAY|11|Y|1||||XNA|Refused|-581|Cash through the bank|HC||Repeater|XNA|Cash|x-sell|Credit and cash offices|-1|XNA|60.0|low_normal|Cash X-Sell: low||||||
1246266|153017|Cash loans||0.0|0.0|||TUESDAY|13|Y|1||||XNA|Canceled|-88|XNA|XAP||Repeater|XNA|XNA|XNA|Credit and cash offices|-1|XNA||XNA|Cash||||||
1181698|115097|Consumer loans|9874.845|103455.0|54459.0|51727.5|103455.0|SUNDAY|14|Y|1|0.5305377802262998|||XAP|Approved|-220|Cash through the bank|XAP|Unaccompanied|Repeater|Computers|POS|XNA|Country-wide|70|Consumer electronics|6.0|low_normal|POS household with interest|365243.0|-189.0|-39.0|-159.0|-157.0|0.0
2567926|186632|Consumer loans|8418.96|186880.5|186880.5|0.0|186880.5|MONDAY|16|Y|1|0.0|||XAP|Approved|-517|Cash through the bank|XAP||Refreshed|Medicine|POS|XNA|Stone|100|Industry|24.0|low_action|POS industry without interest|365243.0|-480.0|210.0|365243.0|365243.0|0.0
1232481|292407|Consumer loans|10014.345|86989.5|91039.5|0.0|86989.5|FRIDAY|15|Y|1|0.0|||XAP|Approved|-269|Cash through the bank|XAP|Family|Repeater|Consumer Electronics|POS|XNA|Country-wide|140|Consumer electronics|10.0|low_normal|POS household with interest|365243.0|-239.0|31.0|365243.0|365243.0|1.0
1418540|303722|Cash loans|6311.25|67500.0|67500.0||67500.0|FRIDAY|12|Y|1||||XNA|Approved|-197|Cash through the bank|XAP|Unaccompanied|Repeater|XNA|Cash|x-sell|Credit and cash offices|-1|XNA|12.0|low_normal|Cash X-Sell: low|365243.0|-167.0|163.0|365243.0|365243.0|0.0
1494675|380561|Consumer loans|9095.31|56340.0|44959.5|13500.0|56340.0|SATURDAY|10|Y|1|0.2515027886438862|||XAP|Approved|-2152|XNA|XAP|Family|Repeater|Mobile|POS|XNA|Stone|30|Connectivity|6.0|high|POS mobile with interest|365243.0|-2118.0|-1968.0|-2028.0|-2025.0|0.0
2449093|311178|Cash loans||0.0|0.0|||SATURDAY|12|Y|1||||XNA|Refused|-273|XNA|HC||Repeater|XNA|XNA|XNA|Credit and cash offices|-1|XNA||XNA|Cash||||||
1343409|160671|Cash loans||0.0|0.0|||TUESDAY|11|Y|1||||XNA|Canceled|-345|XNA|XAP||Repeater|XNA|XNA|XNA|Credit and cash offices|-1|XNA||XNA|Cash||||||
2559699|188312|Cash loans|8970.39|90000.0|95940.0||90000.0|SATURDAY|10|Y|1||||XNA|Approved|-191|Cash through the bank|XAP|Unaccompanied|Repeater|XNA|Cash|x-sell|Credit and cash offices|-1|XNA|12.0|low_normal|Cash X-Sell: low|365243.0|-161.0|169.0|365243.0|365243.0|1.0
1146680|293304|Cash loans||0.0|0.0|||SATURDAY|12|Y|1||||XNA|Canceled|-367|XNA|XAP||Repeater|XNA|XNA|XNA|Credit and cash offices|-1|XNA||XNA|Cash||||||
2608217|268456|Cash loans||0.0|0.0|||WEDNESDAY|11|Y|1||||XNA|Canceled|-385|XNA|XAP||Repeater|XNA|XNA|XNA|Credit and cash offices|-1|XNA||XNA|Cash||||||
2740457|367231|Cash loans||0.0|0.0|||SUNDAY|10|Y|1||||XNA|Canceled|-314|XNA|XAP||Repeater|XNA|XNA|XNA|Credit and cash offices|-1|XNA||XNA|Cash||||||
2822378|276770|Consumer loans|1542.06|22815.0|20533.5|2281.5|22815.0|FRIDAY|15|Y|1|0.1089090909090909|||XAP|Approved|-2254|Cash through the bank|XAP||New|Sport and Leisure|POS|XNA|Stone|5|Industry|24.0|low_normal|POS other with interest|365243.0|-2202.0|-1512.0|-1512.0|-1510.0|0.0
2833823|106086|Consumer loans|6232.725|58050.0|52245.0|5805.0|58050.0|FRIDAY|12|Y|1|0.1089090909090909|||XAP|Approved|-1555|Cash through the bank|XAP|Unaccompanied|Repeater|Furniture|POS|XNA|Stone|135|Furniture|10.0|middle|POS industry with interest|365243.0|-1524.0|-1254.0|-1254.0|-1252.0|0.0
2147401|202386|Cash loans||0.0|0.0|||WEDNESDAY|11|Y|1||||XNA|Canceled|-26|XNA|XAP||Repeater|XNA|XNA|XNA|Channel of corporate sales|-1|XNA||XNA|Cash||||||
2178955|269861|Consumer loans|6907.32|50661.0|57609.0|5067.0|50661.0|TUESDAY|18|Y|1|0.08804683828520705|||XAP|Approved|-1435|Cash through the bank|XAP||New|Mobile|POS|XNA|Country-wide|15|Connectivity|12.0|high|POS mobile with interest|365243.0|-1394.0|-1064.0|-1064.0|-1058.0|0.0
1845061|262439|Consumer loans|10971.135|119774.655|119772.0|2.655|119774.655|TUESDAY|19|Y|1|2.4141471028544085e-05|||XAP|Approved|-1384|Cash through the bank|XAP|Unaccompanied|Repeater|Audio/Video|POS|XNA|Country-wide|2000|Consumer electronics|12.0|low_action|POS household without interest|365243.0|-1353.0|-1023.0|-1023.0|-1015.0|0.0
1326748|436731|Consumer loans|3360.555|32985.0|29700.0|3285.0|32985.0|WEDNESDAY|16|Y|1|0.10846335111000867|||XAP|Approved|-778|Cash through the bank|XAP||Repeater|Mobile|POS|XNA|Country-wide|30|Connectivity|12.0|high|POS mobile with interest|365243.0|-741.0|-411.0|-651.0|-648.0|0.0
2255346|135347|Consumer loans|12037.59|89100.0|97920.0|0.0|89100.0|WEDNESDAY|11|Y|1|0.0|||XAP|Refused|-1661|Cash through the bank|HC|Family|Repeater|Furniture|POS|XNA|Stone|70|Furniture|12.0|high|POS industry with interest||||||
1897668|205582|Revolving loans|2250.0|45000.0|45000.0||45000.0|MONDAY|16|Y|1||||XAP|Approved|-234|XNA|XAP|Family|New|XNA|Cards|walk-in|Country-wide|3000|Consumer electronics|0.0|XNA|Card Street|365243.0|365243.0|365243.0|365243.0|365243.0|0.0
2741832|346883|Consumer loans|5202.855|37305.0|32805.0|4500.0|37305.0|MONDAY|18|Y|1|0.13137405417260664|||XAP|Approved|-2904|XNA|XAP||New|Mobile|POS|XNA|Stone|30|Connectivity|8.0|high|POS mobile with interest|365243.0|-2869.0|-2659.0|-2659.0|-2653.0|0.0
1103699|179380|Consumer loans|4565.025|32895.0|35608.5|0.0|32895.0|THURSDAY|9|Y|1|0.0|||XAP|Approved|-1182|Cash through the bank|XAP|Unaccompanied|Repeater|Consumer Electronics|POS|XNA|Country-wide|230|Consumer electronics|10.0|high|POS household with interest|365243.0|-1151.0|-881.0|-881.0|-878.0|0.0
1561600|406839|Cash loans|12085.965|94500.0|100737.0||94500.0|THURSDAY|14|Y|1||||XNA|Approved|-1013|Cash through the bank|XAP|Children|New|XNA|Cash|walk-in|Country-wide|25|Connectivity|12.0|high|Cash Street: high|365243.0|-983.0|-653.0|-713.0|-709.0|1.0
1897671|216158|Consumer loans|8191.485|76275.0|101682.0|0.0|76275.0|FRIDAY|13|Y|1|0.0|||XAP|Approved|-554|Cash through the bank|XAP||Repeater|Consumer Electronics|POS|XNA|Country-wide|1500|Consumer electronics|18.0|high|POS household with interest|365243.0|-523.0|-13.0|-13.0|-6.0|0.0
1975174|276237|Revolving loans|22500.0|0.0|450000.0|||TUESDAY|13|Y|1||||XAP|Approved|-510|XNA|XAP||Repeater|XNA|Cards|x-sell|Country-wide|1500|Consumer electronics|0.0|XNA|Card X-Sell|365243.0|365243.0|365243.0|365243.0|365243.0|0.0
2438787|253721|Consumer loans|17278.605|107991.0|97191.0|10800.0|107991.0|SUNDAY|18|Y|1|0.1089181674230428|||XAP|Approved|-838|Cash through the bank|XAP|Unaccompanied|New|Computers|POS|XNA|Country-wide|2708|Consumer electronics|6.0|low_normal|POS household with interest|365243.0|-805.0|-655.0|-805.0|-795.0|0.0
1375746|227908|Revolving loans|2250.0|0.0|45000.0|||SATURDAY|19|Y|1||||XAP|Refused|-672|XNA|HC||Repeater|XNA|Cards|x-sell|Country-wide|2708|Consumer electronics|0.0|XNA|Card X-Sell||||||
2241359|127285|Consumer loans|8586.18|48600.0|48600.0|0.0|48600.0|WEDNESDAY|9|Y|1|0.0|||XAP|Approved|-495|Cash through the bank|XAP||New|Consumer Electronics|POS|XNA|Country-wide|55|Consumer electronics|6.0|low_normal|POS household with interest|365243.0|-464.0|-314.0|-314.0|-309.0|0.0
1003555|195690|Cash loans|24703.335|337500.0|422496.0||337500.0|MONDAY|15|Y|1||||XNA|Approved|-850|Cash through the bank|XAP|Children|Repeater|XNA|Cash|x-sell|Credit and cash offices|-1|XNA|24.0|middle|Cash X-Sell: middle|365243.0|-820.0|-130.0|-760.0|-753.0|1.0
2021594|131649|Cash loans||0.0|0.0|||MONDAY|12|Y|1||||XNA|Canceled|-359|XNA|XAP||Repeater|XNA|XNA|XNA|Credit and cash offices|-1|XNA||XNA|Cash||||||
2487787|419090|Consumer loans|7452.945|113733.0|113733.0|0.0|113733.0|WEDNESDAY|14|Y|1|0.0|||XAP|Approved|-819|Cash through the bank|XAP|Unaccompanied|New|Homewares|POS|XNA|Country-wide|172|Construction|18.0|low_normal|POS other with interest|365243.0|-787.0|-277.0|-547.0|-542.0|0.0
1642964|248217|Consumer loans|18553.725|180000.0|194031.0|4500.0|180000.0|WEDNESDAY|12|Y|1|0.02468586311915564|||XAP|Approved|-16|Cash through the bank|XAP|Spouse, partner|Repeater|Clothing and Accessories|POS|XNA|Stone|70|Clothing|12.0|low_normal|POS industry with interest|365243.0|365243.0|344.0|365243.0|365243.0|1.0
2783413|269324|Consumer loans|5775.615|128205.0|128205.0|0.0|128205.0|SUNDAY|20|Y|1|0.0|||XAP|Approved|-991|Cash through the bank|XAP|Spouse, partner|Repeater|Gardening|POS|XNA|Country-wide|4000000|Furniture|24.0|low_action|POS industry without interest|365243.0|-960.0|-270.0|-360.0|-354.0|0.0
1763186|393157|Consumer loans||62860.5|62860.5|0.0|62860.5|FRIDAY|15|Y|1|0.0|||XAP|Unused offer|-518|Cash through the bank|CLIENT||Repeater|Computers|XNA|XNA|Country-wide|30|Connectivity||XNA|POS mobile with interest||||||
1892110|372945|Consumer loans|12607.695|75640.095|68076.0|7564.095|75640.095|TUESDAY|10|Y|1|0.10891032196614768|||XAP|Refused|-2654|Cash through the bank|SCO|Family|Repeater|XNA|POS|XNA|Country-wide|2028|Consumer electronics|6.0|middle|POS household without interest||||||
1811616|227148|Consumer loans|4932.045|34676.595|37534.5|4.095|34676.595|SATURDAY|16|Y|1|0.00011880645167266574|||XAP|Approved|-2747|Cash through the bank|XAP|Family|New|Photo / Cinema Equipment|POS|XNA|Country-wide|2028|Consumer electronics|10.0|high|POS household with interest|365243.0|-2716.0|-2446.0|-2446.0|-2438.0|1.0
2354441|332724|Consumer loans|8712.99|80091.0|88546.5|0.0|80091.0|SUNDAY|15|Y|1|0.0|||XAP|Approved|-1185|Cash through the bank|XAP|Family|Repeater|Consumer Electronics|POS|XNA|Regional / Local|40|Consumer electronics|12.0|middle|POS household with interest|365243.0|-1154.0|-824.0|-824.0|-820.0|0.0
2784652|123951|Consumer loans|2802.735|24327.0|24016.5|2475.0|24327.0|TUESDAY|5|Y|1|0.1017496178019364|||XAP|Approved|-2354|Cash through the bank|XAP|Children|Repeater|Mobile|POS|XNA|Stone|13|Construction|12.0|high|POS industry with interest|365243.0|-2321.0|-1991.0|-1991.0|-1978.0|1.0
1521768|335217|Consumer loans|10216.8|49455.0|52542.0|4945.5|49455.0|SATURDAY|11|Y|1|0.09369165628891654|||XAP|Approved|-671|XNA|XAP|Unaccompanied|Repeater|Computers|POS|XNA|Country-wide|53|Connectivity|6.0|high|POS mobile with interest|365243.0|-639.0|-489.0|-549.0|-544.0|0.0
2285261|229210|Consumer loans|20050.11|97510.5|97510.5|0.0|97510.5|SUNDAY|15|Y|1|0.0|||XAP|Refused|-103|XNA|HC||Repeater|Mobile|POS|XNA|Country-wide|53|Connectivity|6.0|high|POS mobile with interest||||||
1723023|337203|Revolving loans|2250.0|45000.0|45000.0||45000.0|WEDNESDAY|10|Y|1||||XAP|Approved|-160|XNA|XAP|Unaccompanied|Repeater|XNA|Cards|walk-in|Regional / Local|145|Consumer electronics|0.0|XNA|Card Street|365243.0|365243.0|365243.0|365243.0|365243.0|0.0
2180632|217192|Consumer loans|8530.695|93150.0|93150.0|0.0|93150.0|TUESDAY|15|Y|1|0.0|||XAP|Approved|-772|Cash through the bank|XAP||Repeater|Consumer Electronics|POS|XNA|Regional / Local|145|Consumer electronics|12.0|low_action|POS household without interest|365243.0|-738.0|-408.0|-648.0|-641.0|0.0
1600240|342072|Consumer loans|5045.715|42255.0|41494.5|4500.0|42255.0|SUNDAY|12|Y|1|0.10655424215741208|||XAP|Approved|-1646|Cash through the bank|XAP||New|Mobile|POS|XNA|Country-wide|63|Connectivity|12.0|high|POS mobile with interest|365243.0|-1612.0|-1282.0|-1282.0|-1275.0|0.0
1330119|272520|Consumer loans|11493.99|51210.0|55264.5|0.0|51210.0|SATURDAY|19|Y|1|0.0|||XAP|Approved|-157|Cash through the bank|XAP|Other_B|Repeater|Mobile|POS|XNA|Country-wide|120|Connectivity|6.0|high|POS mobile with interest|365243.0|-127.0|23.0|-7.0|-2.0|1.0
1979918|246553|Consumer loans|2430.99|20205.0|22783.5|2020.5|20205.0|TUESDAY|13|Y|1|0.08871585961208606|||XAP|Refused|-978|Cash through the bank|LIMIT|Children|Repeater|Consumer Electronics|POS|XNA|Country-wide|300|Consumer electronics|12.0|middle|POS household with interest||||||
1816824|173254|Consumer loans|3166.74|30082.5|30082.5|0.0|30082.5|TUESDAY|8|Y|1|0.0|||XAP|Approved|-66|Cash through the bank|XAP|Unaccompanied|Repeater|Furniture|POS|XNA|Stone|5|Construction|12.0|middle|POS industry with interest|365243.0|-36.0|294.0|365243.0|365243.0|0.0
1515456|111817|Consumer loans|7646.04|67318.65|67318.65|0.0|67318.65|SATURDAY|12|Y|1|0.0|||XAP|Approved|-301|Cash through the bank|XAP||Repeater|Mobile|POS|XNA|Country-wide|115|Connectivity|10.0|low_normal|POS mobile without interest|365243.0|-267.0|3.0|-267.0|-258.0|0.0
2723301|258384|Consumer loans|9147.105|51471.0|47376.0|6750.0|51471.0|FRIDAY|19|Y|1|0.13581945158267072|||XAP|Refused|-389|Cash through the bank|LIMIT|Spouse, partner|Repeater|Audio/Video|POS|XNA|Country-wide|3000|Consumer electronics|6.0|middle|POS household with interest||||||
1665343|110713|Consumer loans|17769.735|143487.0|175549.5|0.0|143487.0|TUESDAY|13|Y|1|0.0|||XAP|Approved|-1092|Cash through the bank|XAP|Family|Repeater|Audio/Video|POS|XNA|Country-wide|3000|Consumer electronics|12.0|middle|POS household with interest|365243.0|-1061.0|-731.0|-731.0|-722.0|0.0
1744003|351953|Consumer loans|23829.84|120577.5|126945.0|0.0|120577.5|SATURDAY|17|Y|1|0.0|||XAP|Approved|-634|Cash through the bank|XAP||New|Computers|POS|XNA|Country-wide|3000|Consumer electronics|6.0|middle|POS household with interest|365243.0|-603.0|-453.0|-453.0|-451.0|0.0
1638914|262912|Consumer loans|9042.21|92601.0|81882.0|18540.0|92601.0|WEDNESDAY|14|Y|1|0.201068943603448|||XAP|Approved|-507|Cash through the bank|XAP||New|Computers|POS|XNA|Country-wide|92|Connectivity|12.0|high|POS mobile with interest|365243.0|-469.0|-139.0|-289.0|-279.0|0.0
1041414|107678|Consumer loans||24480.0|24480.0|0.0|24480.0|SUNDAY|12|Y|1|0.0|||XAP|Refused|-1252|Cash through the bank|LIMIT||Repeater|Mobile|XNA|XNA|Country-wide|92|Connectivity||XNA|POS mobile with interest||||||
2626990|275776|Consumer loans|17509.185|73872.0|65223.0|14778.0|73872.0|MONDAY|14|Y|1|0.20117980343427525|||XAP|Approved|-1018|Cash through the bank|XAP|Spouse, partner|New|Mobile|POS|XNA|Country-wide|-1|Connectivity|4.0|middle|POS mobile without interest|365243.0|-986.0|-896.0|-896.0|-892.0|0.0
1382147|336630|Cash loans|10061.91|112500.0|127350.0||112500.0|MONDAY|13|Y|1||||Other|Approved|-631|Cash through the bank|XAP||Repeater|XNA|Cash|walk-in|AP+ (Cash loan)|4|XNA|24.0|high|Cash Street: high||||||
2836013|347427|Consumer loans|13333.815|295650.0|295650.0|0.0|295650.0|THURSDAY|12|Y|1|0.0|||XAP|Approved|-1511|Cash through the bank|XAP|Unaccompanied|Refreshed|Audio/Video|POS|XNA|Stone|246|Consumer electronics|24.0|low_action|POS household without interest|365243.0|-1480.0|-790.0|-790.0|-780.0|0.0
2542872|230939|Consumer loans|12792.465|61650.0|64701.0|0.0|61650.0|FRIDAY|10|Y|1|0.0|||XAP|Approved|-1628|Cash through the bank|XAP|Family|Repeater|Audio/Video|POS|XNA|Country-wide|284|Consumer electronics|6.0|high|POS household with interest|365243.0|-1596.0|-1446.0|-1476.0|-1464.0|0.0
1856964|148833|Consumer loans|3476.16|34200.0|31950.0|5130.0|34200.0|SUNDAY|12|Y|1|0.1506751985878199|||XAP|Approved|-2075|XNA|XAP|Family|Repeater|Audio/Video|POS|XNA|Country-wide|284|Consumer electronics|12.0|high|POS household with interest|365243.0|-2044.0|-1714.0|-1714.0|-1711.0|0.0
1701553|218487|Consumer loans|7300.755|29988.0|35509.5|0.0|29988.0|FRIDAY|16|Y|1|0.0|||XAP|Approved|-1240|Cash through the bank|XAP|Unaccompanied|New|Photo / Cinema Equipment|POS|XNA|Country-wide|15|Connectivity|6.0|high|POS mobile with interest|365243.0|-1209.0|-1059.0|-1059.0|-1055.0|0.0
1169188|418859|Consumer loans|3181.41|22405.5|24624.0|0.0|22405.5|FRIDAY|8|Y|1|0.0|||XAP|Approved|-1068|XNA|XAP|Unaccompanied|New|Mobile|POS|XNA|Country-wide|18|Connectivity|12.0|high|POS mobile with interest|365243.0|-1037.0|-707.0|-707.0|-702.0|0.0
2345630|382118|Consumer loans|5469.3|60610.5|53307.0|12105.0|60610.5|TUESDAY|14|Y|1|0.2015447540901586|||XAP|Approved|-1312|Cash through the bank|XAP||New|Computers|POS|XNA|Country-wide|30|Connectivity|12.0|middle|POS mobile with interest|365243.0|-1278.0|-948.0|-948.0|-943.0|0.0
1756835|405785|Consumer loans|6686.145|51700.5|50121.0|5400.0|51700.5|TUESDAY|15|Y|1|0.1059255220383442|||XAP|Approved|-2339|Cash through the bank|XAP|Family|Repeater|Mobile|POS|XNA|Country-wide|41|Connectivity|10.0|low_normal|POS mobile with interest|365243.0|-2308.0|-2038.0|-2038.0|-2033.0|1.0
1630059|405785|Consumer loans|4550.535|28300.5|22617.0|6750.0|28300.5|FRIDAY|10|Y|1|0.2503273618811466|||XAP|Approved|-2042|Cash through the bank|XAP||Repeater|Photo / Cinema Equipment|POS|XNA|Country-wide|41|Connectivity|6.0|high|POS mobile with interest|365243.0|-2005.0|-1855.0|-1855.0|-1851.0|0.0
1198506|207086|Consumer loans|5156.91|24475.5|22000.5|2475.0|24475.5|MONDAY|13|Y|1|0.11013053870196723|||XAP|Approved|-2782|Cash through the bank|XAP||New|Mobile|POS|XNA|Country-wide|41|Connectivity|5.0|low_normal|POS mobile with interest|365243.0|-2744.0|-2624.0|-2624.0|-2594.0|0.0
2284847|454600|Consumer loans||27666.0|27666.0|0.0|27666.0|THURSDAY|16|Y|1|0.0|||XAP|Unused offer|-357|Cash through the bank|CLIENT||Repeater|Mobile|XNA|XNA|Country-wide|30|Connectivity||XNA|POS mobile with interest||||||
2526335|240822|Consumer loans|6767.325|91755.0|33718.5|59625.0|91755.0|SATURDAY|10|Y|1|0.6956782792004311|||XAP|Approved|-2761|Cash through the bank|XAP|Family|Repeater|Consumer Electronics|POS|XNA|Stone|520|Consumer electronics|6.0|low_normal|POS household with interest|365243.0|-2730.0|-2580.0|-2580.0|-2557.0|1.0
2180622|271919|Consumer loans|8533.53|71955.0|71172.0|7195.5|71955.0|WEDNESDAY|18|Y|1|0.09999749432307573|||XAP|Approved|-2184|Cash through the bank|XAP|Spouse, partner|New|Photo / Cinema Equipment|POS|XNA|Stone|225|Consumer electronics|12.0|high|POS household with interest|365243.0|-2153.0|-1823.0|-1853.0|-1844.0|0.0
2003921|370921|Consumer loans|8191.755|38434.5|30744.0|7690.5|38434.5|TUESDAY|10|Y|1|0.21792019244074035|||XAP|Approved|-1171|Cash through the bank|XAP||New|Computers|POS|XNA|Country-wide|35|Connectivity|4.0|middle|POS mobile without interest|365243.0|-1125.0|-1035.0|-1035.0|-1026.0|0.0
2356080|179766|Consumer loans|13201.245|196740.0|196740.0|0.0|196740.0|WEDNESDAY|12|Y|1|0.0|||XAP|Approved|-264|XNA|XAP|Unaccompanied|Repeater|Furniture|POS|XNA|Stone|941|Furniture|18.0|low_normal|POS industry with interest|365243.0|-234.0|276.0|365243.0|365243.0|0.0
2356083|141771|Consumer loans|7781.985|71280.0|70425.0|7200.0|71280.0|WEDNESDAY|10|Y|1|0.10101712779973644|||XAP|Approved|-1330|Cash through the bank|XAP||New|Mobile|POS|XNA|Country-wide|1000|Connectivity|12.0|high|POS mobile with interest|365243.0|-1297.0|-967.0|-967.0|-961.0|0.0
1915792|403107|Consumer loans|2247.795|53959.5|48235.5|5724.0|53959.5|THURSDAY|19|Y|1|0.11553028407669387|||XAP|Approved|-2627|Cash through the bank|XAP|Family|New|Consumer Electronics|POS|XNA|Regional / Local|150|Consumer electronics|24.0|low_action|POS household without interest|365243.0|-2596.0|-1906.0|-1906.0|-1896.0|0.0
1231815|196567|Consumer loans|6369.255|69030.0|62127.0|6903.0|69030.0|SATURDAY|12|Y|1|0.1089090909090909|||XAP|Approved|-565|Cash through the bank|XAP||Refreshed|Consumer Electronics|POS|XNA|Stone|150|Consumer electronics|12.0|middle|POS household with interest|365243.0|-534.0|-204.0|-414.0|-403.0|0.0
2635263|336697|Consumer loans|11198.25|81058.5|81058.5|0.0|81058.5|MONDAY|14|Y|1|0.0|||XAP|Approved|-668|Cash through the bank|XAP||Repeater|Construction Materials|POS|XNA|Stone|150|Construction|10.0|high|POS industry with interest|365243.0|-637.0|-367.0|-367.0|-361.0|0.0
1917253|308686|Consumer loans||44583.975|44583.975|0.0|44583.975|WEDNESDAY|15|Y|1|0.0|||XAP|Refused|-646|Cash through the bank|HC||Repeater|Computers|XNA|XNA|Country-wide|30|Connectivity||XNA|POS mobile with interest||||||
1676862|294352|Consumer loans|22173.795|129060.0|116154.0|12906.0|129060.0|FRIDAY|14|Y|1|0.1089090909090909|||XAP|Approved|-1728|Cash through the bank|XAP|Unaccompanied|Repeater|Furniture|POS|XNA|Stone|350|Furniture|6.0|middle|POS industry with interest|365243.0|-1690.0|-1540.0|-1540.0|-1537.0|0.0
1925028|203564|Revolving loans||0.0|0.0|||MONDAY|10|Y|1||||XAP|Refused|-36|XNA|HC||Repeater|XNA|XNA|XNA|Credit and cash offices|-1|XNA||XNA|Card Street||||||
1000588|168814|Cash loans|31396.5|450000.0|450000.0||450000.0|THURSDAY|4|Y|1||||XNA|Approved|-407|Cash through the bank|XAP||Repeater|XNA|Cash|x-sell|Credit and cash offices|-1|XNA|24.0|high|Cash X-Sell: high|365243.0|-377.0|313.0|365243.0|365243.0|0.0
2440540|357994|Cash loans|10267.155|225000.0|269550.0||225000.0|TUESDAY|12|Y|1||||XNA|Refused|-228|Cash through the bank|HC|Unaccompanied|Repeater|XNA|Cash|x-sell|Regional / Local|774|Jewelry|36.0|low_normal|Cash X-Sell: low||||||
1722543|437604|Consumer loans|5947.425|59481.0|53532.0|5949.0|59481.0|FRIDAY|11|Y|1|0.10892556981526566|||XAP|Refused|-2806|XNA|SCO||Repeater|XNA|POS|XNA|Stone|179|Consumer electronics|10.0|low_normal|POS household without interest||||||
1146853|333298|Consumer loans|4123.35|19782.0|18742.5|1980.0|19782.0|THURSDAY|16|Y|1|0.1040608034744842|||XAP|Approved|-1189|Cash through the bank|XAP||New|Mobile|POS|XNA|Country-wide|20|Connectivity|6.0|high|POS mobile with interest|365243.0|-1154.0|-1004.0|-1004.0|-997.0|0.0
1855907|336955|Consumer loans|21023.055|73791.45|73791.0|0.45|73791.45|WEDNESDAY|16|Y|1|6.6415676760777705e-06|||XAP|Approved|-2719|Cash through the bank|XAP|Unaccompanied|New|Photo / Cinema Equipment|POS|XNA|Stone|68|Consumer electronics|4.0|high|POS household with interest|365243.0|-2685.0|-2595.0|-2595.0|-2589.0|0.0
1423542|295494|Consumer loans|3209.67|29655.0|28890.0|2965.5|29655.0|FRIDAY|17|Y|1|0.10138591737405124|||XAP|Approved|-2815|Cash through the bank|XAP|Children|New|Audio/Video|POS|XNA|Stone|291|Consumer electronics|10.0|low_normal|POS household with interest|365243.0|-2784.0|-2514.0|-2514.0|-2505.0|1.0
1566930|147254|Revolving loans|7875.0|157500.0|157500.0|0.0|157500.0|FRIDAY|12|Y|1|0.0|||XAP|Refused|-607|XNA|LIMIT||Repeater|XNA|Cards|walk-in|Country-wide|30|Connectivity|0.0|XNA|Card Street||||||
2395238|316116|Consumer loans|8279.685|71996.4|74524.5|7200.9|71996.4|MONDAY|16|Y|1|0.09596079954668592|||XAP|Approved|-1274|Cash through the bank|XAP|Unaccompanied|Repeater|Audio/Video|POS|XNA|Stone|470|Consumer electronics|10.0|low_normal|POS household with interest|365243.0|-1243.0|-973.0|-973.0|-946.0|0.0
2426645|170611|Consumer loans|4214.115|14791.5|14791.5|0.0|14791.5|FRIDAY|11|Y|1|0.0|||XAP|Approved|-2617|Cash through the bank|XAP|Unaccompanied|Repeater|Audio/Video|POS|XNA|Stone|27|Consumer electronics|4.0|high|POS household with interest|365243.0|-2583.0|-2493.0|-2493.0|-2489.0|0.0
1984290|316076|Consumer loans|8661.645|80028.0|77962.5|8005.5|80028.0|TUESDAY|8|Y|1|0.1014181703974417|||XAP|Approved|-2526|Cash through the bank|XAP||New|Furniture|POS|XNA|Stone|120|Furniture|10.0|low_normal|POS industry with interest|365243.0|-2485.0|-2215.0|-2215.0|-2213.0|1.0
1449731|169854|Consumer loans|15391.44|80460.0|84708.0|0.0|80460.0|THURSDAY|11|Y|1|0.0|||XAP|Approved|-826|Cash through the bank|XAP|Unaccompanied|Refreshed|Sport and Leisure|POS|XNA|Stone|90|Construction|6.0|middle|POS other with interest|365243.0|-787.0|-637.0|-697.0|-689.0|0.0
2253483|186271|Consumer loans|24160.5|157500.0|157500.0|0.0|157500.0|SATURDAY|8|Y|1|0.0|||XAP|Approved|-1434|Cash through the bank|XAP|Spouse, partner|New|Sport and Leisure|POS|XNA|Stone|90|Construction|8.0|high|POS other with interest|365243.0|-1403.0|-1193.0|-1193.0|-1188.0|0.0
2431767|256460|Consumer loans|8621.46|103455.0|91039.5|12415.5|103455.0|MONDAY|16|Y|1|0.13070038356597732|||XAP|Refused|-2500|Cash through the bank|LIMIT|Unaccompanied|Repeater|Consumer Electronics|POS|XNA|Country-wide|1800|Consumer electronics|12.0|low_normal|POS household with interest||||||
1033218|191478|Consumer loans|7300.53|39465.0|35505.0|3960.0|39465.0|WEDNESDAY|7|Y|0|0.10928164196123144|||XAP|Approved|-723|Non-cash from your account|XAP||Refreshed|Mobile|POS|XNA|Country-wide|27|Connectivity|6.0|high|POS mobile with interest|365243.0|-686.0|-536.0|-566.0|-551.0|0.0
1063365|138457|Consumer loans||0.0|0.0|||MONDAY|14|Y|1||||XAP|Canceled|-398|XNA|XAP||Repeater|XNA|XNA|XNA|Country-wide|15|Connectivity||XNA|POS mobile with interest||||||
1897704|142422|Consumer loans|17578.62|104355.0|98878.5|10435.5|104355.0|WEDNESDAY|15|Y|1|0.10396845950032184|||XAP|Approved|-400|Cash through the bank|XAP||Repeater|Computers|POS|XNA|Regional / Local|150|Consumer electronics|6.0|low_normal|POS household with interest|365243.0|-369.0|-219.0|-219.0|-214.0|0.0
2670893|135263|Consumer loans|10945.755|56830.5|53671.5|5850.0|56830.5|SUNDAY|10|Y|1|0.10704000769775317|||XAP|Approved|-893|Cash through the bank|XAP|Unaccompanied|Repeater|Mobile|POS|XNA|Country-wide|52|Connectivity|6.0|high|POS mobile with interest|365243.0|-862.0|-712.0|-712.0|-703.0|0.0
1702273|284827|Cash loans||0.0|0.0|||SATURDAY|8|Y|1||||XNA|Canceled|-169|XNA|XAP||Repeater|XNA|XNA|XNA|Credit and cash offices|-1|XNA||XNA|Cash||||||
1166024|348381|Cash loans||0.0|0.0|||SATURDAY|12|Y|1||||XNA|Canceled|-489|XNA|XAP||Repeater|XNA|XNA|XNA|Credit and cash offices|-1|XNA||XNA|Cash||||||
2751225|210824|Cash loans|11302.65|90000.0|102397.5||90000.0|SATURDAY|11|Y|1||||XNA|Refused|-558|Cash through the bank|SCO||Repeater|XNA|Cash|x-sell|Credit and cash offices|-1|XNA|12.0|high|Cash X-Sell: high||||||
2537421|123100|Consumer loans|3778.65|30271.59|33268.59|0.0|30271.59|FRIDAY|9|Y|1|0.0|||XAP|Approved|-252|Cash through the bank|XAP||Repeater|Mobile|POS|XNA|Country-wide|20|Connectivity|10.0|low_normal|POS mobile without interest|365243.0|-211.0|59.0|-61.0|-54.0|0.0
1618991|434875|Consumer loans|10027.125|89991.0|99495.0|0.0|89991.0|THURSDAY|9|Y|1|0.0|||XAP|Approved|-464|Cash through the bank|XAP||Repeater|Consumer Electronics|POS|XNA|Country-wide|2078|Consumer electronics|12.0|middle|POS household with interest|365243.0|-433.0|-103.0|-313.0|-306.0|0.0
1902173|203250|Cash loans||0.0|0.0|||MONDAY|18|Y|1||||XNA|Canceled|-217|XNA|XAP||Repeater|XNA|XNA|XNA|Credit and cash offices|-1|XNA||XNA|Cash||||||
1129372|203250|Cash loans|31952.205|495000.0|553806.0||495000.0|THURSDAY|10|Y|1||||XNA|Approved|-859|Cash through the bank|XAP|Unaccompanied|Repeater|XNA|Cash|x-sell|Credit and cash offices|-1|XNA|36.0|high|Cash X-Sell: high|365243.0|-829.0|221.0|-769.0|-765.0|1.0
1470739|197469|Revolving loans||0.0|0.0|||FRIDAY|9|Y|1||||XAP|Canceled|-161|XNA|XAP||Repeater|XNA|XNA|XNA|Credit and cash offices|-1|XNA||XNA|Card Street||||||
1845535|343206|Cash loans|26230.005|225000.0|239850.0|0.0|225000.0|FRIDAY|16|Y|1|0.0|||XNA|Approved|-2183|Cash through the bank|XAP|Unaccompanied|Repeater|XNA|Cash|x-sell|Credit and cash offices|-1|XNA|12.0|high|Cash Street: high|365243.0|-2153.0|-1823.0|-1883.0|-1880.0|1.0
1797707|244942|Cash loans|19151.46|225000.0|247275.0||225000.0|SUNDAY|12|Y|1||||XNA|Approved|-899|Cash through the bank|XAP|Unaccompanied|Repeater|XNA|Cash|x-sell|Credit and cash offices|-1|XNA|18.0|middle|Cash X-Sell: middle|365243.0|-869.0|-359.0|-689.0|-682.0|1.0
1340966|160643|Cash loans||0.0|0.0|||FRIDAY|12|Y|1||||XNA|Canceled|-319|XNA|XAP||Repeater|XNA|XNA|XNA|Credit and cash offices|-1|XNA||XNA|Cash||||||
1876485|354388|Cash loans|40565.79|976500.0|1061572.5||976500.0|FRIDAY|12|Y|1||||Repairs|Refused|-210|Cash through the bank|HC|Unaccompanied|Repeater|XNA|Cash|walk-in|Credit and cash offices|-1|XNA|36.0|low_normal|Cash Street: low||||||
2817906|312029|Cash loans|6535.8|45000.0|55075.5||45000.0|WEDNESDAY|11|Y|1||||XNA|Approved|-1115|Cash through the bank|XAP|Unaccompanied|Repeater|XNA|Cash|walk-in|Credit and cash offices|-1|XNA|12.0|high|Cash Street: high|365243.0|-1085.0|-755.0|-845.0|-838.0|1.0
2498236|403925|Cash loans||0.0|0.0|||FRIDAY|12|Y|1||||XNA|Canceled|-42|XNA|XAP||Repeater|XNA|XNA|XNA|Credit and cash offices|-1|XNA||XNA|Cash||||||
1055492|159650|Revolving loans|9000.0|180000.0|180000.0||180000.0|FRIDAY|13|Y|1||||XAP|Approved|-717|XNA|XAP||Repeater|XNA|Cards|walk-in|Credit and cash offices|-1|XNA|0.0|XNA|Card Street|365243.0|365243.0|365243.0|365243.0|365243.0|0.0
1466735|292591|Cash loans|45269.19|724500.0|774229.5||724500.0|THURSDAY|13|Y|1||||XNA|Refused|-564|Cash through the bank|HC||Repeater|XNA|Cash|x-sell|Credit and cash offices|-1|XNA|24.0|middle|Cash X-Sell: middle||||||
1435016|430360|Cash loans|26472.24|225000.0|239850.0||225000.0|SUNDAY|14|Y|1||||XNA|Approved|-967|Cash through the bank|XAP|Unaccompanied|Repeater|XNA|Cash|x-sell|Credit and cash offices|-1|XNA|12.0|high|Cash X-Sell: high|365243.0|-937.0|-607.0|-817.0|-804.0|1.0
2334229|329949|Cash loans|14667.75|184500.0|184500.0|0.0|184500.0|SUNDAY|10|Y|1|0.0|||XNA|Refused|-2547|Cash through the bank|HC|Unaccompanied|Repeater|XNA|Cash|x-sell|Credit and cash offices|-1|XNA|18.0|middle|Cash Street: middle||||||
1776835|449198|Cash loans||0.0|0.0|||WEDNESDAY|14|Y|1||||XNA|Canceled|-166|XNA|XAP||Repeater|XNA|XNA|XNA|Credit and cash offices|-1|XNA||XNA|Cash||||||
1441456|386319|Cash loans|17886.645|270000.0|354753.0||270000.0|WEDNESDAY|11|Y|1||||XNA|Refused|-978|Cash through the bank|HC|Unaccompanied|Repeater|XNA|Cash|x-sell|Credit and cash offices|-1|XNA|30.0|middle|Cash X-Sell: middle||||||
1823611|127703|Revolving loans|11250.0|0.0|225000.0||0.0|SATURDAY|15|Y|1||||XAP|Refused|-1235|XNA|HC||Repeater|XNA|Cards|walk-in|Credit and cash offices|-1|XNA|0.0|XNA|Card Street||||||
2663511|421088|Revolving loans|3150.0|0.0|45000.0||0.0|MONDAY|11|Y|1||||XAP|Refused|-1526|XNA|HC||Repeater|XNA|Cards|walk-in|Credit and cash offices|-1|XNA|0.0|XNA|Card Street||||||
1207628|187675|Cash loans|28604.565|472500.0|509922.0||472500.0|THURSDAY|9|Y|1||||XNA|Approved|-84|Cash through the bank|XAP|Unaccompanied|Repeater|XNA|Cash|x-sell|Credit and cash offices|-1|XNA|24.0|low_normal|Cash X-Sell: low|365243.0|-54.0|636.0|365243.0|365243.0|1.0
2413816|142645|Cash loans|77063.58|675000.0|698166.0||675000.0|THURSDAY|12|Y|1||||XNA|Approved|-664|Cash through the bank|XAP||Repeater|XNA|Cash|x-sell|Credit and cash offices|-1|XNA|12.0|high|Cash X-Sell: high|365243.0|-634.0|-304.0|-604.0|-598.0|1.0
1150154|121687|Consumer loans|3423.285|14989.5|17806.5|0.0|14989.5|TUESDAY|13|Y|1|0.0|||XAP|Approved|-482|Cash through the bank|XAP||Repeater|Consumer Electronics|POS|XNA|Regional / Local|5|Consumer electronics|6.0|middle|POS household with interest|365243.0|-451.0|-301.0|-421.0|-414.0|0.0
1889646|265309|Consumer loans|7944.615|39060.0|41368.5|3906.0|39060.0|SUNDAY|12|Y|1|0.09395993530373807|||XAP|Approved|-463|Cash through the bank|XAP||New|Mobile|POS|XNA|Regional / Local|5|Consumer electronics|6.0|middle|POS household with interest|365243.0|-432.0|-282.0|-282.0|-274.0|0.0
2299244|432127|Consumer loans|3582.09|26275.5|29875.5|2628.0|26275.5|FRIDAY|17|Y|1|0.08805608347073109|||XAP|Approved|-1466|Cash through the bank|XAP||Repeater|Mobile|POS|XNA|Country-wide|10|Connectivity|12.0|high|POS mobile with interest|365243.0|-1428.0|-1098.0|-1098.0|-1093.0|0.0
2697511|260154|Consumer loans|20453.715|311985.0|311985.0|0.0|311985.0|FRIDAY|6|Y|1|0.0|||XAP|Approved|-186|Cash through the bank|XAP|Unaccompanied|New|Construction Materials|POS|XNA|Stone|17|Construction|18.0|low_normal|POS industry with interest|365243.0|-152.0|358.0|365243.0|365243.0|0.0
2220244|303472|Consumer loans|41383.71|234243.0|234243.0|0.0|234243.0|TUESDAY|18|Y|1|0.0|||XAP|Approved|-269|Cash through the bank|XAP|Unaccompanied|New|Clothing and Accessories|POS|XNA|Stone|100|Clothing|6.0|low_normal|POS industry with interest||||||
1532124|333237|Cash loans|26833.5|225000.0|225000.0||225000.0|WEDNESDAY|15|Y|1||||XNA|Approved|-1408|Cash through the bank|XAP|Unaccompanied|Repeater|XNA|Cash|walk-in|Country-wide|12|Connectivity|12.0|high|Cash Street: high|365243.0|-1378.0|-1048.0|-1198.0|-1193.0|0.0
1840993|298055|Consumer loans|8314.695|61006.5|80712.0|0.0|61006.5|THURSDAY|11|Y|1|0.0|||XAP|Approved|-1465|Cash through the bank|XAP|Family|Repeater|Photo / Cinema Equipment|POS|XNA|Country-wide|100|Connectivity|16.0|high|POS mobile with interest|365243.0|-1434.0|-984.0|-1074.0|-1070.0|0.0
1891645|396134|Revolving loans|2250.0|45000.0|45000.0||45000.0|FRIDAY|8|Y|1||||XAP|Approved|-277|XNA|XAP|Unaccompanied|New|XNA|Cards|walk-in|Country-wide|100|Connectivity|0.0|XNA|Card Street|-225.0|-176.0|365243.0|365243.0|365243.0|0.0
1812433|248000|Consumer loans|11438.685|51844.5|42930.0|10372.5|51844.5|WEDNESDAY|14|Y|1|0.2119336889366437|||XAP|Approved|-714|Cash through the bank|XAP|Other_B|Repeater|Mobile|POS|XNA|Country-wide|30|Connectivity|4.0|middle|POS mobile without interest|365243.0|-683.0|-593.0|-593.0|-583.0|0.0
2653610|113677|Consumer loans|8917.965|57105.0|48096.0|11421.0|57105.0|MONDAY|10|Y|1|0.208990830732854|||XAP|Approved|-515|Cash through the bank|XAP||New|Consumer Electronics|POS|XNA|Country-wide|186|Consumer electronics|6.0|middle|POS household with interest|365243.0|-484.0|-334.0|-334.0|-327.0|0.0
1649135|334570|Consumer loans|5786.415|57870.9|52083.0|5787.9|57870.9|TUESDAY|14|Y|1|0.10892433455721738|||XAP|Approved|-2920|XNA|XAP||New|Consumer Electronics|POS|XNA|Stone|150|Consumer electronics|10.0|low_normal|POS household without interest|365243.0|-2882.0|-2612.0|-2612.0|-2607.0|0.0
2715822|207619|Consumer loans|13504.185|261202.5|261202.5|0.0|261202.5|WEDNESDAY|18|Y|1|0.0|||XAP|Approved|-1149|Cash through the bank|XAP|Unaccompanied|New|Audio/Video|POS|XNA|Regional / Local|122|Consumer electronics|24.0|low_normal|POS other with interest|365243.0|-1118.0|-428.0|-428.0|-424.0|0.0
2055255|427620|Cash loans||0.0|0.0|||TUESDAY|12|Y|1||||XNA|Canceled|-371|XNA|XAP||Repeater|XNA|XNA|XNA|Credit and cash offices|-1|XNA||XNA|Cash||||||
2268930|192475|Cash loans||0.0|0.0|||THURSDAY|9|Y|1||||XNA|Canceled|-198|XNA|XAP||Repeater|XNA|XNA|XNA|Credit and cash offices|-1|XNA||XNA|Cash||||||
1691921|349351|Revolving loans|15750.0|315000.0|315000.0||315000.0|WEDNESDAY|10|Y|1||||XAP|Approved|-215|XNA|XAP|Unaccompanied|Repeater|XNA|Cards|x-sell|Credit and cash offices|-1|XNA|0.0|XNA|Card X-Sell|-212.0|-164.0|365243.0|365243.0|365243.0|0.0
2010349|180393|Revolving loans||0.0|0.0|||THURSDAY|11|Y|1||||XAP|Canceled|-308|XNA|XAP||Repeater|XNA|XNA|XNA|Credit and cash offices|-1|XNA||XNA|Card Street||||||
2606740|372255|Cash loans|34077.33|909000.0|1160973.0||909000.0|SUNDAY|15|Y|1||||XNA|Refused|-218|Cash through the bank|HC|Unaccompanied|Repeater|XNA|Cash|x-sell|Credit and cash offices|-1|XNA|60.0|low_normal|Cash X-Sell: low||||||
2455914|348859|Cash loans||0.0|0.0|||FRIDAY|12|Y|1||||XNA|Canceled|-24|XNA|XAP||Repeater|XNA|XNA|XNA|Credit and cash offices|-1|XNA||XNA|Cash||||||
1324205|265757|Cash loans|69127.38|1170000.0|1237954.5||1170000.0|MONDAY|16|Y|1||||XNA|Approved|-360|Cash through the bank|XAP||Repeater|XNA|Cash|x-sell|Credit and cash offices|-1|XNA|24.0|low_normal|Cash X-Sell: low|365243.0|-330.0|360.0|-180.0|-172.0|1.0
2812070|358702|Revolving loans||0.0|0.0|||WEDNESDAY|11|Y|1||||XAP|Canceled|-228|XNA|XAP||Repeater|XNA|XNA|XNA|Credit and cash offices|-1|XNA||XNA|Card Street||||||
2782972|392308|Revolving loans||0.0|0.0|||FRIDAY|15|Y|1||||XAP|Canceled|-258|XNA|XAP||Repeater|XNA|XNA|XNA|Credit and cash offices|-1|XNA||XNA|Card Street||||||
1105286|429332|Consumer loans|6262.155|37255.5|37701.0|1890.0|37255.5|FRIDAY|14|Y|1|0.05199115501456943|||XAP|Approved|-2037|Cash through the bank|XAP||Refreshed|Mobile|POS|XNA|Country-wide|37|Connectivity|8.0|high|POS mobile with interest|365243.0|-1999.0|-1789.0|-1789.0|-1783.0|0.0
2509325|259310|Consumer loans|13363.65|133650.0|120285.0|13365.0|133650.0|SATURDAY|14|Y|1|0.1089090909090909|||XAP|Approved|-1374|XNA|XAP|Other_B|New|Gardening|POS|XNA|Stone|50|Construction|10.0|low_normal|POS other with interest|365243.0|-1343.0|-1073.0|-1073.0|-1064.0|0.0
2668337|448680|Consumer loans|36817.47|601200.0|601200.0|0.0|601200.0|WEDNESDAY|15|Y|1|0.0|||XAP|Approved|-532|Cash through the bank|XAP||Repeater|Furniture|POS|XNA|Stone|400|Furniture|24.0|middle|POS industry with interest|365243.0|-500.0|190.0|-260.0|-255.0|0.0
1862246|305608|Consumer loans|18108.18|93015.0|97924.5|0.0|93015.0|FRIDAY|10|Y|1|0.0|||XAP|Approved|-431|Cash through the bank|XAP|Unaccompanied|New|Consumer Electronics|POS|XNA|Stone|282|Consumer electronics|6.0|middle|POS household with interest|365243.0|-401.0|-251.0|-281.0|-275.0|1.0
1321051|118877|Consumer loans|9957.555|95170.32|105214.5|4.32|95170.32|TUESDAY|15|Y|1|4.471512536704676e-05|||XAP|Approved|-1180|Cash through the bank|XAP|Unaccompanied|Repeater|Computers|POS|XNA|Country-wide|771|Consumer electronics|12.0|low_normal|POS household with interest|365243.0|-1149.0|-819.0|-1029.0|-1021.0|0.0
2724439|163961|Cash loans|39369.6|360000.0|360000.0|0.0|360000.0|WEDNESDAY|12|Y|1|0.0|||XNA|Refused|-2337|XNA|LIMIT||Refreshed|XNA|Cash|x-sell|Country-wide|-1|Consumer electronics|12.0|high|Cash Street: high||||||
2562544|163961|Cash loans|29527.2|270000.0|270000.0|0.0|270000.0|WEDNESDAY|12|Y|1|0.0|||XNA|Approved|-2337|XNA|XAP||Refreshed|XNA|Cash|x-sell|Country-wide|-1|Consumer electronics|12.0|high|Cash Street: high|365243.0|-2307.0|-1977.0|-1977.0|-1969.0|0.0
1144853|397792|Consumer loans|6213.555|57150.0|63184.5|0.0|57150.0|SATURDAY|12|Y|1|0.0|||XAP|Refused|-252|Cash through the bank|HC|Unaccompanied|Repeater|Jewelry|POS|XNA|Stone|29|Industry|12.0|middle|POS other with interest||||||
1949754|440976|Consumer loans|7445.205|73080.0|72283.5|7308.0|73080.0|FRIDAY|11|Y|1|0.09999907482126053|||XAP|Approved|-2050|Cash through the bank|XAP|Unaccompanied|Repeater|Consumer Electronics|POS|XNA|Stone|141|Consumer electronics|12.0|middle|POS household with interest|365243.0|-2015.0|-1685.0|-1685.0|-1677.0|0.0
2437564|208146|Consumer loans|3031.38|19845.0|21591.0|0.0|19845.0|MONDAY|10|Y|1|0.0|||XAP|Approved|-728|Cash through the bank|XAP|Unaccompanied|Repeater|Mobile|POS|XNA|Country-wide|33|Connectivity|10.0|high|POS mobile with interest|365243.0|-697.0|-427.0|-457.0|-449.0|0.0
2312862|330125|Cash loans||225000.0|225000.0|0.0|225000.0|WEDNESDAY|11|Y|1|0.0|||XNA|Refused|-428|XNA|XNA||Repeater|XNA|XNA|XNA|Country-wide|30|Connectivity||XNA|Cash||||||
1656819|324462|Consumer loans||112711.095|112711.095||112711.095|THURSDAY|13|Y|1||||XAP|Refused|-1075|Cash through the bank|HC|Family|Repeater|Computers|XNA|XNA|Country-wide|1772|Consumer electronics||XNA|POS household with interest||||||
1741220|181080|Revolving loans|6750.0|135000.0|135000.0||135000.0|SATURDAY|12|Y|1||||XAP|Refused|-538|XNA|LIMIT||New|XNA|Cards|walk-in|Regional / Local|2429|Consumer electronics|0.0|XNA|Card Street||||||
1061654|237960|Consumer loans|13764.555|125257.5|125257.5|0.0|125257.5|THURSDAY|9|Y|1|0.0|||XAP|Refused|-540|Cash through the bank|HC||Repeater|Mobile|POS|XNA|Country-wide|48|Connectivity|10.0|low_normal|POS mobile without interest||||||
2024662|424679|Consumer loans|3951.54|27580.5|32940.0|1395.0|27580.5|TUESDAY|10|Y|1|0.04424877874419158|||XAP|Approved|-1780|Cash through the bank|XAP|Unaccompanied|Repeater|Photo / Cinema Equipment|POS|XNA|Country-wide|20|Connectivity|12.0|high|POS mobile with interest|365243.0|-1749.0|-1419.0|-1449.0|-1446.0|0.0
