8002531292|EPC5238|NY|PAS|10/01/2014|21|SUBN|CHEVR|T|20390|29890|31490|01/01/20150111 12:00:00 PM|7|7|7|345454|T800|A2|NY|F|133|Essex St||01/05/0001 12:00:00 PM|408|d1||Y Y Y|BL||2005||0|A 77|21-No Parking (street clean)|||||||||||
8015318440|5298MD|NY|COM|03/06/2015|14|VAN|FRUEH|T|27790|19550|19570|01/01/88888888 12:00:00 PM|25|25|25|333386|T103|B|NY|F|1916|Park Ave||01/05/0001 12:00:00 PM|408|c||YYYYY|BROWN||0||0|CC3|14-No Standing|||||||||||
7611181981|FYW2775|NY|PAS|07/28/2014|46|SUBN|SUBAR|T|8130|5430|5580|01/01/20160524 12:00:00 PM|72|72|72|331845|T302|L|K|F|184|31st St||01/05/0001 12:00:00 PM|408|f1|||BLACK||2010||0|J 32|46A-Double Parking (Non-COM)|||||||||||
7445908067|GWE1987|NY|PAS|04/13/2015|19|4DSD|LEXUS|T|59990|16540|16790|01/01/20170111 12:00:00 PM|102|102|102|355669|T402|D|Q|F|120-20|Queens Blvd||01/05/0001 12:00:00 PM|408|c3||YYYYY|GY||2015||0|01 4|19-No Stand (bus stop)|||||||||||
7037692864|T671196C|NY|PAS|05/19/2015|19|4DSD|CHRYS|T|36090|10410|24690|01/01/88888888 12:00:00 PM|28|28|28|341248|T103|X|NY|F|66|W 116th St||01/05/0001 12:00:00 PM|408|c3||YYYYYYY|BLACK||0||0|19 7|19-No Stand (bus stop)|||||||||||
7704791394|JJF6834|PA|PAS|11/20/2014|21|4DSD|NISSA|T|74230|37980|38030|01/01/20150688 12:00:00 PM|67|67|67|357104|T302|A|K|F|1013|Rutland Rd||01/05/0001 12:00:00 PM|408|d1||Y|WHITE||0||0|C 32|21-No Parking (street clean)|||||||||||
7541599104|FYP8263|NY|PAS|08/01/2014|21|SUBN|HONDA|T|77530|63030|93230|01/01/20160605 12:00:00 PM|79|79|79|355251|T301|O|K|F|155|Skillman St||01/05/0001 12:00:00 PM|408|d1||Y  Y|BK||2012||0|10 3|21-No Parking (street clean)|||||||||||
7443513951|FZL7450|NY|PAS|07/19/2014|71|4DSD|VOLVO|T|49210|0|0|01/01/20140927 12:00:00 PM|103|103|103|353083|T402|L|Q|I|S|Henderson Ave|30ft W/of 189th St|01/05/0001 12:00:00 PM|408|j6||YYYYYYY|GR||2002||0|A 42|71A-Insp Sticker Expired (NYS)|||||||||||
7426321423|86318MA|NY|COM|09/23/2014|69|VAN|CHEVR|T|21690|26990|26790|01/01/20150720 12:00:00 PM|5|5|5|346381|T105|E|NY|O|199|Grand St||01/05/0001 12:00:00 PM|408|h1||Y|WH||2007||0|093|69-Failure to Disp Muni Recpt|||||||||||
8017159560|GKX8095|NY|PAS|01/20/2015|71|4DSD|LEXUS|T|35490|35780|22670|01/01/20151207 12:00:00 PM|113|113|113|361082|T402|R|Q|F|137-22|Bedell St||01/05/0001 12:00:00 PM|408|j6||YYYYYYY|GREEN||1993||0|N 42|71A-Insp Sticker Expired (NYS)|||||||||||
8017159560|GKX8095|NY|PAS|01/20/2015|71|4DSD|LEXUS|T|35490|35780|22670|01/01/20151207 12:00:00 PM|113|113|113|361082|T402|R|Q|F|137-22|Bedell St||01/05/0001 12:00:00 PM|408|j6||YYYYYYY|GREEN||1993||0|N 42|71A-Insp Sticker Expired (NYS)|||||||||||
7002571382|CXT8949|TX|PAS|02/17/2015|20|SUBN|MAZDA|T|51190|9140|61090|01/01/88880088 12:00:00 PM|109|109|109|359625|T401|G|Q|O|39-15|Janet Pl||01/05/0001 12:00:00 PM|408|d||YYYYY|WHITE||0||0|17 4|20A-No Parking (Non-COM)|||||||||||
7939966900|GSR4914|NY|PAS|05/05/2015|20|SUBN|DODGE|T|20090|14010|22890|01/01/20160911 12:00:00 PM|5|5|5|361097|T101|E|NY|O|48|Eldridge St||01/05/0001 12:00:00 PM|408|d||YYYYY|SILVE||2008||0|53 1|20A-No Parking (Non-COM)|||||||||||
7704167637|XBVP75|NJ|PAS|10/21/2014|16|VAN|FORD|T|5780|24830|43130|01/01/20140088 12:00:00 PM|78|78|78|361332|T302|K|K|F|138|7th Ave||01/05/0001 12:00:00 PM|408|k2||YYYYYYY|WHITE||0||0|59 3|16-No Std (Com Veh) Com Plate|||||||||||
7095480941|AP515N|NJ|PAS|08/21/2014|85|DELV|FRUEH|T|10790|19040|18990|01/01/88888888 12:00:00 PM|110|110|110|354200|T803|B|Q|O|97-11|50th Ave||01/05/0001 12:00:00 PM|408|k5|||WHITE||0||0|G 42|85-Storage-3 hour Commercial|||||||||||
7831181295|16238TC|NY|TRC|08/07/2014|14|TRAC|PETER|T|13610|34410|34430|01/01/20150430 12:00:00 PM|14|14|14|345058|T102|C|NY|O|1260|Broadway||01/05/0001 12:00:00 PM|408|c||YYYYYYY|BLUE||2014||0|04 6|14-No Standing|||||||||||
8007006229|122YEZ|CT|PAS|08/26/2014|21|4DSD|NISSA|T|5580|9080|9130|01/01/20140088 12:00:00 PM|72|72|72|332021|T302|L|K|O|5022|5th Ave||01/05/0001 12:00:00 PM|408|d1||Y|TAN||0||0|J 32|21-No Parking (street clean)|||||||||||
1369109532|65920JW|NY|COM|06/23/2014|46|VAN|MERCU|P|18770|10010|45590|01/01/20141031 12:00:00 PM|19|19|19|942227|0019|0000|NY|F|428|E 89||01/05/0001 12:00:00 PM|408|F1||BBBBBBB|BROWN|0|2007|-|0|||||||||||||
7580650400|GBU2135|NY|PAS|09/24/2014|71|SUBN|HONDA|T|10110|17190|17210|01/01/20160816 12:00:00 PM|9|9|9|361338|T105|C|NY|F|166|2nd Ave||01/05/0001 12:00:00 PM|408|j6||YYYYYYY|WH||2012||0|002|71A-Insp Sticker Expired (NYS)|||||||||||
7420795630|6AJWV5|CT|PAS|10/04/2014|37|SUBN|FORD|T|40220|27180|27270|01/01/88880088 12:00:00 PM|48|48|48|361051|T201|G|BX|F|2390|Hoffman St||01/01/20141004 12:00:00 PM|408|h1||Y|BLACK||0|213-1194|0|34 2|37-Expired Muni Meter|||||||||||
1379105602|GDL7305|NY|PAS|01/21/2015|70|SDN|TOYOT|P|19330|10010|29090|01/01/20150105 12:00:00 PM|25|25|25|919749|0025|0000|NY|O|414|EAST 119 STR||01/05/0001 12:00:00 PM|408|F1||BBBBBBB|GRAY|0|2012|-|0|||||||||||||
7054223901|58359MD|NY|COM|03/26/2015|42|PICK|FORD|T|18070|0|0|01/01/20150831 12:00:00 PM|14|14|14|357684|T106|L|NY|I|N|E 54th St|20ft E/of 5th Ave|01/05/0001 12:00:00 PM|408|h1||YYYYY|BL||2011|143-3233|0|112|42-Exp. Muni-Mtr (Com. Mtr. Z)|||||||||||
8011213386|60304MD|NY|COM|10/06/2014|46|DELV|FRUEH|T|8140|8590|8690|01/01/88888888 12:00:00 PM|114|114|114|358655|T401|N|Q|F|35-34|31st St||01/01/20141006 12:00:00 PM|408|F1|||BROWN||2014||0|E-AM|46B-Double Parking (Com-100Ft)|||||||||||
7997989572|GJP9663|NY|PAS|01/24/2015|20|4DSD|NISSA|T|27390|36390|36430|01/01/20151029 12:00:00 PM|30|30|30|354084|T103|L|NY|O|94|Old Broadway||01/05/0001 12:00:00 PM|408|d||Y|BK||2011||0|CC1|20A-No Parking (Non-COM)|||||||||||
7997989572|GJP9663|NY|PAS|01/24/2015|20|4DSD|NISSA|T|27390|36390|36430|01/01/20151029 12:00:00 PM|30|30|30|354084|T103|L|NY|O|94|Old Broadway||01/05/0001 12:00:00 PM|408|d||Y|BK||2011||0|CC1|20A-No Parking (Non-COM)|||||||||||
7097098715|G78DLL|NJ|PAS|03/11/2015|38|SUBN|BMW|T|49130|67030|64830|01/01/88888888 12:00:00 PM|79|79|79|358894|T301|G|K|F|121|Herkimer St||01/05/0001 12:00:00 PM|408|h1||Y|GREY||0||0|09 3|38-Failure to Display Muni Rec|||||||||||
7787591079|GKP6078|NY|PAS|11/19/2014|20|SUBN|CHRYS|T|15010|15510|26440|01/01/20151126 12:00:00 PM|7|7|7|353194|T105|M|NY|O|340|Cherry St||01/05/0001 12:00:00 PM|408|d||YYYYY|GL||2005||0|J 99|20A-No Parking (Non-COM)|||||||||||
8023905028|GAR6688|NY|PAS|02/24/2015|20|4DSD|MAZDA|T|26630|67030|64830|01/01/20161108 12:00:00 PM|70|70|70|333002|T302|M|K|O|324|Clarkson Ave||01/05/0001 12:00:00 PM|408|d||YYYYY|TN||2008||0|C 32|20A-No Parking (Non-COM)|||||||||||
1369992300|1545236|ME|PAS|08/20/2014|66|TRAI||S|62030|81050|94630|01/01/20150228 12:00:00 PM|75|75|0|527637|0PIU|0000|K|F|651|MONTAUK AVE||01/05/0001 12:00:00 PM|408|K4||BBBBBBB|SILVE|0|0|-|0|||||||||||||
7359154236|M80ANH|NJ|PAS|11/14/2014|37|4DSD|ACURA|T|72720|26760|26790|01/01/88888888 12:00:00 PM|48|48|48|356985|T201|F|BX|F|1405|Walton Ave||01/05/0001 12:00:00 PM|408|h1||Y|RED||0|204-3008|0|48 2|37-Expired Muni Meter|||||||||||
7950697490|25X944|OK|PAS|12/23/2014|46|DELV|INTER|T|16310|0|0|01/01/20140088 12:00:00 PM|7|7|7|359578|T101|C|NY|I|N|Delancey St|10ft E/of Columbia S|01/01/20141223 12:00:00 PM|408|F1|||WHITE||0||0|28 1|46B-Double Parking (Com-100Ft)|||||||||||
1371360765|36913MA|NY|COM|09/15/2014|46|DELV|HINO|P|10510|34230|34250|01/01/20150630 12:00:00 PM|13|13|13|952479|0013|0000|NY|O|716|6TH AVE||01/05/0001 12:00:00 PM|408|E1||BBBBBBB|WHITE|0|2012|-|0|||||||||||||
8035700765|GKB7155|NY|PAS|06/09/2015|21|SUBN|CHRYS|T|89030|60730|57030|01/01/20160224 12:00:00 PM|90|90|90|355674|T301|G|K|F|188|Wallabout St||01/05/0001 12:00:00 PM|408|d1||Y  Y|BR||2015||0|14 3|21-No Parking (street clean)|||||||||||
7766334392|CJP1169|NY|PAS|09/05/2014|37|SUBN|NISSA|T|64790|18640|18790|01/01/20150325 12:00:00 PM|103|103|103|361042|T402|B|Q|F|94-14|Sutphin Blvd||01/05/0001 12:00:00 PM|408|h1||Y|BLACK||1998|403-3030|0|03 4|37-Expired Muni Meter|||||||||||
7744281500|EYB8055|NY|PAS|12/18/2014|21|SUBN|TOYOT|T|0|0|0|01/01/20160402 12:00:00 PM|52|52|52|361369|T201|H|BX|I|W|Bainbridge Ave|10ft S/of E 208th St|01/05/0001 12:00:00 PM|408|d1||Y  Y|GY||2010||0|55 2|21-No Parking (street clean)|||||||||||
8021902164|96313JE|NY|COM|04/07/2015|46|REFG|ISUZU|T|53830|29830|42730|01/01/20151231 12:00:00 PM|84|84|84|357114|T301|E|K|F|210|Joralemon St||01/01/20150407 12:00:00 PM|408|F1|||WH||2013||0|01 3|46B-Double Parking (Com-100Ft)|||||||||||
7579558312|60154JZ|NY|COM|09/11/2014|89|PICK|CHEVR|T|10610|34530|34550|01/01/20160331 12:00:00 PM|18|18|18|359588|T102|M|NY|F|533|7th Ave||01/05/0001 12:00:00 PM|408|l4||YYYYYYY|WH||2010||0|10 6|89-No Stand Exc Com Plate|||||||||||
7006621586|FFE3632|NY|PAS|08/12/2014|38|SUBN|TOYOT|T|47990|10240|10390|01/01/88888888 12:00:00 PM|108|108|108|355608|T401|J|Q|F|45-17|Greenpoint Ave||01/05/0001 12:00:00 PM|408|h1||Y|BROWN||2013||0|36 4|38-Failure to Display Muni Rec|||||||||||
7567693926|GSM7092|NY|PAS|07/14/2014|21|4DSD|HONDA|T|10540|10590|10790|01/01/20140818 12:00:00 PM|108|108|108|357710|T401|A|Q|O|48-11|47th St||01/05/0001 12:00:00 PM|408|d1||Y|BLACK||2014||0|38 4|21-No Parking (street clean)|||||||||||
8013576309|44189JW|NY|COM|01/21/2015|71|VAN|FORD|T|6740|8590|8690|01/01/20150131 12:00:00 PM|114|114|114|361287|T401|S|Q|F|35-34|21st St||01/05/0001 12:00:00 PM|408|j6||YYYYYYY|WH||2007||0|26 4|71A-Insp Sticker Expired (NYS)|||||||||||
8013576309|44189JW|NY|COM|01/21/2015|71|VAN|FORD|T|6740|8590|8690|01/01/20150131 12:00:00 PM|114|114|114|361287|T401|S|Q|F|35-34|21st St||01/05/0001 12:00:00 PM|408|j6||YYYYYYY|WH||2007||0|26 4|71A-Insp Sticker Expired (NYS)|||||||||||
7540622817|G98BVF|NJ|PAS|09/09/2014|37|SUBN|DODGE|T|44930|29230|87630|01/01/88888888 12:00:00 PM|90|90|90|358930|T301|H|K|F|45|Graham Ave||01/05/0001 12:00:00 PM|408|h1||Y|SILVE||0|328-3058|0|15 3|37-Expired Muni Meter|||||||||||
7468795666|33451MB|NY|COM|05/26/2015|21|VAN|FORD|T|23940|17040|17130|01/01/20161024 12:00:00 PM|107|107|107|361861|T402|G|Q|O|84-06|159th St||01/05/0001 12:00:00 PM|408|d1||Y|RED||2003||0|08 4|21-No Parking (street clean)|||||||||||
7665067440|JFS9782|PA|PAS|11/29/2014|38|2DSD|AUDI|T|10110|19190|19210|01/01/20150188 12:00:00 PM|19|19|19|355156|T103|A|NY|F|2170|2nd Ave||01/05/0001 12:00:00 PM|408|h1||Y|WHITE||0||0|A 77|38-Failure to Display Muni Rec|||||||||||
7236306897|18846MC|NY|COM|07/31/2014|14|DELV|NS/OT|T|18250|25390|27790|01/01/20150430 12:00:00 PM|19|19|19|345536|T503|B1|NY|F|41|E 63rd St||01/05/0001 12:00:00 PM|408|c||Y|WHITE||0||0|17 7|14-No Standing|||||||||||
7553907455|W73DRS|NJ|PAS|01/12/2015|21|4DSD|NISSA|T|45130|19530|18630|01/01/88888888 12:00:00 PM|90|90|90|345228|T301|A|K|F|147|Grand St||01/05/0001 12:00:00 PM|408|d1||Y  Y|TAN||0||0|14 3|21-No Parking (street clean)|||||||||||
7553907455|W73DRS|NJ|PAS|01/12/2015|21|4DSD|NISSA|T|45130|19530|18630|01/01/88888888 12:00:00 PM|90|90|90|345228|T301|A|K|F|147|Grand St||01/05/0001 12:00:00 PM|408|d1||Y  Y|TAN||0||0|14 3|21-No Parking (street clean)|||||||||||
7557194007|CME3770|NY|PAS|12/11/2014|71|SUBN|SUBAR|T|78230|19530|18630|01/01/20150604 12:00:00 PM|90|90|90|358649|T301|H|K|O|113|S 2nd St||01/05/0001 12:00:00 PM|408|j6||YYYYYYY|GY||2005||0|14 3|71A-Insp Sticker Expired (NYS)|||||||||||
7166745757|GEB3048|NY|PAS|08/25/2014|38|4DSD|HYUND|T|39800|40404|40404|01/01/20150114 12:00:00 PM|122|122|122|356557|T303|E|R|I||New Dorp Lane Munici||01/05/0001 12:00:00 PM|408|h1||Y|GY||2010||0|03-P|38-Failure to Display Muni Rec|||||||||||
8005280350|55065MB|NY|COM|11/24/2014|69|VAN|WORKH|T|34410|10410|13610|01/01/88888888 12:00:00 PM|14|14|14|359305|T102|M|NY|F|11|W 32nd St||01/05/0001 12:00:00 PM|408|h1||YYYYY|BROWN||2011||0|22 6|69-Failure to Disp Muni Recpt|||||||||||
7758777260|GLY1430|NY|PAS|01/03/2015|14|4DSD|TOYOT|T|18290|17740|17990|01/01/20160309 12:00:00 PM|102|102|102|356555|T803|A|Q|F|8719|91st Ave||01/05/0001 12:00:00 PM|408|c||YYYYYYY|GY||2003||0|I 42|14-No Standing|||||||||||
7758777260|GLY1430|NY|PAS|01/03/2015|14|4DSD|TOYOT|T|18290|17740|17990|01/01/20160309 12:00:00 PM|102|102|102|356555|T803|A|Q|F|8719|91st Ave||01/05/0001 12:00:00 PM|408|c||YYYYYYY|GY||2003||0|I 42|14-No Standing|||||||||||
7846676386|75455MC|NY|COM|07/28/2014|42|VAN|MITSU|T|10510|34810|34830|01/01/20151231 12:00:00 PM|18|18|18|355231|T102|H|NY|O|1301|6th Ave||01/05/0001 12:00:00 PM|408|h1||YYYYY|WH||2012|143-3313|0|99 6|42-Exp. Muni-Mtr (Com. Mtr. Z)|||||||||||
7576361815|EDT9406|NY|PAS|01/21/2015|71|4DSD|PORSC|T|77150|50020|78485|01/01/20151023 12:00:00 PM|43|43|43|361790|T202|E|BX|F|1354|White Plains Rd||01/05/0001 12:00:00 PM|408|j6||YYYYYYY|BLACK||2014||0|04A|71A-Insp Sticker Expired (NYS)|||||||||||
7576361815|EDT9406|NY|PAS|01/21/2015|71|4DSD|PORSC|T|77150|50020|78485|01/01/20151023 12:00:00 PM|43|43|43|361790|T202|E|BX|F|1354|White Plains Rd||01/05/0001 12:00:00 PM|408|j6||YYYYYYY|BLACK||2014||0|04A|71A-Insp Sticker Expired (NYS)|||||||||||
8035751074|GXM6310|NY|PAS|05/30/2015|37|4DSD|SUBAR|T|0|40404|40404|01/01/20170507 12:00:00 PM|84|84|84|361328|T301|H|K|F|340|Flatbush Ave Exten||01/01/20150530 12:00:00 PM|408|h1||Y|BK||2014|301-3673|0|06 3|37-Expired Muni Meter|||||||||||
7055049702|XU399F|NJ|PAS|05/09/2015|14|DELV|UD|T|10910|34750|34770|01/01/88880088 12:00:00 PM|17|17|17|356212|T106|A|NY|F|729|9th Ave||01/05/0001 12:00:00 PM|408|c||YYYYYYY|SILVE||0||0|99 6|14-No Standing|||||||||||
7715539594|62417JM|NY|COM|10/29/2014|20|VAN|INTER|T|10210|18670|18690|01/01/88888888 12:00:00 PM|19|19|19|358246|T103|N|NY|O|1505|3rd Ave||01/01/20141029 12:00:00 PM|408|d||YYYYYYY|BROWN||0||0|56 7|20-No Parking (Com Plate)|||||||||||
8017257454|GRD8338|NY|PAS|12/05/2014|21|SUBN|HONDA|T|57520|19540|19740|01/01/20160521 12:00:00 PM|110|110|110|341274|T401|L|Q|F|102-32|Nicolls Ave||01/05/0001 12:00:00 PM|408|d1||Y|GY||2006||0|O 41|21-No Parking (street clean)|||||||||||
7799971009|FPJ1465|NY|PAS|08/28/2014|38|SUBN|LEXUS|T|8320|55520|77150|01/01/20150811 12:00:00 PM|49|49|49|359283|T202|F|BX|F|677|Allerton Ave||01/05/0001 12:00:00 PM|408|h1||Y|LTG||2004||0|11P|38-Failure to Display Muni Rec|||||||||||
8024714814|GVJ6924|NY|PAS|05/12/2015|21|4DSD|NISSA|T|7740|7990|37290|01/01/20170104 12:00:00 PM|114|114|114|355697|T401|Q|Q|F|31-75|29th St||01/05/0001 12:00:00 PM|408|d1||Y  Y|GY||2014||0|31 4|21-No Parking (street clean)|||||||||||
8018677712|T653918C|NY|OMT|05/21/2015|21|4DSD|TOYOT|T|72320|26670|40520|01/01/20150731 12:00:00 PM|42|42|42|357371|T201|X|BX|F|1173|Vyse Ave||01/05/0001 12:00:00 PM|408|d1||Y  Y|WH||2014||0|Q 21|21-No Parking (street clean)|||||||||||
7578730459|GKZ9055|NY|PAS|11/21/2014|21|4DSD|ACURA|T|53920|55720|18520|01/01/20160101 12:00:00 PM|43|43|43|357732|T202|A|BX|O|2146|Newbold Ave||01/05/0001 12:00:00 PM|408|d1||Y  Y|WH||2002||0|12A|21-No Parking (street clean)|||||||||||
7793554656|81091MB|NY|COM|09/09/2014|37|SUBN|NS/OT|T|10110|18590|18610|01/01/20160104 12:00:00 PM|19|19|19|354125|T103|Q|NY|F|1546|2nd Ave||01/01/20140909 12:00:00 PM|408|h1||Y|GREEN||2003|126-4950|0|C 77|37-Expired Muni Meter|||||||||||
1375236910|GJS5597|NY|PAS|09/23/2014|38|SDN|HONDA|P|41930|0|0|01/01/20150807 12:00:00 PM|71|71|71|956215|0071|0000|K|F|840|FRANKLIN AV|E|01/05/0001 12:00:00 PM|408|I4||BBBBBBB|BK|0|2013|-|0|||||||||||||
7211165765|ETU5293|NY|PAS|11/04/2014|38|4DSD|LEXUS|T|6630|5430|5580|01/01/20150812 12:00:00 PM|78|78|78|361368|T302|O|K|O|205|15th St||01/05/0001 12:00:00 PM|408|h1||Y|BK||2012||0|56 3|38-Failure to Display Muni Rec|||||||||||
8018711094|EWT8528|NY|PAS|05/28/2015|37|SUBN|HONDA|T|29320|10020|73520|01/01/20160222 12:00:00 PM|52|52|52|361340|T201|L|BX|O|171|E Gun Hill Rd||01/05/0001 12:00:00 PM|408|h1||Y|GY||2013|207-3007|0|41 2|37-Expired Muni Meter|||||||||||
1367471345|GSE2596|NY|PAS|08/09/2014|71|SDN|TOYOT|P|27820|31390|31510|01/01/20160729 12:00:00 PM|101|101|101|946050|0101|0000|Q|F|54-09|ALMEDA AVE||01/05/0001 12:00:00 PM|408|F2||BBBBBBB|WH|0|2014|-|0|||||||||||||
7006635950|GMW4217|NY|PAS|04/02/2015|71|4DSD|ME/BE|T|57790|0|0|01/01/20160307 12:00:00 PM|114|114|114|347619|T401|F|Q|I|N|Northern Blvd|45ft E/of 38th St|01/05/0001 12:00:00 PM|408|j6||YYYYYYY|BLACK||2013||0|28 4|71A-Insp Sticker Expired (NYS)|||||||||||
7012261912|87628MC|NY|COM|12/19/2014|40|DELV|INTER|T|10010|0|0|01/01/20150228 12:00:00 PM|19|19|19|358669|T103|Q|NY|I|E|1st Ave|1ft S/of E 75th St|01/05/0001 12:00:00 PM|408|e2||YYYYYYY|RD||2013||0|17 7|40-Fire Hydrant|||||||||||
8007021619|DT50359|AL|PAS|12/19/2014|21|4DSD|ME/BE|T|90680|0|0|01/01/20151188 12:00:00 PM|62|62|62|351343|T302|A|K|I|E|W 4th St|5ft S/of Avenue P|01/05/0001 12:00:00 PM|408|d1||Y|BLACK||0||0|04 3|21-No Parking (street clean)|||||||||||
7988181105|DLM5398|NY|PAS|12/05/2014|21|4DSD|HONDA|T|90530|9830|14380|01/01/20151124 12:00:00 PM|61|61|61|332107|T302|M|K|F|1543|W 1st St||01/05/0001 12:00:00 PM|408|d1||Y|WH||1998||0|O 32|21-No Parking (street clean)|||||||||||
7985378662|AP580Z|NJ|PAS|11/18/2014|84|DELV|FRUEH|T|17790|0|0|01/01/88888888 12:00:00 PM|14|14|14|341966|T106|E|NY|I|N|E 40th St|10ft W/of Madison Av|01/05/0001 12:00:00 PM|408|k7|||WHITE||0||0|55 6|84-Platform lifts in low posit|||||||||||
7565529965|81651JN|NY|COM|07/23/2014|48|DELV|INTER|T|37370|21190|28890|01/01/20141130 12:00:00 PM|34|34|34|355180|T103|J|NY|F|815|W 181st St||01/05/0001 12:00:00 PM|408|e9|||WHITE||2004||0|21 7|48-Bike Lane|||||||||||
7969133666|FYK4168|NY|PAS|11/24/2014|38|4DSD|TOYOT|T|76950|72820|49020|01/01/20160320 12:00:00 PM|43|43|43|359283|T202|F|BX|O|1563|Westchester Ave||01/05/0001 12:00:00 PM|408|h1||Y|WH||2002||0|03P|38-Failure to Display Muni Rec|||||||||||
7715546963|AM871N|NJ|PAS|12/24/2014|14|DELV|INTER|T|34650|30550|10810|01/01/88888888 12:00:00 PM|18|18|18|345536|T503|B1|NY|F|234|W 44th St||01/05/0001 12:00:00 PM|408|c||YYYYYYY|GREEN||0||0|17 7|14-No Standing|||||||||||
7811447563|C88DJT|NJ|PAS|08/30/2014|20|4DSD|NISSA|T|35190|11710|44990|01/01/88888888 12:00:00 PM|20|20|20|355220|T103|M|NY|F|276|W 71st St||01/05/0001 12:00:00 PM|408|d||Y|BLACK||0||0|C 77|20A-No Parking (Non-COM)|||||||||||
7231151954|FZD9325|NY|PAS|05/12/2015|21|SUBN|NISSA|T|37030|74230|93830|01/01/20160423 12:00:00 PM|67|67|67|361851|T302|C|K|F|145|E 51st St||01/05/0001 12:00:00 PM|408|d1||Y  Y|GY||2004||0|35 3|21-No Parking (street clean)|||||||||||
7322602833|FZL8838|NY|PAS|04/21/2015|21|SEDN|NS/OT|T|19390|27790|24890|01/01/88888888 12:00:00 PM|25|25|25|352946|T103|L|NY|O|135|E 122nd St||01/05/0001 12:00:00 PM|408|d1||Y  Y|BLACK||2008||0|K 77|21-No Parking (street clean)|||||||||||
7253931865|HS8919|NJ|PAS|03/11/2015|38|4DSD|FORD|T|42490|8640|8740|01/01/88888888 12:00:00 PM|114|114|114|357323|T401|F|Q|F|35-04|Ditmars Blvd||01/05/0001 12:00:00 PM|408|h1||Y|SILVE||0||0|34 4|38-Failure to Display Muni Rec|||||||||||
7982623451|DTJ1619|NY|PAS|08/28/2014|38|SUBN|TOYOT|T|16110|33910|13310|01/01/20150821 12:00:00 PM|6|6|6|361083|T105|C|NY|O|37|Cornelia St||01/05/0001 12:00:00 PM|408|h1||Y|WHITE||2002||0|004|38-Failure to Display Muni Rec|||||||||||
7322394872|GFL2098|NY|PAS|12/16/2014|21|CONV|ME/BE|T|35470|14510|15710|01/01/20150407 12:00:00 PM|20|20|20|361091|T103|G|NY|F|68|W 85th St||01/05/0001 12:00:00 PM|408|d1||Y  Y|GY||2013||0|43 7|21-No Parking (street clean)|||||||||||
7487409983|EBF1693|NY|PAS|12/10/2014|38|SUBN|ACURA|T|29020|52120|21820|01/01/20160228 12:00:00 PM|52|52|52|361387|T201|D|BX|F|58|E Kingsbridge Rd||01/05/0001 12:00:00 PM|408|h1||Y|SILVE||2002||0|01 2|38-Failure to Display Muni Rec|||||||||||
8014364727|G75DWB|NJ|PAS|01/28/2015|40|4DSD|BUICK|T|36950|11710|13610|01/01/88888888 12:00:00 PM|33|33|33|358635|T103|M|NY|O|521|W 159th St||01/05/0001 12:00:00 PM|408|e2||YYYYYYY|GREY||0||0|J 77|40-Fire Hydrant|||||||||||
7831182380|91414MD|NY|COM|08/13/2014|69|VAN|INTER|T|25390|17610|17630|01/01/20150131 12:00:00 PM|14|14|14|345058|T102|C|NY|F|136|Madison Ave||01/05/0001 12:00:00 PM|408|h1||Y|WH||2014||0|22 6|69-Failure to Disp Muni Recpt|||||||||||
1366539345|FYB2774|NY|PAS|07/01/2014|31|SDN|HONDA|P|34430|10410|13610|01/01/20140521 12:00:00 PM|14|14|14|950681|0014|0000|NY|F|10|W 33 ST||01/05/0001 12:00:00 PM|408|I3||YYYYYBB|BLACK|0|2010|-|0|||||||||||||
7291434270|D12DKZ|NJ|PAS|07/14/2014|38|SUBN|SUBAR|T|17590|24890|10210|01/01/88888888 12:00:00 PM|13|13|13|361074|T102|M|NY|F|158|E 30th St||01/05/0001 12:00:00 PM|408|h1||Y|BLUE||0||0|MC 9|38-Failure to Display Muni Rec|||||||||||
7753938370|FMT2474|NY|PAS|08/29/2014|19|4DSD|TOYOT|T|51790|8190|57790|01/01/20151026 12:00:00 PM|115|115|115|356966|T401|P|Q|O|32-09|Junction Blvd||01/05/0001 12:00:00 PM|408|c3||YYYYYYY|GR||1994||0|14-A|19-No Stand (bus stop)|||||||||||
7999196228|HLN3387|PA|PAS|08/05/2014|21|4DSD|HONDA|T|18450|10410|25390|01/01/20150688 12:00:00 PM|19|19|19|356300|T103|G|NY|F|4|E 73rd St||01/05/0001 12:00:00 PM|408|d1||Y  Y|SILVE||0||0|16 7|21-No Parking (street clean)|||||||||||
8007539610|18580MG|NY|COM|02/12/2015|38|DELV|UD|T|13610|35470|35490|01/01/20151031 12:00:00 PM|20|20|20|354043|T103|G|NY|F|2350|Broadway||01/05/0001 12:00:00 PM|408|h1||Y|WH||2006||0|44 7|38-Failure to Display Muni Rec|||||||||||
7072228573|74380JF|NY|COM|07/08/2014|47|UTIL|FRUEH|T|34310|10410|13610|01/01/20140930 12:00:00 PM|13|13|13|355675|T102|C|NY|F|11|W 27th St||01/05/0001 12:00:00 PM|408|l2||Y|RD||2003||0|06 6|47-Double PKG-Midtown|||||||||||
8007812362|61508MC|NY|COM|11/28/2014|37|VAN|FORD|T|13610|34790|34810|01/01/20150131 12:00:00 PM|18|18|18|361040|T102|K|NY|O|1657|Broadway||01/05/0001 12:00:00 PM|408|h1||Y|WH||2002|143-3420|0|MC 9|37-Expired Muni Meter|||||||||||
1378109041|ETP8135|NY|PAS|11/10/2014|19|SDN|NISSA|P|35490|15710|11710|01/01/20150817 12:00:00 PM|24|24|137|940892|0137|0000|NY|F|165|W 86 ST||01/05/0001 12:00:00 PM|408|F1||BBBBBBB|WH|0|2014|-|0|||||||||||||
7215146558|FWF7853|NY|PAS|07/07/2014|38|4DSD|HONDA|T|37462|40404|40404|01/01/20150419 12:00:00 PM|63|63|63|359321|T302|O|K|F|6315|E 64th St||01/05/0001 12:00:00 PM|408|h1||Y|GREY||2007||0|35 3|38-Failure to Display Muni Rec|||||||||||
7719036463|24705MB|NY|COM|01/28/2015|37|REFG|MITSU|T|24890|18670|18690|01/01/20160131 12:00:00 PM|19|19|19|359325|T103|O|NY|F|1258|Lexington Ave||01/01/20150128 12:00:00 PM|408|h1||YYYYY|WHITE||2012|127-4746|0|03 7|37-Expired Muni Meter|||||||||||
7060593627|2119313|IN|PAS|03/09/2015|84|REFG|FRUEH|T|17450|0|0|01/01/88880088 12:00:00 PM|10|10|10|361286|T102|D|NY|I|N|E 23rd St|5ft E/of 2nd Ave|01/05/0001 12:00:00 PM|408|k7|||WHITE||0||0|99 6|84-Platform lifts in low posit|||||||||||
7904510741|FSR4824|PA|PAS|10/26/2014|14|SUBN|DODGE|T|34510|0|0|01/01/20150788 12:00:00 PM|10|10|10|343455|T501|C|NY|I|N|W 37th St|170ft E/of 11th Ave|01/05/0001 12:00:00 PM|408|c||YYYYYYY|GREY||0||0|MC 9|14-No Standing|||||||||||
7800337388|52732MC|NY|COM|11/21/2014|82|SUBN|JEEP|T|15990|6440|6590|01/01/20151031 12:00:00 PM|114|114|114|331777|T401|N|Q|F|19-60|76th St||01/05/0001 12:00:00 PM|408|k1|||BK||2014||0|I 41|82-Unaltered Commerc Vehicle|||||||||||
1368841090|T621450C|NY|SRF|11/20/2014|40|SUBN|CHEVR|P|8440|20190|20340|01/01/20150331 12:00:00 PM|115|115|170|938769|0170|0000|Q|F|108-03|34 AVE||01/05/0001 12:00:00 PM|408|E1||BBBBBBB|BK|0|2008|-|0|||||||||||||
7691548266|GTJ3754|NY|PAS|12/25/2014|71|4DSD|BMW|T|13830|35080|35130|01/01/20161029 12:00:00 PM|70|70|70|358937|T302|J|K|F|716|Avenue C||01/05/0001 12:00:00 PM|408|j6|||BL||1999||0|S 32|71-Insp. Sticker Missing (NYS|||||||||||
7094378518|FLL6751|NY|PAS|06/26/2014|21|4DSD|ACURA|T|34430|42030|58330|01/01/20150504 12:00:00 PM|94|94|94|349496|T301|A|K|F|97|Dupont St||01/05/0001 12:00:00 PM|408|d1||Y  Y|GREY||2011||0|18 3|21-No Parking (street clean)|||||||||||
7440791903|GVV2441|NY|PAS|02/06/2015|38|4DSD|HONDA|T|28990|14810|14890|01/01/20170106 12:00:00 PM|112|112|112|346158|T803|A|Q|F|7054|Austin St||01/05/0001 12:00:00 PM|408|h1||Y|BK||2015||0|E 42|38-Failure to Display Muni Rec|||||||||||
7887951800|AN922T|NJ|PAS|06/25/2015|84|DELV|PETER|T|17830|16320|24890|01/01/88888888 12:00:00 PM|17|17|17|355080|T102|A|NY|F|110|E 42nd St||01/05/0001 12:00:00 PM|408|k7|||WHITE||0||0|99 6|84-Platform lifts in low posit|||||||||||
1371485276|GEW9636|NY|PAS|08/09/2014|19|SUBN|DODGE|P|75970|73210|37830|01/01/20160325 12:00:00 PM|69|69|69|931168|0069|0000|K|O|9015|SEAVIEW AV||01/05/0001 12:00:00 PM|408|C3||BBBBBBB|BLUE|0|2006|-|0|||||||||||||
8023566775|GMW8673|NY|PAS|05/01/2015|21|SUBN|SUBAR|T|5880|5380|5530|01/01/20160314 12:00:00 PM|78|78|78|355151|T302|Q|K|F|300|8th Ave||01/05/0001 12:00:00 PM|408|d1||Y|GY||2014||0|C1 3|21-No Parking (street clean)|||||||||||
7737910621|JCL1966|PA|PAS|12/05/2014|21|4DSD|INFIN|T|59930|0|0|01/01/20141088 12:00:00 PM|94|94|94|331121|T301|D|K|I|S|Meeker Ave|30ft E/of Union Ave|01/05/0001 12:00:00 PM|408|d1||Y  Y|GREY||0||0|17 3|21-No Parking (street clean)|||||||||||
7295562072|GGF5637|NY|PAS|09/07/2014|71|4DSD|TOYOT|T|6630|5280|5430|01/01/20150808 12:00:00 PM|72|72|72|352979|T302|Q|K|O|134|15th St||01/05/0001 12:00:00 PM|408|j6||YYYYYYY|GY||1997||0|J 32|71A-Insp Sticker Expired (NYS)|||||||||||
8024851064|DWE1387|NY|PAS|03/11/2015|37|SUBN|BMW|T|0|40404|40404|01/01/20161024 12:00:00 PM|114|114|114|359327|T401|F|Q|I||Ditmars Lot #1||01/05/0001 12:00:00 PM|408|h1||Y|BK||2006|480-0007|0|35 4|37-Expired Muni Meter|||||||||||
7897987036|28665PC|NY|IRP|06/28/2014|19|DELV|FRUEH|T|34450|0|0|01/01/20150430 12:00:00 PM|14|14|14|355472|T106|I|NY|I|S|W 34th St|34ft W/of 8th Ave|01/05/0001 12:00:00 PM|408|c3||YYYYYYY|RED||2014||0|05 6|19-No Stand (bus stop)|||||||||||
7662244076|66111JW|NY|COM|03/25/2015|51|VAN|WORKH|T|29690|36030|36050|01/01/88888888 12:00:00 PM|26|26|26|355209|T103|A|NY|F|415|Riverside Dr||01/05/0001 12:00:00 PM|408|e3|||BROWN||2007||0|CC6|51-Sidewalk|||||||||||
7887930730|48549JW|NY|COM|01/07/2015|69|VAN|FORD|T|34310|13610|10510|01/01/20160630 12:00:00 PM|13|13|13|353435|T102|E|NY|F|55|W 27th St||01/05/0001 12:00:00 PM|408|h1||YYYYY|WH||2003||0|16 6|69-Failure to Disp Muni Recpt|||||||||||
7887930730|48549JW|NY|COM|01/07/2015|69|VAN|FORD|T|34310|13610|10510|01/01/20160630 12:00:00 PM|13|13|13|353435|T102|E|NY|F|55|W 27th St||01/05/0001 12:00:00 PM|408|h1||YYYYY|WH||2003||0|16 6|69-Failure to Disp Muni Recpt|||||||||||
7381691012|986ZGB|CT|PAS|02/26/2015|38|4DSD|CHEVR|T|42630|40404|40404|01/01/20150088 12:00:00 PM|68|68|68|332073|T302|L|K|O|9602|Ft Hamilton Pky||01/05/0001 12:00:00 PM|408|h1||Y|SILVE||0||0|E 32|38-Failure to Display Muni Rec|||||||||||
7029127857|B47ENR|NJ|PAS|06/16/2015|20|SUBN|JEEP|T|0|0|0|01/01/88888888 12:00:00 PM|61|61|61|359301|T302|N|K|I|N|Voorhies Ave|0ft E/of Shore Pky|01/05/0001 12:00:00 PM|408|d||YYYYYYY|RED||0||0|46 3|20A-No Parking (Non-COM)|||||||||||
8028903850|S81ATV|NJ|PAS|03/30/2015|74|SUBN|TOYOT|T|34190|10910|11010|01/01/88888888 12:00:00 PM|10|10|10|331220|T102|A|NY|F|461|W 21st St||01/05/0001 12:00:00 PM|408|j2|||BLACK||0||0|A 17|74A-Improperly Displayed Plate|||||||||||
7099490588|42808JZ|NY|COM|07/19/2014|17|UTIL|GMC|T|10340|40404|40404|01/01/88888888 12:00:00 PM|108|108|108|358891|T401|N|Q|O|46-30|46th Rd||01/05/0001 12:00:00 PM|408|c4||YYYYYYY|WHITE||2009||0|D 41|17-No Stand (exc auth veh)|||||||||||
7047383785|EXS3290|NY|PAS|05/27/2015|16|SUBN|LEXUS|T|16410|13460|25890|01/01/20160504 12:00:00 PM|5|5|5|361279|T101|F|NY|F|23|Division St||01/05/0001 12:00:00 PM|408|k2||YYYYY|GY||2010||0|74 1|16A-No Std (Com Veh) Non-COM|||||||||||
1372046290|ADD7203|NY|PAS|11/10/2014|46|SUBN|HONDA|P|0|0|0|01/01/20150418 12:00:00 PM|45|45|66|936095|0066|0000|K|F|3720|14TH AVE||01/05/0001 12:00:00 PM|408|F2||BBBBBBB|GY|0|2012|-|0|||||||||||||
7818597608|CPF6528|NY|PAS|02/15/2015|17|SUBN|NISSA|T|15350|24750|10510|01/01/20150730 12:00:00 PM|1|1|1|333251|T501|G|NY|O|253|Church St||01/05/0001 12:00:00 PM|408|c4||YYYYYYY|BK||2009||0|01 6|17-No Stand (exc auth veh)|||||||||||
7008624748|JSM5749|PA|PAS|11/26/2014|40|4DSD|VOLVO|T|9140|68290|11390|01/01/20140088 12:00:00 PM|108|108|108|354032|T401|N|Q|F|53-04|39th Ave||01/05/0001 12:00:00 PM|408|e2||YYYYYYY|BLUE||0||6|T 41|40-Fire Hydrant|||||||||||
7613059390|EEV1682|NY|PAS|12/06/2014|38|4DSD|HONDA|T|16740|8590|8790|01/01/20151101 12:00:00 PM|115|115|115|346391|T401|D|Q|O|35-59|81st St||01/05/0001 12:00:00 PM|408|h1||Y|SILVE||2008||0|20 4|38-Failure to Display Muni Rec|||||||||||
7163117346|ACT4918|NC|PAS|08/14/2014|20|SUBN|FORD|T|44010|49876|17450|01/01/20150588 12:00:00 PM|120|120|120|355668|T303|N|R|F|40|Prospect St||01/05/0001 12:00:00 PM|408|d||YYYYY|BLACK||0||0|D-PM|20A-No Parking (Non-COM)|||||||||||
7773113440|246ZSK|CT|PAS|05/17/2015|14|2DSD|HONDA|T|42820|71220|76790|01/01/20150088 12:00:00 PM|52|52|52|344775|T201|X|BX|O|3200|Jerome Ave||01/05/0001 12:00:00 PM|408|c||YYYYYYY|BLACK||0||0|01 2|14-No Standing|||||||||||
1381130574|GLS5435|NY|PAS|05/03/2015|14|SDN|NISSA|P|13980|36830|36880|01/01/20151113 12:00:00 PM|63|63|63|946815|0063|0000|K|F|4501|AVE H||01/05/0001 12:00:00 PM|408|F7||BBBBBBB|BK|0|2009|-|0|||||||||||||
7390770430|E64EAK|NJ|PAS|04/13/2015|37|SUBN|HONDA|T|37690|30490|32690|01/01/88888888 12:00:00 PM|34|34|34|356491|T103|K|NY|F|570|W 207th St||01/05/0001 12:00:00 PM|408|h1||Y|SILVE||0|123-8216|0|01 7|37-Expired Muni Meter|||||||||||
8001662895|BZA3074|NY|PAS|11/25/2014|16|4DSD|CHRYS|T|32900|15350|13610|01/01/20160912 12:00:00 PM|1|1|1|330551|T105|X|NY|F|39A|Walker St||01/05/0001 12:00:00 PM|408|k2||YYYYY|BK||2007||0|S 99|16A-No Std (Com Veh) Non-COM|||||||||||
7055345777|30684KA|NY|COM|07/03/2014|47|UTIL|ISUZU|T|10410|18150|14490|01/01/20151231 12:00:00 PM|18|18|18|353071|T106|C|NY|F|767|5th Ave||01/05/0001 12:00:00 PM|408|l2||Y|WH||2010||0|S6 9|47-Double PKG-Midtown|||||||||||
1377566353|FPE8144|NY|PAS|02/06/2015|71|SDN|HYUND|P|36030|10610|10810|01/01/20150321 12:00:00 PM|28|28|28|953329|0028|0000|NY|O|259|W 113 ST||01/05/0001 12:00:00 PM|408|J3||BBBBBBB|GRAY|0|1999|-|0|||||||||||||
7442734261|BHV8865|NY|PAS|07/02/2014|21|4DSD|NS/OT|T|51090|16590|45590|01/01/20160607 12:00:00 PM|102|102|102|358199|T402|J|Q|F|80-28|Jamaica Ave||01/05/0001 12:00:00 PM|408|d1||Y|RED||2003||0|18 4|21-No Parking (street clean)|||||||||||
8024556108|GXX9973|NY|PAS|06/21/2015|40|SUBN|ME/BE|T|5790|36940|9840|01/01/20170531 12:00:00 PM|108|108|108|361081|T401|N|Q|O|42-17|12th St||01/05/0001 12:00:00 PM|408|e2||YYYYYYY|BK||2015||5|E 41|40-Fire Hydrant|||||||||||
1377069310|FFD8782|NY|PAS|10/18/2014|70|SUBN|CHEVR|X|6190|26390|26440|01/01/20141018 12:00:00 PM|109|109|109|932677|0109|0000|Q|O|211-11|18 AVE||01/05/0001 12:00:00 PM|408|J6||BBBBBBB|WHITE|0|2013|-|0|||||||||||||
7335198197|EXP7988|NY|PAS|08/03/2014|20|4DSD|DODGE|T|18930|0|0|01/01/20160328 12:00:00 PM|23|23|23|347489|T103|B|NY|I|N|E 98th St|35ft W/of Park Ave|01/05/0001 12:00:00 PM|408|d||YYYYYYY|BK||2006||0|D 77|20A-No Parking (Non-COM)|||||||||||
7980693826|AN306T|NJ|PAS|06/22/2015|47|DELV|NS/OT|T|10210|0|0|01/01/88888888 12:00:00 PM|13|13|13|356559|T102|I|NY|I|E|3rd Ave|45ft S/of E 23rd St|01/05/0001 12:00:00 PM|408|l2||Y|WHITE||0||0|E 17|47-Double PKG-Midtown|||||||||||
7299969592|RSR547|MA|PAS|08/14/2014|46|SUBN|SUBAR|T|36390|10610|10810|01/01/20160788 12:00:00 PM|30|30|30|338843|T103|AA|NY|O|243|W 131st St||01/05/0001 12:00:00 PM|408|f1|||GREEN||0||0|CC4|46A-Double Parking (Non-COM)|||||||||||
7911129988|9AHPJ9|CT|PAS|08/01/2014|31|SUBN|JEEP|T|17810|0|0|01/01/88880088 12:00:00 PM|17|17|17|359565|T102|L|NY|I|S|E 41st St|75ft E/of 3rd Ave|01/05/0001 12:00:00 PM|408|l3||Y|LAVEN||0||0|MC 9|31-No Stand (Com. Mtr. Zone)|||||||||||
1373825571|GFM3768|NY|PAS|08/01/2014|46|SDN|BMW|P|77130|11330|11380|01/01/20150424 12:00:00 PM|68|68|68|936434|0068|0000|K|F|9514|SHORE RD||01/05/0001 12:00:00 PM|408|J6||BBBBBBB|BL|0|2013|-|0|||||||||||||
7887179804|DXD9387|NY|PAS|09/14/2014|16|4DSD|HONDA|T|34650|10910|11010|01/01/20150131 12:00:00 PM|14|14|14|355233|T106|J|NY|F|401|W 44th St||01/05/0001 12:00:00 PM|408|k2||YYYYYYY|WHITE||2002||0|03 6|16A-No Std (Com Veh) Non-COM|||||||||||
7053450260|75467MC|NY|COM|12/17/2014|47|VAN|MITSU|T|18150|10410|25390|01/01/20141231 12:00:00 PM|18|18|18|353143|T106|J|NY|F|14|E 58th St||01/05/0001 12:00:00 PM|408|l2||Y|WH||2012||0|99 6|47-Double PKG-Midtown|||||||||||
7059291301|66647KA|NY|COM|07/16/2014|20|VAN|FORD|T|34370|10810|10910|01/01/20160531 12:00:00 PM|10|10|10|356502|T102|H|NY|F|320|W 30th St||01/05/0001 12:00:00 PM|408|d||Y|WH||2008||0|99 6|20-No Parking (Com Plate)|||||||||||
7686364550|23046MD|NY|COM|05/15/2015|19|DELV|FRUEH|T|17870|24890|10210|01/01/20160430 12:00:00 PM|17|17|17|358623|T102|D|NY|F|166|E 44th St||01/05/0001 12:00:00 PM|408|c3||YYYYYYY|WH||2001||0|32 6|19-No Stand (bus stop)|||||||||||
7820799067|AF851U|NJ|PAS|11/17/2014|14|DELV|MACK|T|17930|0|0|01/01/88888888 12:00:00 PM|18|18|18|353131|T106|E|NY|I|S|E 47th St|35ft E/of 5th Ave|01/05/0001 12:00:00 PM|408|c||YYYYYYY|OTHER||0||0|05 6|14-No Standing|||||||||||
7929472590|62632JD|NY|COM|03/12/2015|46|DELV|INTER|T|11610|29890|31490|01/01/20150531 12:00:00 PM|7|7|7|361856|T101|E|NY|F|172|Allen St||01/01/20150312 12:00:00 PM|408|F1|||RED||1990||0|75 1|46B-Double Parking (Com-100Ft)|||||||||||
7779989239|P132083|IN|PAS|01/30/2015|66|TRLR|NS/OT|T|0|0|0|01/01/88880088 12:00:00 PM|40|40|40|361055|T201|X|BX|I|N|E 135th St|90ft W/of Canal Pl|01/05/0001 12:00:00 PM|408|k4|||GREY||0||0|S 21|66-Detached Trailer|||||||||||
7927555753|2RL397|OK|PAS|06/29/2015|40|VAN|FORD|T|35570|0|0|01/01/88880088 12:00:00 PM|24|24|24|362283|T103|Q|NY|I|N|W 90th St|12ft E/of Broadway|01/05/0001 12:00:00 PM|408|e2||YYYYYYY|WHITE||0||3|52 7|40-Fire Hydrant|||||||||||
7929999350|VAD73J|NJ|PAS|05/01/2015|37|SUBN|TOYOT|T|17110|10110|10010|01/01/88888888 12:00:00 PM|9|9|9|361812|T101|F|NY|F|345|E 6th St||01/05/0001 12:00:00 PM|408|h1||Y|SILVE||0|113-3053|0|70 1|37-Expired Muni Meter|||||||||||
8042811767|GJM7331|NY|OMS|06/23/2015|14|4DSD|HONDA|T|14890|54102|28990|01/01/20150930 12:00:00 PM|112|112|112|358124|T401|H|Q|F|106-16|71st Ave||01/05/0001 12:00:00 PM|408|c||YYYYY|RD||2014||0|57-A|14-No Standing|||||||||||
7359162294|AXW8175|GA|PAS|12/20/2014|38|4DSD|HONDA|T|29320|42820|24020|01/01/20140088 12:00:00 PM|52|52|52|361340|T201|O|BX|F|2|E Gun Hill Rd||01/05/0001 12:00:00 PM|408|h1||Y|GREY||0||0|06 2|38-Failure to Display Muni Rec|||||||||||
7909166874|5BNL532|CA|PAS|06/01/2015|21|VAN|VOLKS|T|17390|31710|12310|01/01/20150088 12:00:00 PM|13|13|13|356349|T102|E|NY|F|601|E 20th St||01/05/0001 12:00:00 PM|408|d1||Y  Y|RED||0||0|01 6|21-No Parking (street clean)|||||||||||
7546356799|21704MG|NY|COM|02/23/2015|38|DELV|KENWO|T|63030|89830|24730|01/01/20160131 12:00:00 PM|88|88|88|357758|T301|B|K|F|331A|Myrtle Ave||01/05/0001 12:00:00 PM|408|h1||Y|WHITE||2007||0|06 3|38-Failure to Display Muni Rec|||||||||||
7304393786|63398JM|NY|COM|07/14/2014|51|VAN|GMC|T|29690|35590|35610|01/01/88888888 12:00:00 PM|20|20|20|357716|T103|P|NY|F|194|Riverside Dr||01/05/0001 12:00:00 PM|408|e3|||BROWN||1988||0|52 7|51-Sidewalk|||||||||||
7098650717|T518319C|NY|OMT|06/20/2015|37|4DSD|LINCO|T|23140|0|0|01/01/20160331 12:00:00 PM|103|103|103|361113|T402|B|Q|I|W|148th St|30ft N/of Archer Ave|01/05/0001 12:00:00 PM|408|h1||Y|TN||2004|403-3023|0|10 4|37-Expired Muni Meter|||||||||||
1371162438|FPJ1829|NY|PAS|10/17/2014|67|SUBN|HONDA|X|27150|52120|21820|01/01/20150809 12:00:00 PM|46|46|46|948977|0046|0000|BX|F|114|E 183 ST||01/05/0001 12:00:00 PM|408|J6||BBBBBBB|BLK|0|1999|-|0|||||||||||||
7933595054|PGQ1276|OH|PAS|10/24/2014|38|SUBN|DODGE|T|17150|21730|25990|01/01/20140088 12:00:00 PM|9|9|9|361341|T101|D|NY|F|57|E 8th St||01/05/0001 12:00:00 PM|408|h1||Y|PURPL||0||0|65 1|38-Failure to Display Muni Rec|||||||||||
7940366609|FWF5011|NY|PAS|10/14/2014|71|4DSD|NISSA|T|33490|0|0|01/01/20160209 12:00:00 PM|5|5|5|355619|T101|C|NY|I|N|Water St|80ft E/of Catherine|01/05/0001 12:00:00 PM|408|j6||YYYYYYY|GY||1998||0|37 1|71A-Insp Sticker Expired (NYS)|||||||||||
7978661817|63443JM|NY|COM|08/29/2014|38|VAN|INTER|T|11710|35290|35310|01/01/88888888 12:00:00 PM|20|20|20|331794|T103|N|NY|O|351|Amsterdam Ave||01/05/0001 12:00:00 PM|408|h1||Y|BROWN||2001||0|45 7|38-Failure to Display Muni Rec|||||||||||
7826505057|2028689|IN|PAS|07/30/2014|84|DELV|FRUEH|T|11010|34930|11710|01/01/88880088 12:00:00 PM|18|18|18|346330|T502|J|NY|F|891|10th Ave||01/05/0001 12:00:00 PM|408|k7|||BLACK||0||0|C 17|84-Platform lifts in low posit|||||||||||
8017312052|GFD5936|NY|PAS|03/13/2015|70|SUBN|TOYOT|T|8590|0|0|01/01/20150308 12:00:00 PM|109|109|109|359318|T401|A|Q|I|S|35th Ave|50ft W/of Union St|01/05/0001 12:00:00 PM|408|j3||YYYYYYY|TN||2010||0|07-A|70A-Reg. Sticker Expired (NYS)|||||||||||
8025260781|EGM2924|NY|PAS|06/12/2015|20|4DSD|MITSU|T|5590|23380|23540|01/01/20160413 12:00:00 PM|109|109|109|361025|T401|N|Q|F|152-35|10th Ave||01/05/0001 12:00:00 PM|408|d||YYYYYYY|GY||2002||0|C 41|20A-No Parking (Non-COM)|||||||||||
7839978903|69195JZ|NY|COM|09/24/2014|42|DELV|MITSU|T|34690|10810|10910|01/01/20160731 12:00:00 PM|10|10|10|361049|T102|M|NY|F|328|W 46th St||01/05/0001 12:00:00 PM|408|h1||Y|RD||2010|144-2123|0|18 6|42-Exp. Muni-Mtr (Com. Mtr. Z)|||||||||||
7895959736|88920MB|NY|COM|08/31/2014|46|VAN|FRUEH|T|34930|0|0|01/01/20141130 12:00:00 PM|18|18|18|345275|T106|A|NY|I|S|W 58th St|90ft W/of 5th Ave|01/01/20140831 12:00:00 PM|408|F1|||BK||2010||0|99 6|46B-Double Parking (Com-100Ft)|||||||||||
1381851332|ERL6093|NY|PAS|05/09/2015|46|SUBN|MAZDA|P|6030|5780|5880|01/01/20170304 12:00:00 PM|78|78|78|951681|0078|0000|K|F|461|9TH ST||01/05/0001 12:00:00 PM|408|F1||BBBBBBB|GY|0|2007|-|0|||||||||||||
7044490499|54799JG|NY|COM|08/12/2014|18|VAN|FORD|T|10110|0|0|01/01/20151231 12:00:00 PM|17|17|17|353103|T106|X|NY|I|W|2nd Ave|15ft N/of E 51st St|01/05/0001 12:00:00 PM|408|f4||YYYYY|WH||0||0|99 6|18-No Stand (bus lane)|||||||||||
7564374019|GFW9912|NY|PAS|08/12/2014|20|SUBN|MAZDA|T|53500|44530|51330|01/01/20150321 12:00:00 PM|84|84|84|357368|T301|O|K|F|160|John St||01/05/0001 12:00:00 PM|408|d||YYYYYYY|GREY||2006||0|A 31|20A-No Parking (Non-COM)|||||||||||
7030989776|L30ETD|NJ|PAS|10/30/2014|19|4DSD|NISSA|T|40930|31830|19230|01/01/88888888 12:00:00 PM|78|78|78|343926|T802|B|K|F|231|Flatbush Ave||01/05/0001 12:00:00 PM|408|c3||YYYYYYY|BLACK||0||0|F 31|19-No Stand (bus stop)|||||||||||
1354183642|11452ME|NY|COM|06/23/2015|14|VAN|FORD|P|31530|84030|54000|01/01/20170630 12:00:00 PM|79|79|110|353078|T110|0000|K|F|455|DEKALB AVE||01/05/0001 12:00:00 PM|408|D1||YYYYYBB|WH|0|2008|-|0|||||||||||||
8027757988|GSA1140|NY|PAS|06/13/2015|71|4DSD|CHRYS|T|12110|17070|17090|01/01/20160910 12:00:00 PM|9|9|9|344767|T101|F|NY|F|70|Avenue A||01/05/0001 12:00:00 PM|408|j6|||WH||2015||0|59 1|71-Insp. Sticker Missing (NYS|||||||||||
7950691475|67764JR|NY|COM|11/10/2014|38|DELV|INTER|T|33890|0|0|01/01/20141231 12:00:00 PM|9|9|9|359578|T101|C|NY|I|N|W 3rd St|20ft E/of Mercer St|01/05/0001 12:00:00 PM|408|h1||Y|WHITE||2004||0|29 1|38-Failure to Display Muni Rec|||||||||||
7662640474|ACD3800|NY|PAS|03/12/2015|46|4DSD|NISSA|T|30490|23490|11010|01/01/20150404 12:00:00 PM|34|34|34|359294|T103|L|NY|F|264|Sherman Ave||01/05/0001 12:00:00 PM|408|f1|||BLACK||1997||0|H 77|46A-Double Parking (Non-COM)|||||||||||
7665049023|GHE7873|NY|PAS|09/15/2014|21|SUBN|GMC|T|19530|10410|25390|01/01/20150828 12:00:00 PM|25|25|25|355156|T103|A|NY|F|23|E 129th St||01/05/0001 12:00:00 PM|408|d1||Y  Y|GR||2004||0|CC2|21-No Parking (street clean)|||||||||||
8022926437|1JC665|MA|PAS|06/23/2015|21|4DSD|CHEVR|T|35630|14230|14280|01/01/20160588 12:00:00 PM|70|70|70|352956|T302|S|K|F|1323|E 18th St||01/05/0001 12:00:00 PM|408|d1||Y|GREEN||0||0|02 3|21-No Parking (street clean)|||||||||||
7001084840|DPK4617|NY|PAS|02/26/2015|38|SUBN|SUBAR|T|54580|11640|36400|01/01/20160417 12:00:00 PM|109|109|109|361798|T401|P|Q|O|56-34|Main St||01/05/0001 12:00:00 PM|408|h1||Y|GY||2011||0|02 4|38-Failure to Display Muni Rec|||||||||||
7992686664|GFK6412|NY|PAS|04/29/2015|71|SUBN|NISSA|T|35930|11710|13610|01/01/20170217 12:00:00 PM|24|24|24|358643|T103|M|NY|O|220|W 108th St||01/05/0001 12:00:00 PM|408|j6||YYYYYYY|GY||2013||0|CC1|71A-Insp Sticker Expired (NYS)|||||||||||
7208349824|610133|NY|PAS|07/09/2014|51|SUBN|CHEVR|T|28680|53220|55820|01/01/20160520 12:00:00 PM|47|47|47|350435|T202|O|BX|F|68|E 235th St||01/05/0001 12:00:00 PM|408|e3|||BK||2007||0|B 22|51-Sidewalk|||||||||||
7889171055|188WEU|CT|999|03/11/2015|31|SUBN|SUZUK|T|18010|10410|25390|01/01/88880088 12:00:00 PM|18|18|18|358944|T106|C|NY|F|7|E 51st St||01/05/0001 12:00:00 PM|408|l3||YYYYY|OTHER||0||0|10 6|31-No Stand (Com. Mtr. Zone)|||||||||||
7089578320|GVK7857|NY|PAS|03/04/2015|70|SUBN|BMW|T|0|0|0|01/01/88888888 12:00:00 PM|66|66|66|358240|T302|O|K|I|W|18th Ave|0ft N/of 46th St|01/05/0001 12:00:00 PM|408|j3|||BLUE||0||0|40 3|70-Reg. Sticker Missing (NYS)|||||||||||
7557956060|S364CA|NY|PAS|01/26/2015|38|SUBN|BMW|T|81430|40930|87330|01/01/20150515 12:00:00 PM|77|77|77|361316|T301|E|K|O|195|Sterling Pl||01/05/0001 12:00:00 PM|408|h1||Y|SILVE||2007||0|19 3|38-Failure to Display Muni Rec|||||||||||
7557956060|S364CA|NY|PAS|01/26/2015|38|SUBN|BMW|T|81430|40930|87330|01/01/20150515 12:00:00 PM|77|77|77|361316|T301|E|K|O|195|Sterling Pl||01/05/0001 12:00:00 PM|408|h1||Y|SILVE||2007||0|19 3|38-Failure to Display Muni Rec|||||||||||
8010600520|GKP1988|NY|PAS|07/28/2014|14|4DSD|BMW|T|37250|10495|12010|01/01/20150929 12:00:00 PM|33|33|33|352992|T103|M|NY|F|501|W 175th St||01/05/0001 12:00:00 PM|408|c||YYYYYYY|WH||2013||0|CCC|14-No Standing|||||||||||
7969135547|DRX2540|NY|PAS|01/26/2015|38|SUBN|TOYOT|T|16620|77150|22920|01/01/20160530 12:00:00 PM|47|47|47|361106|T202|E|BX|F|704|Burke Ave||01/05/0001 12:00:00 PM|408|h1||Y|GOLD||2006||0|11A|38-Failure to Display Muni Rec|||||||||||
7969135547|DRX2540|NY|PAS|01/26/2015|38|SUBN|TOYOT|T|16620|77150|22920|01/01/20160530 12:00:00 PM|47|47|47|361106|T202|E|BX|F|704|Burke Ave||01/05/0001 12:00:00 PM|408|h1||Y|GOLD||2006||0|11A|38-Failure to Display Muni Rec|||||||||||
7092099663|GSN3439|NY|PAS|04/30/2015|21|SUBN|MERCU|T|28790|7740|7940|01/01/20160715 12:00:00 PM|114|114|114|355272|T401|L|Q|F|29-15|Astoria Blvd||01/05/0001 12:00:00 PM|408|d1||Y|GY||2007||0|D 41|21-No Parking (street clean)|||||||||||
7094190815|AMC8458|NY|PAS|09/30/2014|20|SUBN|HONDA|T|20590|17390|51090|01/01/20150408 12:00:00 PM|102|102|102|361378|T402|C|Q|F|86-52|112th St||01/05/0001 12:00:00 PM|408|d||YYYYY|TN||2003||0|19 4|20A-No Parking (Non-COM)|||||||||||
7265948488|DEB6195|NY|PAS|11/21/2014|74|SUBN|HUMME|T|24290|10510|32685|01/01/20160507 12:00:00 PM|1|1|1|349538|T105|H|NY|F|15|King St||01/05/0001 12:00:00 PM|408|j2|||BK||2004||0|107|74-Missing Display Plate|||||||||||
8030852095|GVA9768|NY|PAS|05/26/2015|74|SUBN|ACURA|T|15710|35250|35270|01/01/20170511 12:00:00 PM|20|20|20|361037|T103|R|NY|F|313|Columbus Ave||01/05/0001 12:00:00 PM|408|j2|||BK||2014||0|37 7|74B-Covered Plate|||||||||||
7990337228|A634298|KS|PAS|09/17/2014|37|SUBN|CHRYS|T|11710|14210|35990|01/01/20141088 12:00:00 PM|26|26|26|361080|T103|O|NY|F|1020|Amsterdam Ave||01/01/20140917 12:00:00 PM|408|h1||Y|GREEN||0|138-9723|0|31 7|37-Expired Muni Meter|||||||||||
7739161421|GTR8180|NY|PAS|12/18/2014|21|2DSD|SMART|T|38530|24330|46030|01/01/20160930 12:00:00 PM|94|94|94|358630|T301|C|K|F|319|Eckford St||01/05/0001 12:00:00 PM|408|d1||Y  Y|GY||2015||0|17 3|21-No Parking (street clean)|||||||||||
7968288265|WBB45L|NJ|PAS|06/24/2015|14|SUBN|LINCO|T|25290|0|0|01/01/88888888 12:00:00 PM|32|32|32|330076|T103|AA|NY|I|E|Macombs Pl|20ft N/of W 153rd St|01/05/0001 12:00:00 PM|408|c||YYYYYYY|WHITE||0||0|CC2|14-No Standing|||||||||||
8011803694|EMK4073|NY|PAS|08/20/2014|21|SUBN|ROVER|T|10410|18930|22000|01/01/20141027 12:00:00 PM|23|23|23|347489|T103|B|NY|O|1184|5th Ave||01/05/0001 12:00:00 PM|408|d1||Y|BK||2011||0|CC1|21-No Parking (street clean)|||||||||||
7121122248|FFW3299|NY|PAS|11/18/2014|71|SUBN|ACURA|T|61090|0|0|01/01/20161102 12:00:00 PM|109|109|109|361266|T401|P|Q|I|S|Roosevelt Ave|25ft E/of Prince St|01/05/0001 12:00:00 PM|408|j6||YYYYYYY|RD||2014||0|04-A|71A-Insp Sticker Expired (NYS)|||||||||||
7888345608|84T5494|TX|PAS|07/11/2014|31|VAN|GMC|T|34350|13610|10510|01/01/20140888 12:00:00 PM|10|10|10|359574|T102|J|NY|F|52|W 29th St||01/05/0001 12:00:00 PM|408|l3||YYYYY|GREEN||0||0|17 6|31-No Stand (Com. Mtr. Zone)|||||||||||
7144108852|GPH9261|NY|PAS|02/12/2015|38|4DSD|HONDA|T|59990|9890|10090|01/01/20160411 12:00:00 PM|108|108|108|361875|T401|R|Q|F|43-15|Queens Blvd||01/05/0001 12:00:00 PM|408|h1||Y|WH||2014||0|37 4|38-Failure to Display Muni Rec|||||||||||
1374632776|T655967C|NY|SRF|10/27/2014|21|SDN|LINCO|S|43930|18950|47430|01/01/20150630 12:00:00 PM|90|90|0|527661|KN01|0000|K|F|27|GERRY ST||01/05/0001 12:00:00 PM|408|D1||YBBYBBB|BLACK|0|2005|-|0|||||||||||||
1371150187|FZB9094|NY|PAS|06/22/2014|70|SUBN|INFIN|P|72720|26250|26370|01/01/20140601 12:00:00 PM|44|44|163|922066|0163|0000|BX|F|735|WALTON AVE||01/05/0001 12:00:00 PM|408|F7||BBBBBBB|SLVR|0|2008|-|0|||||||||||||
7658102878|26897ME|NY|COM|07/07/2014|14|SUBN|DODGE|T|10110|18850|18870|01/01/20160310 12:00:00 PM|19|19|19|358659|T103|G|NY|F|1829|2nd Ave||01/05/0001 12:00:00 PM|408|c||YYYYY|WH||0||0|28 7|14-No Standing|||||||||||
7663451200|BXRK02|FL|PAS|05/16/2015|37|4DSD|SCION|T|8690|7940|8140|01/01/88880088 12:00:00 PM|114|114|114|358574|T401|X|Q|F|30-06|36th Ave||01/05/0001 12:00:00 PM|408|h1||Y|WHITE||0|423-3006|0|27 4|37-Expired Muni Meter|||||||||||
8006959262|T624605C|NY|OMT|08/14/2014|21|4DSD|TOYOT|T|31330|14380|73030|01/01/20140731 12:00:00 PM|62|62|62|356501|T302|O|K|O|1617|Dahill Rd||01/05/0001 12:00:00 PM|408|d1||Y|BK||2012||0|03 3|21-No Parking (street clean)|||||||||||
1377311818|GPP8080|99|PAS|03/08/2015|70|SUBN|MITSU|P|0|0|0|01/01/20150228 12:00:00 PM|49|49|49|952724|0049|0000|BX|||C/O ARNOW|MATTHEWS|01/05/0001 12:00:00 PM|408|F7||BBBBBBB|SILVE|0|2007|-|0|||||||||||||
1379072736|23120MG|NY|COM|03/07/2015|14|DELV|MJ/FY|P|65320|26130|9720|01/01/20161031 12:00:00 PM|41|41|41|934314|0041|0000|BX|F|560|SOUTHERN BLVD||01/05/0001 12:00:00 PM|408|C3||BBBBBBB|WHITE|0|1999|-|0|||||||||||||
7307948242|42866JM|NY|COM|03/05/2015|37|DELV|INFIN|T|23040|49690|17790|01/01/88888888 12:00:00 PM|103|103|103|356538|T402|R|Q|F|87-62|146th St||01/01/20150305 12:00:00 PM|408|h1||Y|BROWN||1997|408-1942|0|A 42|37-Expired Muni Meter|||||||||||
8015673574|GNV6650|NY|PAS|05/09/2015|16|SUBN|FORD|T|18630|10110|10010|01/01/20160228 12:00:00 PM|19|19|19|361343|T103|S|NY|F|300|E 82nd St||01/05/0001 12:00:00 PM|408|k2||Y|WHITE||2014||0|02 7|16A-No Std (Com Veh) Non-COM|||||||||||
7752342853|GBE2287|NY|PAS|05/05/2015|20|SUBN|TOYOT|T|64730|6180|8880|01/01/20160626 12:00:00 PM|66|66|66|361799|T302|G|K|F|4509|New Utrecht Ave||01/05/0001 12:00:00 PM|408|d||YYYYYYY|TN||2006||0|01 3|20A-No Parking (Non-COM)|||||||||||
8006835640|AYG8775|NY|PAS|01/02/2015|71|4DSD|NISSA|T|35610|14510|15710|01/01/20150705 12:00:00 PM|24|24|24|358194|T503|E1|NY|F|67|W 92nd St||01/05/0001 12:00:00 PM|408|j6||YYYYYYY|BK||2001||0|CC1|71A-Insp Sticker Expired (NYS)|||||||||||
8006835640|AYG8775|NY|PAS|01/02/2015|71|4DSD|NISSA|T|35610|14510|15710|01/01/20150705 12:00:00 PM|24|24|24|358194|T503|E1|NY|F|67|W 92nd St||01/05/0001 12:00:00 PM|408|j6||YYYYYYY|BK||2001||0|CC1|71A-Insp Sticker Expired (NYS)|||||||||||
8000931424|GTN7364|NY|PAS|03/06/2015|40|SUBN|HONDA|T|11710|35430|35450|01/01/20160831 12:00:00 PM|20|20|20|358150|T103|R|NY|F|488|Amsterdam Ave||01/05/0001 12:00:00 PM|408|e2||YYYYYYY|GY||2011||0|44 7|40-Fire Hydrant|||||||||||
8017762446|F47CPR|NJ|PAS|02/13/2015|46|SUBN|AUDI|T|56530|42900|51030|01/01/88888888 12:00:00 PM|84|84|84|358668|T301|H|K|F|204|Livingston St||01/05/0001 12:00:00 PM|408|f1|||BLUE||0||0|03 3|46A-Double Parking (Non-COM)|||||||||||
7241918721|FTF2865|NY|PAS|01/16/2015|14|4DSD|NISSA|T|53790|21140|53490|01/01/20150407 12:00:00 PM|106|106|106|347691|T402|A|Q|F|118-03|Liberty Ave||01/05/0001 12:00:00 PM|408|c||YYYYYYY|BL||1995||0|26 4|14-No Standing|||||||||||
7241918721|FTF2865|NY|PAS|01/16/2015|14|4DSD|NISSA|T|53790|21140|53490|01/01/20150407 12:00:00 PM|106|106|106|347691|T402|A|Q|F|118-03|Liberty Ave||01/05/0001 12:00:00 PM|408|c||YYYYYYY|BL||1995||0|26 4|14-No Standing|||||||||||
8002298925|GRZ9937|NY|PAS|04/01/2015|71|4DSD|NISSA|T|21790|64890|22090|01/01/20160223 12:00:00 PM|106|106|106|345475|T402|M|Q|F|130-38|128th St||01/05/0001 12:00:00 PM|408|j6||YYYYYYY|GR||2007||0|O 42|71A-Insp Sticker Expired (NYS)|||||||||||
7064176919|71280MD|NY|COM|01/09/2015|46|DELV|INTER|T|11010|34770|34790|01/01/20150731 12:00:00 PM|18|18|18|350424|T106|L|NY|F|734|10th Ave||01/05/0001 12:00:00 PM|408|F1|||OTHER||2014||0|99 6|46B-Double Parking (Com-100Ft)|||||||||||
7064176919|71280MD|NY|COM|01/09/2015|46|DELV|INTER|T|11010|34770|34790|01/01/20150731 12:00:00 PM|18|18|18|350424|T106|L|NY|F|734|10th Ave||01/05/0001 12:00:00 PM|408|F1|||OTHER||2014||0|99 6|46B-Double Parking (Com-100Ft)|||||||||||
7713997660|DYJ9977|NY|PAS|06/29/2015|50|SUBN|FORD|T|0|0|0|01/01/20170305 12:00:00 PM|66|66|66|358611|T302|N|K|I|N|New Utrecht Ave|0ft W/of 49th St|01/05/0001 12:00:00 PM|408|e5|||WHITE||2008||0|01 3|50-Crosswalk|||||||||||
7291923074|42745JZ|NY|COM|12/18/2014|38|VAN|UTIL|T|13610|14210|35990|01/01/88888888 12:00:00 PM|26|26|26|361900|T103|J|NY|F|2851|Broadway||01/05/0001 12:00:00 PM|408|h1||Y|WHITE||2009||0|41 7|38-Failure to Display Muni Rec|||||||||||
1379312267|GST1044|NY|PAS|02/14/2015|74|VAN|CHEVR|P|55330|37130|37180|01/01/20160904 12:00:00 PM|67|67|164|955301|0164|0000|K|F|856|LENOX RD||01/05/0001 12:00:00 PM|408|F7||BBBBBBB|WHITE|0|1997|-|0|||||||||||||
8006215510|GJY9922|NY|PAS|11/11/2014|71|4DSD|TOYOT|T|25130|40930|18950|01/01/20151016 12:00:00 PM|70|70|70|361374|T302|P|K|F|2149|Caton Ave||01/05/0001 12:00:00 PM|408|j6||YYYYYYY|BR||2001||0|08 3|71A-Insp Sticker Expired (NYS)|||||||||||
7610989060|TRC11|NY|COM|03/16/2015|42|VAN|CHEVR|T|34750|13610|10810|01/01/20160228 12:00:00 PM|18|18|18|355144|T106|A|NY|F|230|W 49th St||01/05/0001 12:00:00 PM|408|h1||Y|WH||2007|143-3802|0|G 17|42-Exp. Muni-Mtr (Com. Mtr. Z)|||||||||||
7002227452|XAUM87|NJ|PAS|09/06/2014|38|TR/C|FORD|T|59990|9790|9890|01/01/88880088 12:00:00 PM|108|108|108|356560|T401|G|Q|F|42-17|Queens Blvd||01/05/0001 12:00:00 PM|408|h1||Y|WHITE||0||0|36 4|38-Failure to Display Muni Rec|||||||||||
7002227452|XAUM87|NJ|PAS|09/06/2014|38|TR/C|FORD|T|59990|9790|9890|01/01/88880088 12:00:00 PM|108|108|108|356560|T401|G|Q|F|42-17|Queens Blvd||01/05/0001 12:00:00 PM|408|h1||Y|WHITE||0||0|36 4|38-Failure to Display Muni Rec|||||||||||
7134344770|GKP6099|NY|PAS|04/06/2015|38|4DSD|NISSA|T|73470|70930|18830|01/01/20160204 12:00:00 PM|73|73|73|357358|T301|B|K|F|451|Rockaway Ave||01/05/0001 12:00:00 PM|408|h1||Y|BK||2002||0|X 31|38-Failure to Display Muni Rec|||||||||||
7104778330|GRJ8550|NY|PAS|10/14/2014|46|4DSD|TOYOT|T|37460|14630|82480|01/01/20160625 12:00:00 PM|63|63|63|333042|T302|M|K|O|2114|E 63rd St||01/05/0001 12:00:00 PM|408|f1|||DKR||1986||0|T 32|46A-Double Parking (Non-COM)|||||||||||
8024520813|FZM1408|NY|PAS|03/30/2015|38|4DSD|CHEVR|T|68690|41490|41460|01/01/20161126 12:00:00 PM|112|112|112|354057|T401|H|Q|F|71-69|Yellowstone Blvd||01/05/0001 12:00:00 PM|408|h1||Y|BK||2011||0|A 41|38-Failure to Display Muni Rec|||||||||||
7627892790|U23EHW|NJ|PAS|09/06/2014|37|4DSD|TOYOT|T|32900|24390|14590|01/01/88888888 12:00:00 PM|5|5|5|361345|T105|E|NY|F|97|Walker St||01/01/20140906 12:00:00 PM|408|h1||Y|BLUE||0|111-4633|0|032|37-Expired Muni Meter|||||||||||
8024605788|GGZ3988|NY|PAS|01/22/2015|20|4DSD|SUBAR|T|10540|10440|10590|01/01/20150630 12:00:00 PM|108|108|108|351251|T401|L|Q|O|47-15|47th St||01/05/0001 12:00:00 PM|408|d||YYYYY|GREY||2013||0|S 41|20A-No Parking (Non-COM)|||||||||||
8024605788|GGZ3988|NY|PAS|01/22/2015|20|4DSD|SUBAR|T|10540|10440|10590|01/01/20150630 12:00:00 PM|108|108|108|351251|T401|L|Q|O|47-15|47th St||01/05/0001 12:00:00 PM|408|d||YYYYY|GREY||2013||0|S 41|20A-No Parking (Non-COM)|||||||||||
8013621443|GTC3018|NY|PAS|06/19/2015|21|SUBN|HONDA|T|7990|18390|18490|01/01/20161031 12:00:00 PM|115|115|115|358175|T401|M|Q|F|91-11|31st Ave||01/05/0001 12:00:00 PM|408|d1||Y|SILVE||2014||0|M 41|21-No Parking (street clean)|||||||||||
8041703914|GUR5549|NY|PAS|06/04/2015|40|SUBN|FORD|T|44990|35770|35790|01/01/20170112 12:00:00 PM|24|24|24|355567|T103|G|NY|R|838|West End Ave||01/05/0001 12:00:00 PM|408|e2||YYYYYYY|GR||1996||4|CC1|40-Fire Hydrant|||||||||||
7728312510|GST3621|NY|PAS|04/13/2015|46|SUBN|HONDA|T|44830|0|0|01/01/20160924 12:00:00 PM|73|73|73|356332|T301|M|K|I|E|Grafton St|25ft S/of Pitkin Ave|01/05/0001 12:00:00 PM|408|f1|||SILVE||1997||0|A 31|46A-Double Parking (Non-COM)|||||||||||
8006125521|EPH1959|NY|PAS|02/11/2015|37|4DSD|AUDI|T|8880|0|0|01/01/20150211 12:00:00 PM|66|66|66|357334|T302|A|K|I|N|46th St|10ft E/of New Utrech|01/05/0001 12:00:00 PM|408|h1||YYYYY|GY||2013|349-3053|0|01 3|37-Expired Muni Meter|||||||||||
7434322792|91445JV|NY|COM|08/20/2014|19|DELV|FRUEH|T|49690|24340|24390|01/01/88888888 12:00:00 PM|107|107|107|350882|T402|A|Q|F|166-07|Hillside Ave||01/05/0001 12:00:00 PM|408|c3||YYYYYYY|BROWN||2006||0|10 4|19-No Stand (bus stop)|||||||||||
7133863881|GFG2881|NY|PAS|07/08/2014|21|4DSD|ME/BE|T|13190|8790|9140|01/01/20150414 12:00:00 PM|108|108|108|354032|T401|M|Q|F|37-55|63rd St||01/05/0001 12:00:00 PM|408|d1||Y|BK||1997||0|U 41|21-No Parking (street clean)|||||||||||
7081807252|DMN1071|NY|PAS|05/15/2015|38|4DSD|HYUND|T|61520|32620|75120|01/01/20151211 12:00:00 PM|50|50|50|362210|T201|L|BX|F|3704|Riverdale Ave||01/05/0001 12:00:00 PM|408|h1||Y|WH||2013||0|30 2|38-Failure to Display Muni Rec|||||||||||
7061409575|10490MA|NY|COM|10/08/2014|47|VAN|INTER|T|10510|34370|34390|01/01/20160930 12:00:00 PM|14|14|14|359628|T102|K|NY|F|872|6th Ave||01/05/0001 12:00:00 PM|408|l2||Y|BL||2006||0|22 6|47-Double PKG-Midtown|||||||||||
7687075663|P316XN|NY|PAS|12/06/2014|21|4DSD|HYUND|T|7790|10090|10240|01/01/20141222 12:00:00 PM|114|114|114|333007|T401|O|Q|F|44-18|30th Ave||01/05/0001 12:00:00 PM|408|d1||Y|BLUE||2012||0|E 41|21-No Parking (street clean)|||||||||||
8011110550|FHN4516|NY|PAS|03/11/2015|38|4DSD|ME/BE|T|39595|6190|6440|01/01/20150617 12:00:00 PM|109|109|109|357331|T401|R|Q|F|18-02|College Point Blvd||01/05/0001 12:00:00 PM|408|h1||Y|BK||2009||0|08 4|38-Failure to Display Muni Rec|||||||||||
7921831230|19122ME|NY|COM|02/04/2015|46|VAN|ME/BE|T|13610|35250|35270|01/01/20160430 12:00:00 PM|20|20|20|351985|T502|J|NY|F|2121|Broadway||01/05/0001 12:00:00 PM|408|F1|||WHITE||2013||0|01 6|46B-Double Parking (Com-100Ft)|||||||||||
7993197405|GGA3607|NY|PAS|07/25/2014|14|2DSD|VOLKS|T|35370|0|0|01/01/20160112 12:00:00 PM|20|20|20|357701|T103|R|NY|I|S|W 80th St|1ft E/of Broadway|01/05/0001 12:00:00 PM|408|c||YYYYYYY|GY||2002||0|C 77|14-No Standing|||||||||||
1358768511|GMZ5306|NY|PAS|09/05/2014|71|SDN|DODGE|P|22920|7720|16620|01/01/20160309 12:00:00 PM|47|47|47|944202|0047|0000|BX|F|3032|CRUGER AVE||01/05/0001 12:00:00 PM|408|J6||BBBBBBB|BLACK|0|2007|-|0|||||||||||||
1358768511|GMZ5306|NY|PAS|09/05/2014|71|SDN|DODGE|P|22920|7720|16620|01/01/20160309 12:00:00 PM|47|47|47|944202|0047|0000|BX|F|3032|CRUGER AVE||01/05/0001 12:00:00 PM|408|J6||BBBBBBB|BLACK|0|2007|-|0|||||||||||||
1358768511|GMZ5306|NY|PAS|09/05/2014|71|SDN|DODGE|P|22920|7720|16620|01/01/20160309 12:00:00 PM|47|47|47|944202|0047|0000|BX|F|3032|CRUGER AVE||01/05/0001 12:00:00 PM|408|J6||BBBBBBB|BLACK|0|2007|-|0|||||||||||||
7183564319|GEK9759|NY|PAS|06/11/2015|21|SUBN|LINCO|T|33920|12550|56020|01/01/20170313 12:00:00 PM|50|50|50|362213|T201|A|BX|F|3479|Fort Independence St||01/05/0001 12:00:00 PM|408|d1||Y|BLACK||2003||0|04 2|21-No Parking (street clean)|||||||||||
7800774284|GRJ9098|NY|PAS|05/21/2015|21|CONV|TOYOT|T|0|0|0|01/01/20160716 12:00:00 PM|43|43|43|361898|T202|A|BX|I|W|Ward Ave|30ft N/of Watson Ave|01/05/0001 12:00:00 PM|408|d1||Y  Y|GY||2002||0|22P|21-No Parking (street clean)|||||||||||
7795957950|11391MB|NY|COM|10/30/2014|42|SUBN|MAZDA|T|34650|10510|13610|01/01/20150531 12:00:00 PM|14|14|14|355428|T106|I|NY|F|108|W 44th St||01/05/0001 12:00:00 PM|408|h1||YYYYY|BK||2011|143-3795|0|99 6|42-Exp. Muni-Mtr (Com. Mtr. Z)|||||||||||
8023517788|WILDLIFE|NY|SRF|02/25/2015|38|SUBN|BUICK|T|6680|8930|8980|01/01/20160616 12:00:00 PM|66|66|66|358888|T302|U|K|F|4712|16th Ave||01/05/0001 12:00:00 PM|408|h1||YYYY|WHITE||2011||0|01 3|38-Failure to Display Muni Rec|||||||||||
1374557584|ZEM1664|NY|PAS|10/28/2014|21|SUBN|DODGE|P|26130|52120|21520|01/01/20111122 12:00:00 PM|40|40|40|928437|0040|0000|BX|F|300|E 149 ST||01/05/0001 12:00:00 PM|408|F1||YYYYYYB|BROWN|0|2007|-|0|||||||||||||
1377624500|FXG1405|NY|PAS|12/11/2014|71|SUBN|JEEP|P|0|40404|40404|01/01/20160129 12:00:00 PM||0|24|930479|0024|0000||O|370|RIVERISDE DRIVE||01/05/0001 12:00:00 PM|408|F1||BBBBBBB|BLUE|0|0|-|0|||||||||||||
8013770783|OXZ6251|NJ|PAS|03/10/2015|1|BUS|NS/OT|T|34610|10810|10910|01/01/88888888 12:00:00 PM|18|18|18|361825|T102|M|NY|F|329|W 42nd St||01/05/0001 12:00:00 PM|408|C1|||WHITE||0||0|99 6|01-No Intercity Pmt Displ|||||||||||
7805788054|GNN6627|NY|PAS|05/16/2015|71|4DSD|NISSA|T|88830|76330|35630|01/01/20160323 12:00:00 PM|61|61|61|358842|T302|E|K|F|1711|Voorhies Ave||01/05/0001 12:00:00 PM|408|j6||YYYYYYY|GY||2001||0|15 3|71A-Insp Sticker Expired (NYS)|||||||||||
7001069656|12855JY|NY|COM|11/19/2014|38|VAN|GMC|T|8540|0|0|01/01/88888888 12:00:00 PM|114|114|114|357072|T401|C|Q|I|W|34th St|15ft N/of 31st Ave|01/05/0001 12:00:00 PM|408|h1||Y|WHITE||2007||0|28 4|38-Failure to Display Muni Rec|||||||||||
8018101103|XCDV20|NJ|PAS|12/10/2014|31|SUBN|SUZUK|T|18070|25390|27790|01/01/88880088 12:00:00 PM|14|14|14|333733|T106|H|NY|F|55|E 54th St||01/05/0001 12:00:00 PM|408|l3||YYYYY|BLACK||0||0|40 6|31-No Stand (Com. Mtr. Zone)|||||||||||
8028205410|11723MC|NY|COM|03/16/2015|47|VAN|ISUZU|T|34930|10510|10610|01/01/20160531 12:00:00 PM|18|18|18|345275|T106|A|NY|F|135|W 58th St||01/05/0001 12:00:00 PM|408|l2||Y|WH||2012||0|F 17|47-Double PKG-Midtown|||||||||||
1368695504|T668612C|NY|OMT|06/06/2015|45|SDN|TOYOT|P|0|40404|40404|01/01/20160131 12:00:00 PM|25|25|506|352203|T506|0000|NY|||RENDEL ISLAND||01/05/0001 12:00:00 PM|408|C||BBBBBBB|BK|0|2013|-|0|||||||||||||
7895995923|XBXZ56|NJ|PAS|02/07/2015|14|DELV|NS/OT|T|18150|27790|24890|01/01/20150488 12:00:00 PM|18|18|18|345275|T106|B|NY|F|110|E 58th St||01/05/0001 12:00:00 PM|408|c||YYYYYYY|WHITE||0||0|01 6|14-No Standing|||||||||||
7774273955|JPR0739|PA|PAS|01/08/2015|40|2DSD|HONDA|T|76950|26400|26460|01/01/20150888 12:00:00 PM|40|40|40|352973|T201|X|BX|F|832|Westchester Ave||01/05/0001 12:00:00 PM|408|e2||YYYYYYY|GREEN||0||0|50 2|40-Fire Hydrant|||||||||||
7774273955|JPR0739|PA|PAS|01/08/2015|40|2DSD|HONDA|T|76950|26400|26460|01/01/20150888 12:00:00 PM|40|40|40|352973|T201|X|BX|F|832|Westchester Ave||01/05/0001 12:00:00 PM|408|e2||YYYYYYY|GREEN||0||0|50 2|40-Fire Hydrant|||||||||||
7562329904|18422ME|NY|COM|09/02/2014|16|VAN|FORD|T|44890|0|0|01/01/20160228 12:00:00 PM|1|1|1|347684|T105|J|NY|I|W|W Broadway|60ft N/of Thomas St|01/01/20140902 12:00:00 PM|408|k2||YYYYY|BL||2013||0|128|16-No Std (Com Veh) Com Plate|||||||||||
7856363423|T662614C|NY|OMT|04/16/2015|20|4DSD|TOYOT|T|17510|0|0|01/01/20151130 12:00:00 PM|13|13|13|361380|T102|I|NY|I|N|E 26th St|120ft W/of Madison A|01/05/0001 12:00:00 PM|408|d||YYYYYYY|GY||2013||0|F 17|20A-No Parking (Non-COM)|||||||||||
1363519013|FZA4038|NY|PAS|10/19/2014|17|SDN|TOYOT|P|0|0|0|01/01/20160429 12:00:00 PM|18|18|420|918003|0420|0000|NY|O||SOUTH SIDE OF W.48|110FT WEST OF 6TH AV|01/05/0001 12:00:00 PM|408|C4||BBYBBBB|BK|0|2003|-|0|||||||||||||
7734643395|T632467C|NY|OMT|02/07/2015|71|4DSD|TOYOT|T|78330|73650|48030|01/01/20150630 12:00:00 PM|90|90|90|358601|T301|G|K|F|217|S 3rd St||01/05/0001 12:00:00 PM|408|j6||YYYYYYY|BLACK||2011||0|14 3|71A-Insp Sticker Expired (NYS)|||||||||||
8015682502|60266JY|NY|COM|06/16/2015|14|DELV|INTER|T|10010|18250|18270|01/01/20160228 12:00:00 PM|19|19|19|361343|T103|M|NY|F|1160|1st Ave||01/05/0001 12:00:00 PM|408|c||YYYYY|WH||2007||0|CCC|14-No Standing|||||||||||
7915742360|1958563|ME|PAS|06/13/2015|66|TRLR|NS/OT|T|34370|0|0|01/01/20160288 12:00:00 PM|10|10|10|345551|T501|C|NY|I|N|W 30th St|20ft E/of 12th Ave|01/05/0001 12:00:00 PM|408|k4|||WHITE||0||0|01 6|66-Detached Trailer|||||||||||
8046300172|EWN5608|NY|PAS|06/11/2015|21|4DSD|TOYOT|T|17170|10110|10010|01/01/20160113 12:00:00 PM|9|9|9|351280|T105|M|NY|F|335|E 9th St||01/05/0001 12:00:00 PM|408|d1||Y  Y|GY||2008||0|N 99|21-No Parking (street clean)|||||||||||
7045028465|8AHSX6|CT|PAS|07/22/2014|31|SUBN|JEEP|T|13810|16150|13610|01/01/20140088 12:00:00 PM|5|5|5|361044|T101|D|NY|F|435|Broome St||01/05/0001 12:00:00 PM|408|l3||YYYYY|BLACK||0||0|57 1|31-No Stand (Com. Mtr. Zone)|||||||||||
7397458105|EYA3659|NY|PAS|09/23/2014|21|SUBN|ISUZU|T|59520|13820|22320|01/01/20160401 12:00:00 PM|42|42|42|354050|T201|M|BX|F|1438|Prospect Ave||01/05/0001 12:00:00 PM|408|d1||Y  Y|WH||2002||0|G 21|21-No Parking (street clean)|||||||||||
1371318785|T429608C|NY|SRF|10/31/2014|31|SDN|LINCO|P|34730|10510|10610|01/01/20141130 12:00:00 PM||0|413|948473|0413|0000|NY|F|154|W 48TH ST||01/01/20141031 12:00:00 PM|408|I3||YYYYYBB|BK|0|2010|-|0|||||||||||||
7559905602|DRG4118|NY|PAS|12/16/2014|71|4DSD|TOYOT|T|55430|0|0|01/01/20160605 12:00:00 PM|90|90|90|341153|T301|D|K|I|E|Leonard St|100ft N/of Manhattan|01/05/0001 12:00:00 PM|408|j6||YYYYYYY|GY||2001||0|19 3|71A-Insp Sticker Expired (NYS)|||||||||||
7381022977|1AW4786|MD|PAS|08/27/2014|21|SUBN|TOYOT|T|22740|0|0|01/01/20160988 12:00:00 PM|107|107|107|355123|T402|A|Q|I|W|141st St|25ft S/of 79th Ave|01/05/0001 12:00:00 PM|408|d1||Y|GREEN||0||0|06 4|21-No Parking (street clean)|||||||||||
7620460573|JLM6347|PA|PAS|12/30/2014|40|4DSD|HYUND|T|48830|53830|81330|01/01/20140088 12:00:00 PM|84|84|84|331637|T730|X1|K|F|299|Henry St||01/05/0001 12:00:00 PM|408|e2||YYYYYYY|GREY||0||5|01 3|40-Fire Hydrant|||||||||||
7620460573|JLM6347|PA|PAS|12/30/2014|40|4DSD|HYUND|T|48830|53830|81330|01/01/20140088 12:00:00 PM|84|84|84|331637|T730|X1|K|F|299|Henry St||01/05/0001 12:00:00 PM|408|e2||YYYYYYY|GREY||0||5|01 3|40-Fire Hydrant|||||||||||
7505150315|GDM8644|NY|PAS|05/19/2015|71|SUBN|HONDA|T|79730|41330|69230|01/01/20170114 12:00:00 PM|79|79|79|357082|T301|O|K|F|48|Spencer St||01/05/0001 12:00:00 PM|408|j6||YYYYYYY|GY||2013||0|A 31|71A-Insp Sticker Expired (NYS)|||||||||||
7980229782|W201650C|NY|OMT|03/07/2015|46|SUBN|FORD|T|11710|35710|35730|01/01/20150331 12:00:00 PM|24|24|24|356184|T103|F|NY|F|762|Amsterdam Ave||01/05/0001 12:00:00 PM|408|f1|||BLACK||0||0|CC1|46A-Double Parking (Non-COM)|||||||||||
1384000598|22683MA|NY|COM|05/13/2015|46|DELV|MITSU|P|61890|46490|58390|01/01/20160630 12:00:00 PM|104|104|104|945140|0104|0000|Q|F|680|SENECA AVE||01/05/0001 12:00:00 PM|408|F1||BBBBBBB|WH|0|2010|-|0|||||||||||||
1372675024|20241JV|99|COM|08/18/2014|46|VAN|FORD|P|65490|40404|40404|01/01/20151231 12:00:00 PM|109|109|109|904614|0109|0000|Q|F|27.10|UNION STREET||01/05/0001 12:00:00 PM|408|F1||BBBBBBB|YELL|0|2006|-|0|||||||||||||
1379435730|FSW8153|NY|PAS|02/11/2015|21|SDN|FORD|S|0|40404|40404|01/01/20150217 12:00:00 PM|72|72|0|921836|KS07|0000|K|F|358|57RD ST||01/05/0001 12:00:00 PM|408|D1||BBYBBBB|BLACK|0|2015|-|0|||||||||||||
7795962671|62976JM|NY|COM|12/06/2014|14|DELV|INTER|T|34650|10610|30550|01/01/88888888 12:00:00 PM|14|14|14|355428|T106|I|NY|F|216|W 44th St||01/05/0001 12:00:00 PM|408|c||YYYYYYY|BROWN||1998||0|99 6|14-No Standing|||||||||||
8046007018|ELC5456|NY|PAS|06/15/2015|21|4DSD|BMW|T|36130|10610|31190|01/01/20160815 12:00:00 PM|28|28|28|346105|T103|B|NY|O|206|W 118th St||01/05/0001 12:00:00 PM|408|d1||Y  Y|GREY||2005||0|CCC|21-No Parking (street clean)|||||||||||
8026007633|50040MC|NY|COM|06/09/2015|40|VAN|CHEVR|T|14490|12540|46190|01/01/20160630 12:00:00 PM|104|104|104|357347|T401|I|Q|F|60-98|69th Ave||01/05/0001 12:00:00 PM|408|e2||YYYYYYY|WH||2012||0|66|40-Fire Hydrant|||||||||||
7115011096|DLZ5295|PA|PAS|12/17/2014|31|4DSD|TOYOT|T|34330|13610|10510|01/01/20150488 12:00:00 PM|13|13|13|330898|T108|G|NY|F|48|W 28th St||01/05/0001 12:00:00 PM|408|l3||Y|GREY||0||0|01 8|31-No Stand (Com. Mtr. Zone)|||||||||||
7009175263|GMA9476|NY|PAS|05/09/2015|38|4DSD|FORD|T|9140|35690|40200|01/01/20160106 12:00:00 PM|111|111|111|357070|T401|J|Q|F|213-47|39th Ave||01/05/0001 12:00:00 PM|408|h1||Y|BR||2005||0|43 4|38-Failure to Display Muni Rec|||||||||||
7829591027|44741JA|NY|COM|06/15/2015|69|VAN|GMC|T|34350|10610|10810|01/01/20150731 12:00:00 PM|13|13|13|352036|T102|E|NY|F|252|W 29th St||01/05/0001 12:00:00 PM|408|h1||YYYYY|WHITE||2005||0|CC1|69-Failure to Disp Muni Recpt|||||||||||
1377622915|GBP8250|NY|PAS|01/28/2015|83|SUBN|FORD|P|19010|10210|10110|01/01/20160930 12:00:00 PM|23|23|162|954305|0162|0000|NY|O|230|E 102 STREET||01/05/0001 12:00:00 PM|408|F7||BBBBBBB|WH|0|2006|-|0|||||||||||||
7335946074|2028688|IN|PAS|01/22/2015|14|DELV|FRUEH|T|25390|18230|18250|01/01/20150088 12:00:00 PM|19|19|19|361127|T103|S|NY|F|697|Madison Ave||01/05/0001 12:00:00 PM|408|c||YYYYYYY|OTHER||0||0|C 77|14-No Standing|||||||||||
7335946074|2028688|IN|PAS|01/22/2015|14|DELV|FRUEH|T|25390|18230|18250|01/01/20150088 12:00:00 PM|19|19|19|361127|T103|S|NY|F|697|Madison Ave||01/05/0001 12:00:00 PM|408|c||YYYYYYY|OTHER||0||0|C 77|14-No Standing|||||||||||
7345472231|79648JV|NY|COM|02/06/2015|14|VAN|FRUEH|T|17890|0|0|01/01/88888888 12:00:00 PM|17|17|17|330692|T503|B1|NY|I|N|E 45th St|100ft E/of Vanderbil|01/05/0001 12:00:00 PM|408|c||YYYYYYY|BROWN||0||0|07 7|14-No Standing|||||||||||
7988254406|69462MC|NY|COM|09/12/2014|40|DELV|DODGE|T|37290|16740|16890|01/01/20160630 12:00:00 PM|110|110|110|361310|T401|R|Q|F|81-04|Broadway||01/05/0001 12:00:00 PM|408|e2||YYYYYYY|YW||2006||6|12 4|40-Fire Hydrant|||||||||||
7908799978|87668MC|NY|COM|04/09/2015|31|SUBN|TOYOT|T|13610|34790|34810|01/01/20161130 12:00:00 PM|18|18|18|353131|T106|E|NY|F|1657|Broadway||01/05/0001 12:00:00 PM|408|l3||YYYYY|GY||2014||0|99 6|31-No Stand (Com. Mtr. Zone)|||||||||||
