0|gp:AOqpTOF3OmBhtn-mCpk-oJ7j6hzmh0XpEvBUHCQCdo5onX2I7tcG2b7FWk3PezzYF8xN1AmZisNWQxc08Lr2Ag|Christine S|https://lh3.googleusercontent.com/-u36sfNNLUw4/AAAAAAAAAAI/AAAAAAAAAAA/AMZuucl_w9Gc56MwHIQsjbAUn4FZSW8QeQ/photo.jpg|Navigation is a mess, the HUGE majority of training for listeners is optional and the app has limited functionality compared to browser version. The chat request function also seems buggy which is frustrating. Having said all that, there are honestly plenty of really amazing listeners available, if you persevere (all stars are for them!). There are brief self-help guides available on various topics - they can be hit and miss, and should be taken with a grain of salt, or simply as introductions.|4|4|4.6.9|2020-05-29 18:56:28|Hello Christine, Thank you for your feedback. We sincerely apologize for the troubles you've had with the app. We would be happy to take a look into this for you. Please contact us at Support@7cups.com. Thank you.|2020-05-30 05:36:53|most_relevant|com.sevencupsoftea.app
1|gp:AOqpTOHCVXrOnuM2hY_xSrHipqyzisumIQ4alXE4JmD-osVgEcGHN_hMWXBPjHG_73iQj6E_loPsmuRSQJ3_6w|Charan Reddy|https://lh3.googleusercontent.com/a-/AOh14GhWPUJ19cDsGeekENmegk3TgTgzgJi7EauUYDUmQaY|Like everyone complains, I agree that the UI is flawed. But I think that artistically represents the kind of people that reach and use the app. Users of this app come feeling flawed and broken inside but in fact they are much more beautiful when yu see through them with the right eye. Internally they are so strong than those other apps which look beautiful on the outside but are very very destructive on the inside. (instahamgram). Peace.|5|0|4.6.9|2020-06-04 19:11:31|Hello Charan, Thank you for your feedback. We sincerely apologize for the troubles you've had with the app. We would be happy to take a look into this for you. Please contact us at Support@7cups.com. Thank you.|2020-06-05 11:05:39|most_relevant|com.sevencupsoftea.app
2|gp:AOqpTOGJv_3jb41V7A5-V5m2jczofw7ZVnYTQvZ-tdLSc9rlJHhmYGX50S5cV-MIz6RHckTy1foSeqn7DAkAEg|ZigzagTundra|https://lh3.googleusercontent.com/a-/AOh14GhE23v7AyV2cB26LwekPchQwP8XjY02tbCx3fcWqQ|So far I really like the idea of this app! I'm just hoping you can fix a bug for me, when ever I am in a chat it physically won't allow me to scroll to see my previous messages! It keeps on lagging as if I'm scrolling with water on my finger x100. I have restarted the app multiple times and cleaned my screen yet nothing seems to work except a random stroke of luck.|2|4|4.6.9|2020-06-02 12:12:47|Hello Zigzag, We sincerely apologize for the troubles you've had with the app. We would be happy to take a look into this for you. Please contact us at Support@7cups.com. Thank you.|2020-06-03 05:54:36|most_relevant|com.sevencupsoftea.app
3|gp:AOqpTOG-3TcopbjGoa_kHJeJnbpw1YQtPsr6cHLyq6sK9wa__SnmPRZqHiGz6qs-xg06JQ_IE3s7yvFMi7IhFw|Castrated Walrus|https://lh3.googleusercontent.com/a-/AOh14Gib4wFWhln-QeVVGkuXQrW2YDZ4c8GGaTr2KStY_w|It's ok. Seriously though, FIX THE UI. It's very hard to navigate. 1 issue that I have is that you can't view your profile (well if you can I can't find the option!). If you make a post, then people respond to it but you accidentally delete the notification, how can you view it? There must be a place where you can review all your contributions to the community like Reddit. Go to profile, then you can view all posts and comments. Where is this feature?! The whole navigation is awkward.|4|4|4.6.9|2020-05-30 10:02:04|We sincerely apologize for the troubles you've had with the app. We would be happy to take a look into this for you. Please contact us at Support@7cups.com. Thank you.|2020-05-30 22:18:52|most_relevant|com.sevencupsoftea.app
4|gp:AOqpTOGDzUlb6P7gIRvFfNJgevsYMLEwDGwckbjaMo5Nkync1ziDBIntbe5V3PhX0K40zyFGgx4axCK8sSvbMw|Hello There|https://lh3.googleusercontent.com/a-/AOh14GhnE4XNZEVUPMstAqFdP9DAWJgjZ1OIW2mUUf57|Depends on what you are looking for. If you keep trying, you will find a good listener. Some listeners are angels who listen well. Others are perverts and trolls. The staff at 7 cups does sometimes block listeners and try their best to give good advice to them and tell them what to correct when they are given bad reviews. It is a good app given the circumstances|4|0|4.6.9|2020-06-06 07:36:27|Thank you so much for taking the time to submit a Review. We appreciate your feedback. -- 7 Cups Community Team|2020-06-06 08:59:29|most_relevant|com.sevencupsoftea.app
5|gp:AOqpTOHypzkWjBBMXwRMfDoF5Deeih31IUyWQCgZUH0aQOo9Hc32dEl-0cj37M9zrQqXT07JOJPFmcQ4-15qLA|Madison Farr|https://lh3.googleusercontent.com/-Pe4rqQIL2Jg/AAAAAAAAAAI/AAAAAAAAAAA/AMZuucm3ml795APswBCCJlQ5iHzBNDGYmQ/photo.jpg|I have been a listener on 7 cups for a little while now. I find it is an amazing platform to help others as well as share your own gift of listening. I would reccommend this to anyone to has an extra helping hand or to someone who just needs comfort in knowing others are there!|5|1|4.6.9|2020-06-01 03:33:06|Hello Madison, Thank you so much for your review. We are grateful to you for being an active listener and donating your time to help others on 7 Cups. We appreciate you.|2020-06-01 09:22:20|most_relevant|com.sevencupsoftea.app
6|gp:AOqpTOESlY-JCUkPPOLDb2a2poV1hhZghhWz85cJWeHtoCXQKTrzHKRO1biNySd8ru00pxYQRUSX29uWyed7Sw|Dunkey Indra|https://lh3.googleusercontent.com/a-/AOh14GgaQ8A4YTR8bKg--5UxKIY4yPfjvnstNnspLR7njQ|Please fix the notifications. I do not get notified of the messages if i don't have the app opened all the time. Also, i think a little change in the User interface may help in snappier exchange in messages. The concept is quite imaginative and helpful but please attend to these minor issue. Thank you.|3|1|4.6.9|2020-06-01 04:05:35|Hello Dunkey, We sincerely apologize for the troubles you've had with the app. We would be happy to take a look into this for you. Please contact us at Support@7cups.com. Thank you.|2020-06-01 09:22:45|most_relevant|com.sevencupsoftea.app
7|gp:AOqpTOFj3kifpWliLAGqHxBetGSlwz8sXjBEfzLKIGjYOfeONFkgOEEo38IqmGKTbFXJOHztFJBAaSl4pxRiAw|Sam Regalia|https://lh3.googleusercontent.com/a-/AOh14GjyvxvgBgdz2qJ42Xa2fTu5jtZRE_GhsFLFF7EqUQ|The app is very weird to navigate and isnt user friendly. It also is poorly designed in general, words are too small and the colors sometimes vibrate. This makes it hard to read. Overall this app just stressed me out which is the opposite of what it should do|1|14|4.6.9|2020-05-17 17:12:50|Hello Sam, We sincerely apologize for the troubles you've had with the app. We would be happy to take a look into this for you. Please contact us at Support@7cups.com. Thank you.|2020-05-19 09:07:53|most_relevant|com.sevencupsoftea.app
8|gp:AOqpTOF1v_ZO69h4-K41HWs1W28I85_l83qOeBg1Q3B2KjP6Ml0szaMa0ubU_0actsWP7S91zVYeUGYlcLODIA|Jennifer Bradshaw|https://lh3.googleusercontent.com/-N3Rzg66sNNk/AAAAAAAAAAI/AAAAAAAAAAA/AMZuucndbKwImo5DvnQAR3NHXB19TMbYRA/photo.jpg|I got to this from a Psychotherapy organisation and signed up for therapy. Therapist great but the platform is terrible. It censors what I say to the therapist. We have put in numerous complaints but it doesn't get fixed. The text box for messaging therapist is so small you can't properly review what you have written, messages go missing. Notifications have ceased. The web version is better than this app, but that isn't good. Don't get the app. The concept is good and they have great work sheet type resources. The support spaces seemed helpful but the strange aliases people made it alienating for me. non-therapy messaging systems are also clumsy. Can't message another member directly. The Listeners, unqualified volunteers, are variable in quality, and members have many horror stories. I had trouble finding a useful one in my time zone. May suit some people but there are better therapy platforms.|2|0|4.6.9|2020-06-05 21:24:48|Thank you so much for your feedback. We are sorry for your experience. We are working everyday to improve the current platform. We appreciate you for providing important feedback. Your feedback has been shared with our site managers. We would like to share a list of listeners that received over 100+ positive reviews here: https://goo.gl/UtRM6b|2020-06-06 08:58:55|most_relevant|com.sevencupsoftea.app
9|gp:AOqpTOGLt-BQIW3OJTGcD8Er-Zvt2JjguaUTcxwwI4-seV6cO17HOt8Eg-SL9TwYraxe0jlZcvsDzP9rEZRjgQ|Sk GL|https://lh3.googleusercontent.com/a-/AOh14Ggj6AQvf6m_6931uOPo28TBqJYI44EbFUPlpKTM3A|The app is trash, I'm sure the website is better but an app is more convenient. I put 5 stars because listeners there are amazing, and thanks for being free, I don't have money for professional help right now and this help a lot.|5|0|4.6.9|2020-06-02 01:49:37|Hello Sk GL, Thank you for your review. We sincerely apologize for the troubles you've had with the app. We would be happy to take a look into this for you. Please contact us at Support@7cups.com. Thank you.|2020-06-02 09:14:28|most_relevant|com.sevencupsoftea.app
10|gp:AOqpTOHO96U5q38b_5l3F4GxBU0p1rWtYnzpzdhOTdBQ0zAlytVPSA_ur7OhLkwHppTkg60qTFz2jTI32D7Ldg|Jallasain|https://lh3.googleusercontent.com/a-/AOh14GhpqFH_ZxDsKbM_msbuEYvOmTe_kHGDO530tQvC|I've been a listener on 7 cups for the past 2 years. I strive to help as many people as possible. If you want the best experience? Pick the kind of listener that can understand you. All in all 7 cups is great ðŸ˜Š|5|1|4.6.9|2020-05-29 18:11:01|Hello Jallasain, Thank you so much for your review. We are grateful to you for being an active listener and donating your time to help others on 7 Cups. We appreciate you.|2020-05-30 05:35:59|most_relevant|com.sevencupsoftea.app
11|gp:AOqpTOGlOj2D9bGpjUiEHLk3wT-dhra1FBclirT4a92evrJ2FWqddWCiWLwmQt1TZxMTHtmww79rD7d6FKrzVw|Kalie May|https://lh3.googleusercontent.com/a-/AOh14GiSbJBJZWcUJnWwNnyu8rgEX1SerlQKwIb-EJlkIA|It's an awesome app. The lady I spoke too was amazing to calm me down. There are a few bugs like noni (I believe that was her name) she's a cute idea but is having a few difficulties|4|0|4.6.9|2020-06-04 06:18:43|Hello Kalie, Thank you so much for taking the time to submit a Review. We appreciate your feedback. -- 7 Cups Community Team|2020-06-04 08:49:50|most_relevant|com.sevencupsoftea.app
12|gp:AOqpTOHA6DxNDD4dJNGkyKG3KuoS0H5Mucjw0NzQHD9NqZUpwxfwmU0cumPVjLHV_MbokdLaXC94Affq1YUrGg|Jennelle Henderson|https://lh3.googleusercontent.com/a-/AOh14Gitgttq35tG0rLhNSzkk-Rl7ye-yTTMfocFOg0e2A|Great concept. I enjoy being a listener on 7cups and the many guides and forums but don't use the app much, as the website is much easier to navigate.|4|0|4.6.9|2020-05-31 09:26:28|Hello Jennelle, Thank you so much for taking the time to submit a Review. We appreciate your feedback. -- 7 Cups Community Team|2020-06-01 09:19:26|most_relevant|com.sevencupsoftea.app
13|gp:AOqpTOHgizBIOWki7QFS_Fa8v6thFFSJ2Bm41mmCYKt6bKliKIHJjZYjjl4GuD8DXjUO-s9bZyp3OQ-U0nTgWA|Aleksander Thoresen|https://lh3.googleusercontent.com/-pYCsKo2QlyM/AAAAAAAAAAI/AAAAAAAAAAA/AMZuuclNdN6bPng9lwg9ZBZ5b9Nv7AghEw/photo.jpg|A wonderful way to relieve stress by talking to compassionate listeners. A piece of advice: If you don't find the right listener just keep trying. There are many of them.|5|1|4.6.9|2020-06-03 11:01:33|Hello Aleksander, Thank you so much for taking the time to submit a Review. We appreciate your feedback. -- 7 Cups Community Team|2020-06-04 08:50:46|most_relevant|com.sevencupsoftea.app
14|gp:AOqpTOGTFPvv_P4a1J_Nj0D6m_8jh2Cre_GkjppBzQjVsuDEO8A0YjNB2ma5yu-6-_10GxEMrqUFGfO6IKyiBA|Autumn Robinson|https://lh3.googleusercontent.com/a-/AOh14Gg7eOsYsoaeYyaznrgxwiIQPeJhPYjZ6mQ7d4tdSQ|My account was deactivated the day after I was charged. They stated I violated the terms and service for having sexual content. I was messaging my one on one person in regards to intimate time with my husband. I was not notified of the deactivation either. Do not recommend.|1|2|4.6.9|2020-05-21 22:09:41|Hello Autumn, thank you for your review. We are sorry for the experience you had. Please feel free to contact us directly at Community@7Cups.com so we can resolve this issue. Thank you|2020-05-22 13:08:33|most_relevant|com.sevencupsoftea.app
15|gp:AOqpTOEM7f08tCflpCcT5GmvLHNsrKvWaFUSNHotsm1kNUV60yhnTCqyc-xXVsApeOXwp9NiC7rmEqKFD9v5mQ|Kathleen Chan|https://lh3.googleusercontent.com/a-/AOh14GilLFeYWr1_pv6SeZx1b2aZMp1B_D37rPG7wlBBjw|I am trying to be a listener but both the website doesn't seem to be able to do that. Main thing is when I go into the app, it just says ERROR when I try to connect to someone..|1|3|4.6.9|2020-05-24 19:02:53|Hello Kathleen, We sincerely apologize for the troubles you've had with the app. We would be happy to take a look into this for you. Please contact us at Support@7cups.com. Thank you.|2020-05-25 07:10:39|most_relevant|com.sevencupsoftea.app
16|gp:AOqpTOGK-cPbZAgLEsY-jMTtUIqE2f98N2avoh4QowgOBpLk2fzKGnpcggL8ElzyO57r-Bpd3HKHfhTKH43adA|Renee M|https://lh3.googleusercontent.com/a-/AOh14GhmNafytxXJrb8rTwINdRvKNm6KtxLGEaXrKvdfnw|I agree with most ppl here. The interface isn't exactly user-friendly and when in chat, it doesn't allow me to scroll back up to reread past messages.|3|6|4.6.9|2020-05-21 08:18:14|Hello Renee, Thank you for your feedback. We sincerely apologize for the troubles you've had with the app. We would be happy to take a look into this for you. Please contact us at Support@7cups.com. Thank you.|2020-05-21 13:16:10|most_relevant|com.sevencupsoftea.app
17|gp:AOqpTOEI4YlzkIhsQHh9jZWaZDNQsVRtSmzCHfjXdaJnUuhQ3nTq8VHkwPk4JM5PkzbtIS1tw6dTcCL4LOMm4A|B|https://lh3.googleusercontent.com/a-/AOh14GjvDUhO3jDKgykb7nX14apzXCi1HWjziog7mhmSaw|I remember notifications used to work... How can an app get worse by time? It is a miracle that it is still functioning. I hope that they sincerely apologise to me too.|1|0|4.6.9|2020-06-04 16:58:52|Hello B, We would be happy to take a look into this for you. Please contact us at Support@7cups.com. Thank you.|2020-06-05 11:04:27|most_relevant|com.sevencupsoftea.app
18|gp:AOqpTOHAy0XncMci9BVf0eXkdHdpjmBbKgyqiafnNLLml5wZkiNHFgwnzGVc-mswZsUv5mH0mANVMh49hf3iCA|Lokie Doll|https://lh3.googleusercontent.com/a-/AOh14GiBROdxfAur0HcEMJnRcRfQ7WU6rhm5SSUnx84UCQ|"The ""Listeners"" are awful, the app is gljtchy and doesn't work well, and the bot repeats itself over and over. I can't believe I wasted my time."|1|3|4.6.9|2020-05-21 06:09:07|Thank you for your feedback. We are sorry for the experiences you've had. We encourage you to leave a review for the listeners you connected with. Every written review submitted is read by us and an action is taken. We would like to share with you a list of listeners that received over 100+ positive reviews from members here: https://goo.gl/UtRM6b|2020-05-21 13:16:26|most_relevant|com.sevencupsoftea.app
19|gp:AOqpTOHjiQD5bx30m3xds7B53frw5_lTYtp09k8V3xfGyHXHsxhLllHwl9qE4AVH1Q0Ehddd5YHvsQ6dWbhBvQ|Lalit Nebhani|https://lh3.googleusercontent.com/a-/AOh14GhOu9bDYG0btbFNVrsUpYrRlnaGtxavClKbyo1U|Thanks for your response. The response received from your side doesn't make any sense. The promise you made has no base. I got back to the app but again it is showing error whenever i try to get a listener. I've taken screenshots of the app which proves its uselessness.|1|3|4.6.9|2020-05-15 11:42:21|We sincerely apologize for the troubles you've had with the app. We would be happy to take a look into this for you. Please contact us at Support@7cups.com. Thank you.|2020-05-16 11:26:32|most_relevant|com.sevencupsoftea.app
20|gp:AOqpTOFueJyia1YB_29Ohh9hLZpNSwUc_L-skto_c4jj05AU3-wZBYuAfqTMRo67fm1azrNDgbEu9CeC-RL2og|Chantea' Roberts|https://lh3.googleusercontent.com/a-/AOh14GjVYWa-orizQzqXt0QzC2INa5EGnRDGvt5waXjL-g|I personally enjoy this app very much so whenever I have my good days or down days I just login speak to someone and I feel so much better afterwards. I definitely give 7 Cups five stars|5|3|4.6.9|2020-05-19 04:02:14|Hello Chantea', Thank you so much for taking the time to submit a Review. We appreciate your feedback. -- 7 Cups Community Team|2020-05-19 09:09:40|most_relevant|com.sevencupsoftea.app
21|gp:AOqpTOHiUeck__MpskQaY_CbGDcEvenVat9HouQkSfTU2tfKsdTy90GvVqjDmupzh9G7A3GXjDs9xtSMkMU70A|Muhammad Ahsan|https://lh3.googleusercontent.com/-hZEQKrMUAq8/AAAAAAAAAAI/AAAAAAAACLg/AMZuucmO1WHdShA8bo0CGtCKYD8CNtF8AQ/photo.jpg|It's a nice platform. The app doesn't send notifications when someone sends you a message. Would really appreciate if this feature can be added.|4|0|4.6.9|2020-06-05 10:45:26|Hello Muhammad, Thank you for your feedback. We sincerely apologize for the troubles you've had with the app. We would be happy to take a look into this for you. Please contact us at Support@7cups.com. Thank you.|2020-06-05 11:08:03|most_relevant|com.sevencupsoftea.app
22|gp:AOqpTOGL4OnfYl8L31vVvfOJyYJRRsWR3DTb5a2jJzD5zp6je0PUHuftUnNxvvOSRwX2khhA9QxY1JwEHHRwpw|AP 779|https://lh3.googleusercontent.com/-yXwid8C1YWo/AAAAAAAAAAI/AAAAAAAAAAA/AMZuucnp0Z6mMLpSgV_nd2ZAtcFj6UAu2w/photo.jpg|It's now impossible on this app to simply join a chatroom and talk to other people, it either takes you to forum posts unrelated to that or connects you to a bot that keeps telling you it's connecting you with someone (it's not) a 0/10 for this app|1|1|4.6.9|2020-05-31 13:02:41|We sincerely apologize for the troubles you've had with the app. We would be happy to take a look into this for you. Please contact us at Support@7cups.com. Thank you.|2020-06-01 09:20:45|most_relevant|com.sevencupsoftea.app
23|gp:AOqpTOF2hXGuN5k-qMr9oqu_9eC4BEeEn9AUXDNj9hoCf3cvAm-Pn_nGPHx2SUMxI8-F4mi5SV5lfSyGzvccqw|Ally Swift|https://lh3.googleusercontent.com/-FacOvmN9q8g/AAAAAAAAAAI/AAAAAAAAAAA/AMZuuckvNKAsoem_-HI8XPJLBxkIXd1Vvg/photo.jpg|Honestly my favorite site to ever exist. I dont know how many people feel secure and loved because of these amazing listeners..|5|0|4.6.9|2020-06-04 22:28:57|Hello Ally, Thank you so much for taking the time to submit a Review. We appreciate your feedback. -- 7 Cups Community Team|2020-06-05 11:06:27|most_relevant|com.sevencupsoftea.app
24|gp:AOqpTOFQQgarsSWw4TPpwWEo4Sn0CQ3IywV7JPMoSvyc8QJgPSvww8KWQKedgrmJb6E3D13B5H9AIcaPNU0CQQ|apoorv sharma|https://lh3.googleusercontent.com/a-/AOh14GhP4TdcKlgHPdzn4IXrNnSNcVjPHYOidZv3xb4nsA|Worst app...they are making an anxious depressed human fool...i wanted to sign up there was no sign up button...idiot super slow app...deserves less than 1 star|1|0|4.6.9|2020-05-27 06:03:19|Hello apoorv, We sincerely apologize for the troubles you've had with the app. We would be happy to take a look into this for you. Please contact us at Support@7cups.com. Thank you.|2020-05-28 03:12:23|most_relevant|com.sevencupsoftea.app
25|gp:AOqpTOFS49GuFIP91XNBeaeEIhQzGa69DUfCsr4B2q4GUKCd0FGJ7P8j1lExnXlWaDKO-ERrrsz6RsUmpw-l-g|Koustubh Sahu|https://lh3.googleusercontent.com/a-/AOh14GhOIREFnVbezz0_MwJfEHcpPtqOgFDkK8FVIJA92g|Awesome platform to get your thoughts out, infront of strangers.|5|0|4.6.9|2020-05-21 18:03:46|Hello Koustubh, Thank you so much for taking the time to submit a Review. We appreciate your feedback. -- 7 Cups Community Team|2020-05-22 13:13:02|most_relevant|com.sevencupsoftea.app
26|gp:AOqpTOFzjq4MJDFZ2b-miqx-HRi5WMPfjitqRFdWjVEUgvrMJvQUx1S1AWta1e1ZNCOuVwstc0AJblGXAAUG2A|Amberlie Lane|https://lh3.googleusercontent.com/a-/AOh14Gh-VP5YRZQ0qmCtxbvH1WIyzIGvhCNbALG9JM-0kg|Sometimes all you need to help process your emotions is someone to listen and ask the right questions. This app is perfect for that. Thank you to all the volunteers who help make the world a better place!!|5|0|4.6.9|2020-05-20 18:08:14|Hello Amberlie, Thank you so much for taking the time to submit a Review. We appreciate your feedback. -- 7 Cups Community Team|2020-05-21 13:16:51|most_relevant|com.sevencupsoftea.app
27|gp:AOqpTOH-lwJTSPWbHLjaCNKrK22r_-yedggZ2tBoeJQ9m8lAxqxBboIlKGzmduPzBMmB54GBHXF5hILntAjnfQ|El Van Houten|https://lh3.googleusercontent.com/a-/AOh14Gi_8BCC0twLY1Sez_j2zlxrL9yqf88Z3Gdfoh4-Xw|100% recommend. It is so helpful and I really benefited from it|5|1|4.6.9|2020-05-29 19:40:52|Hello El Van Houten, Thank you so much for taking the time to submit a Review. We appreciate your feedback. -- 7 Cups Community Team|2020-05-30 05:37:07|most_relevant|com.sevencupsoftea.app
28|gp:AOqpTOECuEeXF0NzEtepPO7bMv-kecQiB8emk2gqpHrx5AIEGIk0EKJAGU-kwz6ModWXSsO9w2VtgFRFQbwkbQ|Ahmad Darweesh|https://lh3.googleusercontent.com/a-/AOh14GiR3xkoihXwXlvONJbLdMLiF8Phan3heu8qHbEuOA|I have a problem with receiving messages notifications on your app. Can you help me with that?|3|0|4.6.9|2020-05-21 13:32:31|Hello Ahmad, We sincerely apologize for the troubles you've had with the app. We would be happy to take a look into this for you. Please contact us at Support@7cups.com. Thank you.|2020-05-22 13:18:38|most_relevant|com.sevencupsoftea.app
29|gp:AOqpTOGbLyNz0vMMXufqM8K-ayzAFgu5S3LBJoO6YyzD0V1AuOdIKuTl7DWkANrBcTNTCbMvKhT780JKHdVgMA|Anna KierbedÅº|https://lh3.googleusercontent.com/-TK765MgXdlY/AAAAAAAAAAI/AAAAAAAAAAA/AMZuuckVwoUs8TkK8sWAbrb2rp7Ix9pa2g/photo.jpg|I love the app. I have found a really warm community of people who wanted to listen without judging and helped me a lot. Some listeners are not very skilled, but they all have very good intentions, and with some effort in browsing it was possible to find several perfect matches for me. And the growth path is great, I am learning to care for my mental health day by day.|4|0|4.6.8|2020-05-30 07:27:49|Hello Anna, Thank you so much for taking the time to submit a Review. We appreciate your feedback. -- 7 Cups Community Team|2020-05-30 22:17:17|most_relevant|com.sevencupsoftea.app
30|gp:AOqpTOG4DuAe37f4cAyqcDFXCa-7uj2uR-2CbOc-dYXEKt3fkpq_4bzb2Lwq2TrFIxlWbUfsq-lDHNud_1-kRQ|Jamie WYET ZOKENIE|https://lh3.googleusercontent.com/a-/AOh14GgQAGO4e9QwdN5PWwwiB5qBaYOoIqkTPydVeC-iDw|So cheap and idk what the previous reviews are about but this works amazing for me|5|0|4.6.9|2020-05-18 14:13:20|Hello Jamie, Thank you so much for taking the time to submit a Review. We appreciate your feedback. -- 7 Cups Community Team|2020-05-19 09:08:44|most_relevant|com.sevencupsoftea.app
31|gp:AOqpTOHpv3LOGZalsuI3TWi0iUH3VJffP8GOLdbckf_-skpFDnqR1VGhmafQCXtHcvYOlF5zTC1-ls95sIOQ6Q|Pri S|https://lh3.googleusercontent.com/a-/AOh14Ggh-hoFyPqRKruhmmZIT23YvtSdqZJEd0n7wf6KFg|A good platform to help and be helped.|5|1|4.6.9|2020-05-22 11:37:55|Hello Pri, Thank you so much for taking the time to submit a Review. We appreciate your feedback. -- 7 Cups Community Team|2020-05-22 13:05:30|most_relevant|com.sevencupsoftea.app
32|gp:AOqpTOF6xKC12PbtUVh5sWkG2cj6Y5I-9KEkzW4JsIIUPm5EMFSFNGK9pdbM3IQv-IDCv4dOeZXc6aas6E6eQQ|Dee Cee|https://lh3.googleusercontent.com/a-/AOh14GiBgPQa0sH00RTZeQ_wJMLFi2znq-Wk677Ccj6WZA|"The app is super glitchy, you cant even answer half the questions before it glitches and makes you respond to a brand new question thus messing up the bot. Why have a bot say ""Got it."" When it does not understand my request for a real person to answer questions about the product offered??? It is really frustrating when you are exploring options on counselling and all you get is a bot spamming you to put in your CC info... disappointed, the only reason why it gets a 2 star is the concept...."|2|4|4.6.8|2020-05-12 15:32:25|Helo Dee Cee, We sincerely apologize for the troubles you've had with the app. We would be happy to take a look into this for you. Please contact us at Support@7cups.com. Thank you.|2020-05-13 11:00:05|most_relevant|com.sevencupsoftea.app
33|gp:AOqpTOHFLjJZrL4XloXEkwGjQqrALFETwsE1_XD71m3QOLzYfQL_7G4g_NqWEaZ9A_FFkO5ynnPW-ujYfVO3BQ|Eslam Elgendy|https://lh3.googleusercontent.com/a-/AOh14GhOVbTaqucSyPEUQLIMi_6vuc2ekuMLAvEmQXNQKw|The site is good but the app has a lot of problems like the app haven't been able to send me any notifications at all for 4 months now i have to open the app to see if someone texts which is very bad because it taks me a long time to respond and i don't know what's wrong and also the app doesn't work well with other languages in chat like Arabic but mainly that notifications thing is what's bothering me the most|4|0|4.6.8|2020-05-14 02:22:24|Hello Eslam, Thank you for your feedback. We sincerely apologize for the troubles you've had with the app. We would be happy to take a look into this for you. Please contact us at Support@7cups.com. Thank you.|2020-05-14 11:25:06|most_relevant|com.sevencupsoftea.app
34|gp:AOqpTOHouubDjmWrRYmQ-c1jAteLtqD8PMr0CpK4NIkoj1yYZuNn976zhI5nLp2iXifSKpFlEGLhRt0gQlB-3g|Erin Maas|https://lh3.googleusercontent.com/-ien1zOLbniw/AAAAAAAAAAI/AAAAAAAAAAA/AMZuucmrMO4S28h_ffjWMQa4LcWVVO0jmw/photo.jpg|This is a wonderful app for people who need to just talk. By no means is it a therapy app, nor is it meant to be, but I have had good experiences both as someone who used it to talk and as someone who is a Listener. I think the Listener process could be better vetted but there are some wonderful Listeners out there who are more than willing to help as much as they can.|5|6|4.6.8|2020-05-05 23:08:50|Hello Erin, Thank you so much for taking the time to submit a Review. We appreciate your feedback. -- 7 Cups Community Team|2020-05-06 09:25:38|most_relevant|com.sevencupsoftea.app
35|gp:AOqpTOFF-Qy5ce4Op5AwY20u43t3e4BmprPlhlI0lpYDPtGK1XfbJabCrBZyLEoM-tnpYQEt1qVebw1yb_GoJw|Belle Evangeline|https://lh3.googleusercontent.com/a-/AOh14Gi8j8frGaNIHLoDQebBp8P50fAMJE9KajXDE2upCA|I have had to restart this app so many times. Buttons don't work, conversations don't delete. There was even a moment I needed to type but the typing option was completely blocked out. Not a very mobile friendly app at all. Some serious tech work is needed here as it is a good resource for those who don't always want to fork out so much money for help all the time|2|10|4.6.8|2020-05-07 16:32:58|Hello Belle, We sincerely apologize for the troubles you've had with the app. We would be happy to take a look into this for you. Please contact us at Support@7cups.com. Thank you.|2020-05-08 04:56:47|most_relevant|com.sevencupsoftea.app
36|gp:AOqpTOGDDQCKOZ9DLfiL1AGE6NWmA5eQvDjLPJXsCSNaMsawhsOZL0Tr9jAqT5pJJK71cRbt02zueHZTrmOPig|Queen Naki|https://lh3.googleusercontent.com/a-/AOh14GjhJz-zY51pPXgR0DyKSbRU_HhGItaFtn8-MaFeeQ|"I came to this app when I was going through bouts of depression and I had a bad experience with a ""Listener"". The listeners aren't helpful. Instead, they judge you and make rude comments about your lifestyle. This app allows basically anyone to be a listener. No real background in mental health, let alone basic compassion. I'm sure that some of the listeners on this app are kind people who really want to help others, but it's sad that one bad apple has ruined it for the rest."|1|69|4.6.8|2020-04-14 06:06:33|Thank you for your feedback. We are sorry for the experiences you've had. We encourage you to leave a review for the listeners you connected with. Every written review submitted is read by us and an action is taken. We would like to share with you a list of listeners that received over 100+ positive reviews from members here: https://goo.gl/UtRM6b|2020-04-14 09:56:07|most_relevant|com.sevencupsoftea.app
37|gp:AOqpTOF-xlp--5F4Z8aF2kFsiwGcfe35bROXtR2A4gjBeFkk2hRvvXvqdXtE-f44mFzvIpoKCGxFKG2mBSsAeg|Olivia Clark|https://lh3.googleusercontent.com/a-/AOh14GipmYQuRBctLVK4W50fKqlKa6PLyei0jPcszwV9gg|It's been months since I've had the app and it looks/performs the exact same way. Noni was impossible to talk through and it was difficult to scroll. For some reason, Noni had kept our previous conversation from months ago and there was no way to delete it. My phone has glitched multiple times in the app that didn't happen when I went back to my phone's home screen. I thought there would be an update or a fix since I've seen the developers reply to reviews but absolutely nothing.|1|6|4.6.8|2020-04-22 00:32:39|Hello Olivia, We sincerely apologize for the troubles you've had with the app. We would be happy to take a look into this for you. Please contact us at Support@7cups.com. Thank you.|2020-04-22 10:49:20|most_relevant|com.sevencupsoftea.app
38|gp:AOqpTOF8SEAS_o4xN5kppltGHSeY59Zv6CT0cXlG4xdPVE15C4So3LUlrUUUgVzskSUqFot4Jm4S4p0HRM_Ddg|Rebel Raccoon|https://lh3.googleusercontent.com/a-/AOh14GiG6vptnPwnmfsQbgf2_yROPG3fuXynb-jYpXM6Z6M|However the idea behind this app is great, execution is very bad. Despite ticking the box saying I want push notifications, I get none so I have go into the page to see if I have unread messages. The app also freezes a lot. Another matter which I'll have to write to the comminity about is the listener quality. There are a handful competent listeners who actually care about you. Rest are just regurgitating inspirational quotes and saying 'aw hugs sorry to hear that'. Please fix this!!|2|33|4.6.8|2020-04-18 12:37:17|We sincerely apologize for the troubles you've had with the app. We would be happy to take a look into this for you. Please contact us at Support@7cups.com. Thank you.|2020-04-19 05:47:10|most_relevant|com.sevencupsoftea.app
39|gp:AOqpTOFsDms-FMMmW1w5WqBG_1b799pyN8qi4qEVDybOsvTTRoqOFHZuPx8Ts5GzLWrdz-Kh--d5-qq8_70I1w|Kate Ebinum|https://lh3.googleusercontent.com/a-/AOh14Giab7VmqnP6aKTQUFuS3-FMUVXJWi1-axeIBnCESg|The customer service, is terrible. I registered and paid for therapy. I decided to cancel it in under 30 minutes. Contacted them severally since the 17th of May I've not seen my refund. I call and drop voicemails no one responds. The last email I got was over a week ago saying that my refund will be processed in 3-5 days. I've heard from them since.|1|0|4.6.9|2020-05-28 17:38:37|||most_relevant|com.sevencupsoftea.app
40|gp:AOqpTOEVrgf3WmkmUnD8EQM98CggU5q60wmhRofQB0jI8Vlx8SxD7Y8YxVISS8NG76c6bQCYYRAeX8GhKRrrdQ|J Plno|https://lh3.googleusercontent.com/a-/AOh14GiLn-7fCPbIKtcbKXp3SGc1QMrfgM-IAOkq97533w|The site itself is great but the app experience is lacking. It's buggy and even tells you to install the mobile app while you're using it. Inability to delete conversations from the list permanently unless you block the person, overall the app doesn't feel fluid and intuitive. Needs work.|2|7|4.6.8|2020-04-21 17:21:56|Hello wilddesert, We sincerely apologize for the troubles you've had with the app. We would be happy to take a look into this for you. Please contact us at Support@7cups.com. Thank you.|2020-04-22 10:47:56|most_relevant|com.sevencupsoftea.app
41|gp:AOqpTOF6ZQOczW-jfKb7AMNujTbCiqxVAMCZvMPs6sqK3mlF-qagSol1lScSCsYYo_oRM0rMqHZ79qT_AJhO6A|Andrew Due|https://lh3.googleusercontent.com/a-/AOh14Gh-03_98sGDD8AkM4kzotFyBiYLuNiNO8ptVLixZQ|"A decent one sided ""conversation"" with someone. Nice but a bit like talking to a wall, said things like ""your feelings are valid"" etc. generic and unhelpful in the situation. The concept here is nice and im sure if i wanted to wade through people while in the middle of an anxiety attack i couldnt get under control i could have found someone who worked better for me. But I hit the point I was reaching for help and feel like i found a wall to use to prop myself on not a hand to help me up"|3|5|4.6.8|2020-04-24 06:39:14|Thank you for your feedback. We are sorry for the experience you had. We encourage you to leave a review for the listeners you connected with. Every written review submitted is read by us and an action is taken. We would like to share with you a list of listeners that received over 100+ positive reviews from members here: https://goo.gl/UtRM6b|2020-04-25 11:20:26|most_relevant|com.sevencupsoftea.app
42|gp:AOqpTOGIejaDQ0H1ymytkXYQjL8KeeX2Mvk_F8-g6xOihppVH1suuXNx1UnhajUmeaszOfSDirRBkl9Sr6it-g|Payoja Hotta|https://lh3.googleusercontent.com/-zoRDKf3gAW8/AAAAAAAAAAI/AAAAAAAAAAA/AMZuucnRImFa8rnpGhV2RGsQTFvAPY2uhw/photo.jpg|This app is fantastic to build self confidence!|5|0|4.6.9|2020-05-18 08:32:08|Hello Payoja, Thank you so much for taking the time to submit a Review. We appreciate your feedback. -- 7 Cups Community Team|2020-05-19 09:08:19|most_relevant|com.sevencupsoftea.app
43|gp:AOqpTOFSd7rIQRT8Oh6rL2yAWNmb7ZuENiHKhBrK0Ay2fsfDhXDQ6vjB0StZdCysMjlZyaLewQgfBQQ-wBUZwQ|Aaron C|https://lh3.googleusercontent.com/-1H_-kK6kW7w/AAAAAAAAAAI/AAAAAAAAAAA/AMZuucm90iwDq5DUl6gn3Nr1WkFLmAGjeA/photo.jpg|"This app has been a life saver for me (literally). 3 stars instead of 5 because sometimes there's glitches. For instance, I'm unable to continue on my ""growth path"" I can't get past the 3rd cup"|3|0|4.6.8|2020-05-10 19:44:33|Hello Aaron, Thank you for your review. We sincerely apologize for the troubles you've had with the app. We would be happy to take a look into this for you. Please contact us at Support@7cups.com. Thank you.|2020-05-11 05:12:04|most_relevant|com.sevencupsoftea.app
44|gp:AOqpTOHt3umFjDAfJHunHUrlML-WaQ8aueRZeY3IFgsUSA06p5EActuuLAujiT_ttkZo4PemhuveXw7m2Lh1EA|Irene Vera|https://lh3.googleusercontent.com/a-/AOh14GjUq_udDB6mefgeMOW-R8sdcsJ6LrwVpD2EXJFB3g|The bots are extremely glitchy, can't scroll sometimes, it would suddenly bring up it's own old messages from old conversations and disrupt the current, even call me by different usernames. Getting a good listener is probably one in a million, and there was the same reminder message after every single message we sent. UI in general was glitchy. Apps like these are difficult to perfect but in this case there are so much more apps for this cause that is way better. Sorry bud, keep searching|1|2|4.6.8|2020-04-19 06:49:18|Hello Irene, Thank you for your feedback. Your review has been share with our site managers. We sincerely apologize for the troubles you've had with the app. We would be happy to take a look into this for you. Please contact us at Support@7cups.com. Thank you.|2020-04-20 11:07:27|most_relevant|com.sevencupsoftea.app
45|gp:AOqpTOHRTpCpsM-sD6sbuN6Y-66R59VSYzEZesy2YCuLLjiDq29zI1ehYUlwVOBgO91PWzCJGlzCfwlWptsU7w|Amy Casida|https://lh3.googleusercontent.com/a-/AOh14GhsXFwT59qrU9R2xumlGzqgHnNMEBa2xfWiCvT21A|This was horrible! Never pay for this app. When I paid for it and used nothing, they didn't give me a full refund, and the refund they DID give me wasn't the whole amount I paid $90, instead of $150. If you do this, NEVER pay them ANYTHING unless you expect to lose it, it's a waste! I already contacted them countless times, and they never gave me a full refund. Pay no attention to this reply, such stupidity!|1|10|4.6.8|2020-04-13 13:07:24|Hello Amy, Thank you for your feedback. We are sorry for the experiences you've had. Please feel free to contact us directly at Billing@7cups.com so we can look back into this. Thank you|2020-04-13 09:32:55|most_relevant|com.sevencupsoftea.app
46|gp:AOqpTOGU1ibXS68iHItucHBw1C1wQ0cvDfohBpjVxUDIJwry6JhInB5mwY7DZZPH6HrMC4Oy29NyWLAHn5CZKg|Ellie Rose|https://lh3.googleusercontent.com/a-/AOh14Gi0CSfsj3Un2H-hR3lTamu9LxPMscRyznA9U8d0PXU|this used to be an amazing service i used all the time. i don't know what changed in the listener training but these new people just don't care. 90% of the time they disconnect without sending a message. there is literally zero compassion. i'm giving up and deleting this app.|1|5|4.6.8|2020-05-07 02:06:46|Thank you for your feedback. We are sorry for the experiences you've had. We encourage you to leave a review for the listeners you connected with. Every written review submitted is read by us and an action is taken. We would like to share with you a list of listeners that received over 100+ positive reviews from members here: https://goo.gl/UtRM6b|2020-05-07 09:23:35|most_relevant|com.sevencupsoftea.app
47|gp:AOqpTOFiutf8Mq02300DspzEPP4kVa11chgObS7_Loif1FxNACzCvfUckPq_7X2F9l5RdD6ruCAZp8vRAoMXBQ|TheGreat Moonhound|https://lh3.googleusercontent.com/a-/AOh14Gj4sfq9F1CPJPdDOQ82zEir5qMipmOWOX8YA4d27w|I originally planned to get someone to talk about random issues I was going through. Instead, I chose to be a listener. To have helped the very small number of people I have helped....was better therapy than I could have imagined.... Very passionate about 7cups. Highly recommend.|5|3|4.6.8|2020-05-02 09:00:27|Hello Moonhound, Thank you so much for your review. We are grateful to you for being an active listener and donating your time to help others on 7 Cups. We appreciate you.|2020-05-02 12:17:44|most_relevant|com.sevencupsoftea.app
48|gp:AOqpTOGDzi6qws-1yTruZTy-Jgv8xDhUu4a824DgFUiOc6a1duZmpHeu1EjanJs6oU8OBjqg8H7RwbSoo4wooA|starmione965 / luke965|https://lh3.googleusercontent.com/a-/AOh14GjvXvkeadOnKe_CDnSpmbktIdw50sPSY_9SVmjy|This is actually a pretty helpful app. I was reluctant at first because of the reviews, but I'm glad I downloaded it. Though, something is wrong with my wellness test. It keeps circling back to the first question after you answer the second so you can't really finish it. But that's my only complaint.|4|9|4.6.8|2020-04-05 07:21:29|Thank you so much for taking the time to submit a Review. We sincerely apologize for the troubles you've had with the app. We would be happy to take a look into this for you. Please contact us at Support@7cups.com. Thank you. -- 7 Cups Community Team|2020-04-08 09:52:19|most_relevant|com.sevencupsoftea.app
49|gp:AOqpTOGglNY_OKc1P3x0FOHO6Z5LV86mCxRSuH7R0oTffuILFAU1RBx61WKc4UkJQLr-b2T_KVk2fx6e90zyIQ|Don't touch my son at all|https://lh3.googleusercontent.com/a-/AOh14GhMXgqr67Ey_u7BYCDRnYTscvPHfWQNxj2IkaO7gQ|Before using this app I feel only a little guilt about my problem but then after talking with the listener, I just feel more sad and more guilty. One of the listener literally told me to find another listener for left him hanging for 6 minutes while he left me hanging more than that, 'psychology real life my ass'. Do you leave your patient if he having mental breakdown? I feel sorry for other listener that are actually helping there. Because of one bad listener, the other are put in the same grp|1|0|4.6.8|2020-05-14 13:52:04|Thank you for your feedback. We are sorry for the experiences you've had. We encourage you to leave a review for the listeners you connected with. Every written review submitted is read by us and an action is taken. We would like to share with you a list of listeners that received over 100+ positive reviews from members here: https://goo.gl/UtRM6b|2020-05-15 11:22:36|most_relevant|com.sevencupsoftea.app
50|gp:AOqpTOFexjXLy8OZ-Rps_RvUmYhUZb1Bv448X4SsHw-vwzNOQw02M4zvy78jmOS2-vKYATy4jqoSbb3LZHlCyA|Kthn b|https://lh3.googleusercontent.com/a-/AOh14GhqfNYKFD7gJjNm2je6VthtQv2_Nwcn6MNI6SMNBA|I was searching for apps like this. You know this is an ideal app and platform to get relieved. I loved everything about this app. This is so much underrated, people hardly know about this app. I feel this should reach many people. This is really useful. :)|5|1|4.6.8|2020-04-18 17:17:09|Hello Kthn, Thank you so much for taking the time to submit a Review. We appreciate your feedback. -- 7 Cups Community Team|2020-04-21 10:39:19|most_relevant|com.sevencupsoftea.app
51|gp:AOqpTOEtXqQWt6blTp17iHbIRJkEcttbnh5bev3755EMtZm-6iuuXDuzhobAsvxdGx44Qq2A2IgJPqy3771XtA|Tom Hagen|https://lh3.googleusercontent.com/-pQcY64hOZLs/AAAAAAAAAAI/AAAAAAAAAAA/AMZuuckFMCUTtyBabW_7LinVF0yWMS-mQg/photo.jpg|This app is wonderful! Ive been through lots of therapy and this has helped the most i guess because its just all of us together. Like being around a giant campfire and then really connecting with certain new friends. Great stuff!|5|2|4.6.8|2020-04-28 03:34:11|Hello Tom, Thank you so much for taking the time to submit a Review. We appreciate your feedback. -- 7 Cups Community Team|2020-04-28 12:51:38|most_relevant|com.sevencupsoftea.app
52|gp:AOqpTOGGmlkA9eACPoi7rNPg99Rr5Gkwku0aq53OVdbvIpn53598sg7MO42nO2r9k3sOTh_q1TDIKO8cFV4z0Q|Niniola worship|https://lh3.googleusercontent.com/-IrA0g3EhZqs/AAAAAAAAAAI/AAAAAAAAAAA/AMZuuclWx4LYWVqirZj6h2zBOJ4r75ZW1g/photo.jpg|7 cups is a place to be either it's as a listener or member. The platform attends to all, the only issue is that it's hard to navigate, too many forums...|4|0|4.6.8|2020-06-01 10:58:40|Hello Niniola, Thank you so much for taking the time to submit a Review. We appreciate your feedback. We are working everyday to make improvements to the forums for ease of use. Thank you -- 7 Cups Community Team|2020-06-02 09:12:49|most_relevant|com.sevencupsoftea.app
53|gp:AOqpTOGR2GC7bLT3YDX39NogIgcm8lknAbO6T7bdWQHv1_z8_gliIE1ljexX8FLDmHusAjXcr7XL0IB_KyL79A|Shishir Rai|https://lh3.googleusercontent.com/a-/AOh14GhRHt_Z4BrJZTDMK74zfDfWBkiy2vj4q6HTOcpknA|Fake app. They ask credit card details.|1|0|4.6.9|2020-05-23 18:57:22|Thank you for your review. We appreciate your feedback. 7 Cups is 100% free to connect with active listeners, and participate in forums and chatrooms. Our online therapy services are optional. We would like to share with you a list of active listeners that received over 100+ positive reviews from members here: https://goo.gl/UtRM6b - Thank you|2020-05-25 07:07:35|most_relevant|com.sevencupsoftea.app
54|gp:AOqpTOEJvvZEd8aNnZ2jQm6Zv1U1AKdRZ8pke9zoeJNA8N0o0E_JNAoUmQ5ihZ9CYw_NNul5rqSo7O12rQDsJA|Kiara Davis|https://lh3.googleusercontent.com/-hux10koQIlA/AAAAAAAAAAI/AAAAAAAAAAA/AMZuucnhij_2vZEQZkzQgdfXKJABaJceIA/photo.jpg|"I download this app and deleted it and just redownloaded it and it says there is no account with my email address so I created a new account and it said there is already an account with my email and when I tried to sign in again it said there was no account. Also, when agreeing to the terms and conditions it says ""I am not in crisis, homicidal, suicidal or abusing anyone..."" but I thought the whole point of this was to help people who need help."|1|5|4.6.8|2020-04-01 19:30:59|Hello Kiara, We sincerely apologize for the troubles you've had with the app. We would be happy to take a look into this for you. Please contact us at Support@7cups.com. Our active listeners are not trained in crisis topics.  Thank you.|2020-04-02 06:04:03|most_relevant|com.sevencupsoftea.app
55|gp:AOqpTOFQ_0Mw2NXOv60AFNzRDtSOpW8nl5xWwNjjl3QytlDHQmGYmCVywQWeAHfuw9sS8FChmlAXThKtjHTkLg|Heisenberg|https://lh3.googleusercontent.com/a-/AOh14Gj8Z5OMqARfCHPMKY6yg7OzlBWKx_ZJkRNDLFTPNQ|The website is amazing, however I think the app still has a long way to go. For starters, I don't get notifications for new messages and yes they are turned on.|3|0|4.6.8|2020-05-22 06:54:29|Hello Heisenberg, Thank you for your feedback. We sincerely apologize for the troubles you've had with the app. We would be happy to take a look into this for you. Please contact us at Support@7cups.com. Thank you.|2020-05-22 13:06:16|most_relevant|com.sevencupsoftea.app
56|gp:AOqpTOEvzfINVuB6ht82vxSeiIQ0AtJ8ycS7bEZobplOquQ-S1sWvBKunmVODOfHy7a986hVddmkn8wF2FZzRQ|Fancy Khatun|https://lh3.googleusercontent.com/-Iz_zpa20QVU/AAAAAAAAAAI/AAAAAAAAAAA/AMZuuclZC7qo7-sh8KXh8tqk16iLxcVp5g/photo.jpg|It is really helpful, a community of people willing to help and understand you.|5|0|4.6.9|2020-06-04 01:16:08|Hello Fancy Khatun, Thank you so much for taking the time to submit a Review. We appreciate your feedback. -- 7 Cups Community Team|2020-06-04 08:50:07|most_relevant|com.sevencupsoftea.app
57|gp:AOqpTOGk_OUyPDsmFsTsFdqS_iXzFFye0kLmjX-79F-RagH_ajBsal8w3idllpVRw9u2ujXC18QmS50aAghBiQ|Ellie Becker|https://lh3.googleusercontent.com/a-/AOh14GgTdck2QrW39gJNGIlVK_SJOsRIQE-DllBP8i6b4g|I really like the community, and I feel it's moderated well. However, the app itself is pretty clunky and doesn't really compare to the browser version. I'm sure there is a way to do some things on there, but it is not very intuitive.|4|7|4.6.8|2020-03-14 06:48:26|Hello Ellie, Thank you for your feedback. We sincerely apologize for the troubles you've had with the app. We would be happy to take a look into this for you. Please contact us at Support@7cups.com. Thank you.|2020-03-14 13:45:36|most_relevant|com.sevencupsoftea.app
58|gp:AOqpTOHV8Kd_yHmksBmO3Ol3IPWnxyged-DIzUtMOvGvsB3GgZpB-dWiGdvl7fig8dbm2GRxnLQcJdLaqHnkug|Jasmine Simms|https://lh3.googleusercontent.com/a-/AOh14GjVp8v0pufy6p6otzsGjRSjiC7CdkBea19DcqltiA|"WARNING: DO NOT DOWNLOAD! This company will offer FREE trials for professional therapy and, like most companies, just need a card on file. THEY WILL CHARGE YOU $150 FOR THE ""FREE"" TRIAL. ALSO: The ""therapist"" assigned to me said ""Certification unknown"". This was incredibly devasting for someone SEEKING HELP and any communication with customer service ended abruptly with no answers or resolution. I'm still dealing with mental health alone AND now I have to dispute this charge with Visa."|1|26|4.6.8|2020-03-25 03:16:28|Thank you for your feedback. We are sorry for the experience you had. We would be happy to take a look into this for you. Please contact us at Billing@7cups.com. Thank you.|2020-03-30 09:54:39|most_relevant|com.sevencupsoftea.app
59|gp:AOqpTOGZd4NbfVqI9Mf_Lx7-kHH_-epgCREUQjvEEE4Zc9oPr07OjfOZ9KajyESUtUSNWlLfep5dwE__jUEdHg|H Fox|https://lh3.googleusercontent.com/a-/AOh14Giz2xDg1GC2DxUvAmyETJOCk9g1lw5TOYOzJEOJjw|This app is so great!! I never write reviews, but I felt it was necessary. Highly recommend for teenagers who just need someone to talk to either an instant listener or someone to get advice from. 100% recommend|5|1|4.6.8|2020-04-10 09:12:15|Hello H Fox, Thank you so much for taking the time to submit a Review. We appreciate your feedback. -- 7 Cups Community Team|2020-04-10 10:18:45|most_relevant|com.sevencupsoftea.app
60|gp:AOqpTOG1eWsJfZn-h_JiijacBIXyCnpGCJiP6E8NStcCL4MY8kT6XEqvqleoDokyIaAHp9LxBwPH1b8Oyl32TA|CJ Johnson|https://lh3.googleusercontent.com/a-/AOh14Gg74Te8zCmE_AYLesBLEjfEzoaxnwxKbNhmJ1_g|Overall it hadn't been bad, just wish I could scroll up to see more of the conversation when the listener sends a message while I'm trying and I send my message I can't see what they sent|4|0|4.6.8|2020-04-26 01:39:27|Hello CJ, thank you for your review. We sincerely apologize for the troubles you've had with the app. We would be happy to take a look into this for you. Please contact us at Support@7cups.com. Thank you.|2020-04-27 11:55:01|most_relevant|com.sevencupsoftea.app
61|gp:AOqpTOExRyqH3Dc4iscE8sWckiH--n-by9fAO1klwfWn8HvgGaC7oj60Jc9CLKqPvL4DAsl7lF0jQ01OD2Yljg|Jim Bonner|https://lh3.googleusercontent.com/a-/AOh14GgTusMpHTx6Jea0AuzmW0DGKHUTy6h1YmJkZqQtqHE|Somehow, things worked themselves out, I'm signed up, and able to log in and use the service effortlessly. I would recommend this app to anyone why just needs to talk. About anything.|5|14|4.6.8|2020-04-12 07:28:49|Hello Jim, We sincerely apologize for the troubles you've had with the app. We would be happy to take a look into this for you. Please contact us at Support@7cups.com. Thank you.|2020-03-27 14:02:59|most_relevant|com.sevencupsoftea.app
62|gp:AOqpTOH8g9bG9fTa-POuCoNWSFvCEbDrPYa1F5bXNlybfJrmTBWKcBMicupk7qr7z1PV69DzaH8sxJWWtD3Obw|Stephen Dsouza|https://lh3.googleusercontent.com/-y7XEAHh3VCw/AAAAAAAAAAI/AAAAAAAAAAA/AMZuucmdVcUX0Tr-uLIzTCJQulFVzzsxIQ/photo.jpg|I love this app because of what it stands for but I've found many bugs in it. If these bugs are fixed, the app would be perfect!|4|0|4.6.8|2020-05-14 10:42:16|Hello Stephen, Thank you for your feedback. We sincerely apologize for the troubles you've had with the app. We would be happy to take a look into this for you. Please contact us at Support@7cups.com. Thank you.|2020-05-14 11:25:53|most_relevant|com.sevencupsoftea.app
63|gp:AOqpTOErmS7RIbNp7hZzEuFHSVeYYzS5Kkh9MunpMAu0N5dxqVcR32Lo2E4t0wOI2N9iPPcFwunqf3ugBThFzw|Terry Kemigisa|https://lh3.googleusercontent.com/a-/AOh14GgL6scE6IofoRnK6RyMC8d6yt6wr7pmnNftcyZ6|My app won't start. It shows the app logo then a never ending blue page. I'm dissapointed. I was really counting on this app to help me out. Please fix it.|1|1|4.6.8|2020-04-15 11:22:41|Hello Terry, We sincerely apologize for the troubles you've had with the app. We would be happy to take a look into this for you. Please contact us at Support@7cups.com. Thank you.|2020-04-17 11:16:08|most_relevant|com.sevencupsoftea.app
64|gp:AOqpTOGkd0yVc2rLujzCp6UOm7NGxPNV0HaSgbRaFlHiyLKNWxXXoGCtNzvham-qhtwxqZ9wbdaHExkB2f39Mw|E. Martin yeet|https://lh3.googleusercontent.com/a-/AOh14GiZIJkUOH8JQD8OrlkddDmzeJ6YyksBXHCrNr7Bcg|It is amazing but the app keeps glitching out even after I've been an active member and did nothing wrong. I don't want to have to uninstall but I might have to. ðŸ˜Ÿ|4|0|4.6.8|2020-04-24 05:28:50|We sincerely apologize for the troubles you've had with the app. We would be happy to take a look into this for you. Please contact us at Support@7cups.com. Thank you.|2020-04-25 11:19:00|most_relevant|com.sevencupsoftea.app
65|gp:AOqpTOGfnLd489YjLbPeGTbEdHY7k3IEv4fYZ8eH6kGYW8pR2B7rezAhxNQpv3IVt--XXGy8lSgAOg2mdV1PUg|Zander de Koker|https://lh3.googleusercontent.com/a-/AOh14GgFZAyOfSHlBuA6PA51F0Y8SS0tpcRIKVDOXZ89|"It's a great app, just wished the ""Listeners"" were more active and sympathetic but you for Free this is a great way to get support in hard times."|4|0|4.6.8|2020-04-28 18:50:35|Hello Zander, Thank you for your review and feedback. We encourage you to leave a review for the listeners you connected with. Every written review submitted is read by us and an action is taken. We would like to share with you a list of listeners that received over 100+ positive reviews from members here: https://goo.gl/UtRM6b|2020-04-29 11:10:08|most_relevant|com.sevencupsoftea.app
66|gp:AOqpTOHbr3mLSdDFxn5y2hXMscJTyQTXR-UxFda1_ocA-mlRq-m-VSSPVpIty3nJX4AwS1LA-a08EuRj0T_bFg|Charles Escobar|https://lh3.googleusercontent.com/-KQTAYcFOkUI/AAAAAAAAAAI/AAAAAAAAAAA/AMZuucnKPDS6V0wuKKZ40EFuFqC3blxfFg/photo.jpg|Was nice to see such a caring community. But when I actually needed help, and someone to talk to. I didnt get any responses. 4 different chats I went to talk, and they responded maybe once or twice. Then nothing. Glad I wasn't in need of some real help. Wouldn't use this app. Better to talk to a wall|1|0|4.6.8|2020-05-04 21:22:49|Thank you for your feedback. We are sorry for the experiences you've had. We encourage you to leave a review for the listeners you connected with. Every written review submitted is read by us and an action is taken. We would like to share with you a list of listeners that received over 100+ positive reviews from members here: https://goo.gl/UtRM6b|2020-05-05 10:37:53|most_relevant|com.sevencupsoftea.app
67|gp:AOqpTOEOiHoo1lK9Lt6VNceWrRh0EcJmc23kLWXUgjSHOMPFysG0vwgwOm5467Csb0HyrR6euhD_eqL1IERKfA|Annie Ayala|https://lh3.googleusercontent.com/-lIhngtFbkx0/AAAAAAAAAAI/AAAAAAAAAAA/AMZuucmM7o3_yvmA6M2OEE1ydy7VyZSufA/photo.jpg|I love chatting with people who are willing to listen to you and are there because they do care. Overall, most importantly, the app is free!!|5|0|4.6.8|2020-05-13 18:34:54|Hello Annie, Thank you so much for taking the time to submit a Review. We appreciate your feedback. -- 7 Cups Community Team|2020-05-14 11:23:39|most_relevant|com.sevencupsoftea.app
68|gp:AOqpTOGo57SgA9AMyYjKqIBozU4oXu9vCllVhRFyL4t3BLJZIfWJHsTl1Ozr9MXZioro1_QuWNukg4lttRECSQ|Alex Donald|https://lh3.googleusercontent.com/a-/AOh14GhLXyXv3kaKKkANBXSbQaMej1CV89DsPk7vgo2S|I wouldn't advertise it as free counselling, an advert I had seen for this app said it was free, I paid Â£12.99 for a monthly subscription which I'm not actually sure for? To then have to take it further and pay more for the counselling and therapy...its pretty misleading of you ask me!!|2|1|4.6.8|2020-04-13 11:40:43|Thank you for your review. We appreciate your feedback. 7 Cups is 100% free to connect with active listeners, and participate in forums and chatrooms. Our online therapy services are optional. Please contact us at Support@7cups.com so we can look into this further and resolve any issues you may have -- Thank you|2020-04-14 09:52:12|most_relevant|com.sevencupsoftea.app
69|gp:AOqpTOGxbYXxGoRRn7SuZiyPI_R5Poyd2eISlJ2-Ux0t5qyntWxw4hlR3nHiZ0xJdpqvl2sXfy2_5z4IUvXwDQ|Karine Yacoubian|https://lh3.googleusercontent.com/a-/AOh14GjbYWaUAIWxIC9i6pFQfr34v5in7zwwtXV-50vW|I can't believe how bad this app is. Not user-friendly at all! I tried signing up a million times over and still couldn't get through. Really not an intuitive app at all.|1|4|4.6.8|2020-03-29 09:05:34|We sincerely apologize for the troubles you've had with the app. We would be happy to take a look into this for you. Please contact us at Support@7cups.com. Thank you.|2020-03-30 10:01:24|most_relevant|com.sevencupsoftea.app
70|gp:AOqpTOGtm3GJGixLqms1ld1CFJGNzqTn_FZZYmn5mlPd79DOCjI0P8ei4Fd2aPFpkrd9gLUBsQrb3mPcRMCuqQ|Toukir Ahmed|https://lh3.googleusercontent.com/a-/AOh14GirGe_L7rb7yg7J-2Y065yWmZk9SLI5_vOtpH_s|This is a great app. But after last update I am not able to use it. On opening the app it just stuck on the home screen and nothing comes up.|3|0|4.6.8|2020-05-07 10:21:21|Hello Toukir, We sincerely apologize for the troubles you've had with the app. We would be happy to take a look into this for you. Please contact us at Support@7cups.com. Thank you.|2020-05-08 04:55:53|most_relevant|com.sevencupsoftea.app
71|gp:AOqpTOEAriTseX-9c23F2AfszVSOSO1tliF58i8kUa3Mv2WaGKvzqMcrrgU1oHf2Prl1rHq_XmY86he_YcqB7g|Rising Star|https://lh3.googleusercontent.com/a-/AOh14GgVFcKKljy4iLd2uCBIFS8cqLQZpytgXmx0rjANTg|When I downloaded this I wasn't very sure. But you know, this app ACTUALLY cares. You can tell, from the people, the messages, the threads and everything. Some listeners can be worse than others but they're the minority. This app IS really helpful. Thumbs up to the team!|5|35|4.6.8|2020-03-06 11:07:04|Hello Rising Star, Thank you so much for taking the time to submit a Review. We appreciate your feedback. -- 7 Cups Community Team|2020-03-08 12:57:01|most_relevant|com.sevencupsoftea.app
72|gp:AOqpTOGiYcKeFa0mMAdtpEynhKu7gyca6bj6dsROdJdP640TAPqfW9JYbHPih5MGc8tCphbgM6Zw16Godeb2fw|Shelby Hill|https://lh3.googleusercontent.com/a-/AOh14GhWD5Hf36HieyP_axTnJKgHtQb-HQZprkg2o6P2|I do enjoy this app, though it's kinda glitchy. But my biggest problem at the moment is navigation. I'm trying to go onto my account to update my profile (age) but I cannot find my way to it. If anyone can help me that would be great!|3|1|4.6.8|2020-03-26 20:06:44|Hello Shelby, We sincerely apologize for the troubles you've had with the app. We would be happy to take a look into this for you. Please contact us at Support@7cups.com. Thank you.|2020-03-27 14:01:35|most_relevant|com.sevencupsoftea.app
73|gp:AOqpTOFyFmt1GKVsMmxeLK3O80g4YlWo2liTjIVEjYkfGiquDC7Jv2Do2IRDoneFhaLkSIbs7Mdswj-WxuAUsQ|PramAudith|https://lh3.googleusercontent.com/a-/AOh14Gi1EdQTNgk5wgbF9Qw665Np9W2srFiTFIGkb25q|Really good app! It helps me whenever I want emotional support. Also it's free. This is awesome and I don't really have words to describe.|5|8|4.6.8|2020-03-10 12:59:15|Hello Pramod, Thank you so much for taking the time to submit a Review. We appreciate your feedback. -- 7 Cups Community Team|2020-03-10 13:51:22|most_relevant|com.sevencupsoftea.app
74|gp:AOqpTOHvlgmEQ3UBTPkUKAKByTCTzmpclGGHZQm_oBAWKhW7JWj-QL07Q_ECXKZRpVNHNE13ZKXN7e9k5UCIQg|goerge mcfadden|https://lh3.googleusercontent.com/-u2DXsvECAEI/AAAAAAAAAAI/AAAAAAAAAAA/AMZuuckhBfKhkCW61NfOsE__2g57XJ4wdA/photo.jpg|Great to help with what your feeling. Good listeners plus therapy. Group chats lots of different types. Thank you for making this app it really helps!!!|5|1|4.6.8|2020-03-27 05:01:50|Thank you so much for taking the time to submit a Review. We appreciate your feedback. -- 7 Cups Community Team|2020-03-27 14:02:26|most_relevant|com.sevencupsoftea.app
75|gp:AOqpTOHsvhjUH3zb5kuoxLHXW5zvkSQjsojBPxZTnbIcsICQlUEJbsLN84G80R3TjKmP_D3Aja2f8EOgC83htQ|kunalnxt Sharma|https://lh3.googleusercontent.com/-ef9AbGwx9AM/AAAAAAAAAAI/AAAAAAAAAAA/AMZuucksZTKG2PEEmeW2otYlz8EXpIkdnw/photo.jpg|C'mon guys, the app used to work great.. But now it just sucks... Can't even open my previous chats...kind of frustrating it is|2|1|4.6.8|2020-04-25 14:08:56|Hello Kunalnxt, We sincerely apologize for the troubles you've had with the app. We would be happy to take a look into this for you. Please contact us at Support@7cups.com. Thank you.|2020-04-27 11:53:49|most_relevant|com.sevencupsoftea.app
76|gp:AOqpTOEqse7hyU8cu_fDrKpEp9MwiTaVzpDt7P50TVFqB1cldLLjCc-bbqjxqonCrNKwNfDQatxvcz1LbdVuNQ|Ariel|https://lh3.googleusercontent.com/a-/AOh14Gg-Vo-XOUQAmZfbW7bk1JbTgfK0as7TpHbFZ67ByQ|"Was hoping to be a listener but I keep getting an "" invalid credentials error code 400"" message anytime I try to open a chat to listen."|1|4|4.6.8|2020-03-17 05:04:34|Hello Ariel, We sincerely apologize for the troubles you've had with the app. We would be happy to take a look into this for you. Please contact us at Support@7cups.com. Thank you.|2020-03-19 11:09:32|most_relevant|com.sevencupsoftea.app
77|gp:AOqpTOEsAQ8ftKU82Mdg9f2KYUXS0FvmDwP9ceJAnFnsDm6emGrTbHpTnukafACEcej50cA9IEGQQk3wg90lXA|Mienisha Alexander|https://lh3.googleusercontent.com/a-/AOh14GjssBOECyYjH0GJYWO-DICKTmcxkowUNAGPsbXT3A|"I made an account. I logged out bc it kept glitching. Then i tried logging in and it said ""email not found"" but my username is in use, but NO ACCOUNT"|1|2|4.6.8|2020-03-15 18:03:31|Hello Mienisha, We sincerely apologize for the troubles you've had with the app. We would be happy to take a look into this for you. Please contact us at Support@7cups.com. Thank you.|2020-03-16 11:36:26|most_relevant|com.sevencupsoftea.app
78|gp:AOqpTOF2HiCC8BHD-tEtRn2pLjDFgvjnc7phquDilejmsMZ00LjP_FVKQ0vtfE0M9W8BiTwGbeQ8kVXrNn4Dtg|cupcake|https://lh3.googleusercontent.com/a-/AOh14GgerjtiPHiA2RG7fjM71T4ltT4Vs94waHCO7Ubjyw|Great app overall for people who are struggling with emotional or mental issues but still needs a lot of work and development|5|0|4.6.8|2020-03-29 06:30:00|Thank you so much for taking the time to submit a Review. We appreciate your feedback. -- 7 Cups Community Team|2020-03-30 10:00:45|most_relevant|com.sevencupsoftea.app
79|gp:AOqpTOFZQjgAFZ7fv0DNEOzldbpCCCwh_wuswbUazKTzOrzAjRS2EEhzUxFeAWtGAs4u8M2irhb1ovZfRFyXFA|Zainab Ali|https://lh3.googleusercontent.com/-8l93FyKRgd4/AAAAAAAAAAI/AAAAAAAAAAA/AMZuucn-yQsb0-WHb9nafqGoe_KiLCQ7Dg/photo.jpg|A very nice app the listeners in the app are very nice and helpful they make you feel really good about yourself and they help you. Love this app.|5|0|4.6.8|2020-04-11 02:09:35|Hello Zainab, Thank you so much for taking the time to submit a Review. We appreciate your feedback. -- 7 Cups Community Team|2020-04-21 10:42:45|most_relevant|com.sevencupsoftea.app
80|gp:AOqpTOGEa5z4VhPf724cYnLBpMgiMW8PRZjgk3KKzKgZBuvOUc74hLC5JTz6MwakEPJbuveumxGJ0SyQFw6PKQ|Gattara|https://lh3.googleusercontent.com/a-/AOh14GhI9sZhyyD6YbAx1XJuoxinQi0OuM4nMwsS0yM-_g|Needs work, you can't change your profile picture on app and paths are confusing|2|0|4.6.8|2020-05-09 20:38:08|We sincerely apologize for the troubles you've had with the app. We would be happy to take a look into this for you. Please contact us at Support@7cups.com. Thank you.|2020-05-10 09:20:22|most_relevant|com.sevencupsoftea.app
81|gp:AOqpTOHgjshXUhy50-berSb1XJIzw48oIK5uCkJf4GuJz0UnqHU4XXsCa4JRcXS_3cmsh1aZWwG99_Q3_X7x0w|David Sprivate|https://lh3.googleusercontent.com/a-/AOh14GgqfoJVMxbpxDXbk0X4K0KqEI99Gut_rdOBRqdO7A|The app works fairly welll but I haven't got push notification since the update, so sometimes I forget to check for replies for a few hours.|3|2|4.6.8|2020-03-29 08:40:59|We sincerely apologize for the troubles you've had with the app. We would be happy to take a look into this for you. Please contact us at Support@7cups.com. Thank you.|2020-03-30 10:01:12|most_relevant|com.sevencupsoftea.app
82|gp:AOqpTOHWMaiKImYYTfQiwnx_98b9Ex5jI5NR99yRt2QsbkUrmcmkVNmRJQQIj3NzlfiPY9lC2-jAwpYObT6b3A|Berny B|https://lh3.googleusercontent.com/a-/AOh14GiegzHbljzBJ4IO16ZBwsNq9EVp8T60wN_RiJH2|Great app! Useful... And most of all.. The most helpful thing ever|5|0|4.6.8|2020-05-13 20:51:17|Hello Berny, Thank you so much for taking the time to submit a Review. We appreciate your feedback. -- 7 Cups Community Team|2020-05-14 11:24:31|most_relevant|com.sevencupsoftea.app
83|gp:AOqpTOGjHvEBTQdQizy9N9AFl9y1qBuz46WFSxj2oJOpjX4jHFXx5xx9dEo2WrQi5lFsurohICwEULu8jipjbA|Tanziat Tasmi|https://lh3.googleusercontent.com/-jS5xC1RCviw/AAAAAAAAAAI/AAAAAAAAAAA/AMZuuclWxympO6TcDPu92etSghH2v-rUgg/photo.jpg|The app doesn't help me to connect to a councillor instead the robot talks. To me It sucks|4|0|4.6.8|2020-03-20 16:55:15|Hello Tanziat, Thank you for your feedback. We are sorry for the experience you've had. Please feel free to contact us directly at Support@7cups.com so we can look into this further. -- 7 Cups Community Team|2020-03-21 14:02:25|most_relevant|com.sevencupsoftea.app
84|gp:AOqpTOGNNKX3DFyTFj57WzDMDrbhBxj5EpmGXMIL6QcZZuz9UJsQlA1h7bRKTnJ9aW0FbqepyvdDinaw5M6NfQ|Alicia Cooper|https://lh3.googleusercontent.com/-4aIgQC_7bFw/AAAAAAAAAAI/AAAAAAAAAAA/AMZuucnldYXTgN3E2H-8o1tsn7ECy-EI0w/photo.jpg|I can log in as a listiner but it wont let me go to 1 on 1 chats. And it wont let me see my chats.|1|2|4.6.8|2020-04-07 15:45:54|Hello Alicia, We sincerely apologize for the troubles you've had with the app. We would be happy to take a look into this for you. Please contact us at Support@7cups.com. Thank you.|2020-04-08 09:59:52|most_relevant|com.sevencupsoftea.app
85|gp:AOqpTOETT7paJjopRnxsMlBDvfea9DbJi6RncuOtzcpN7FbRFMujSAmJyheEHaobxe2BL77mb484aqHvvx-NQg|Christopher G.|https://lh3.googleusercontent.com/-N2gApXoPnzc/AAAAAAAAAAI/AAAAAAAAAAA/AMZuucloXZZEYPcs4Kw7HLIatkYzgvoLRg/photo.jpg|Very helpful users and a nice group of respectable staff. Also have inclusive group chats for people of all ages and sexual orientation.|4|0|4.6.8|2020-05-01 15:40:20|Hello Christopher, Thank you so much for taking the time to submit a Review. We appreciate your feedback. -- 7 Cups Community Team|2020-05-02 12:16:10|most_relevant|com.sevencupsoftea.app
86|gp:AOqpTOF8ED1CtiXuz1TDBfehtsR3-SGievPYi4Y8jrXUxn1Y4BvZqoUv1IZJ9yJagd6p2jzMuIJXE37rCeCT_Q|Toasty French|https://lh3.googleusercontent.com/-6QLqC7UKslg/AAAAAAAAAAI/AAAAAAAAAAA/AMZuuckpxtkuGY9S1c5CRabjOXm_pcJ89g/photo.jpg|You can talk confidently to someone who listens carefully with your problems. It's also easy to understand the app.|5|0|4.6.8|2020-03-26 22:38:41|Hello Toasty, Thank you so much for taking the time to submit a Review. We appreciate your feedback. -- 7 Cups Community Team|2020-03-27 14:02:02|most_relevant|com.sevencupsoftea.app
87|gp:AOqpTOGCSi2AT6CkmD2epcLcV6G2PuxYV3MBJZVzPLRORzzDwUqMAbbRDdUXH7gU_aw6LXMS1N2FQ1B4dY6U_g|Sheah Gaston|https://lh3.googleusercontent.com/-B5r9Inqm8xU/AAAAAAAAAAI/AAAAAAAAAAA/AMZuuclIomIaIrcgLcou0IN5ua_-bfXhMg/photo.jpg|I cant get myself registered in the app... there is no button to continue once I set a password and the screen just wont process my new details|1|1|4.6.8|2020-04-01 15:50:21|Hello Sheah, We sincerely apologize for the troubles you've had with the app. We would be happy to take a look into this for you. Please contact us at Support@7cups.com. Thank you.|2020-04-02 06:02:39|most_relevant|com.sevencupsoftea.app
88|gp:AOqpTOGsBLt5G5cs-w2gKXxK4HEBH45lt1c3WkQh1rbiT4boalRZ3_rapc5ypIiUdv5VDF-jCqlBnCdf7Y267Q|Peter Milbourne|https://lh3.googleusercontent.com/-p0y4JZP2K8g/AAAAAAAAAAI/AAAAAAAAAAA/AMZuucmj4jDJrCL4MKbrUr4WLFo2AyfaMA/photo.jpg|Really helpful in times of need|5|0|4.6.9|2020-06-04 18:48:26|Hello Peter, Thank you so much for taking the time to submit a Review. We appreciate your feedback. -- 7 Cups Community Team|2020-06-05 11:05:03|most_relevant|com.sevencupsoftea.app
89|gp:AOqpTOH2F2w2HhBz-BX_DQK4FoTDe-muQWQ_EDShRyUYBDdW19Qaw0hikkjPqZVjHcCHhOHVGUw_4MZz4SW50A|é‚“çºç¤¼|https://lh3.googleusercontent.com/-9f9C71_LX6A/AAAAAAAAAAI/AAAAAAAAAAA/AMZuucl7bCffLjP-jhE1uAAPxNptoGoMnA/photo.jpg|It is very useful for me I feel better every time I use the chatting function|5|0|4.6.8|2020-03-15 18:43:25|Thank you so much for taking the time to submit a Review. We appreciate your feedback. -- 7 Cups Community Team|2020-03-16 11:36:51|most_relevant|com.sevencupsoftea.app
90|gp:AOqpTOEkvRXTtcgJyeV8q5C_Ll0Ts54yhgIC0CaWgY6I1FBplN4lCEw9JDBljkVI_mHtv8HkohC2St98VUa2GQ|Jo Toro|https://lh3.googleusercontent.com/a-/AOh14GiQVpP1M6MNpK-nh55D2y5a0OtwC7ul-f2kzR9Y9A|Wow the bot talks like 4 huge messages in the middle of every conversation and it doesn't let you scroll back up so you literally can't read anything because of the bot.|2|1|4.6.8|2020-03-25 20:35:16|Hello Jo, We sincerely apologize for the troubles you've had with the app. We would be happy to take a look into this for you. Please contact us at Support@7cups.com. Thank you.|2020-03-27 14:00:39|most_relevant|com.sevencupsoftea.app
91|gp:AOqpTOHjPOY-hOT8eMNeZ1Gvp2u7Q655rLR8X6fMUdlPwYpdLA90igAaJRKfYP4Eql7KOs0taIBRIp8ZHWwggg|Syed Muhammad Hassam-ud-din|https://lh3.googleusercontent.com/a-/AOh14GjdPytvHyI2ySue4qMgXD4uyi5MgzHdoe3Xzs4ZbA|Does not let me sign up. The button does not work|1|0|4.6.9|2020-05-28 17:15:45|Hello Syed, We sincerely apologize for the troubles you've had with the app. We would be happy to take a look into this for you. Please contact us at Support@7cups.com. Thank you.|2020-05-29 10:51:22|most_relevant|com.sevencupsoftea.app
92|gp:AOqpTOEq2nrBq9M7pje92gyM6U3gzBDFZ8AysVybQG7vp4MVu5Qsdaq-9mPFlfCP73IB7No5eOHh-bgo7fdfgQ|Ð’Ð¸Ñ‚Ð°Ð»Ð¸Ð¹ ÐŸÐ¾Ð»ÐµÑÐ¾Ð²|https://lh3.googleusercontent.com/-QV_lDxoQnTU/AAAAAAAAAAI/AAAAAAAAAHI/AMZuucmoiK_XeSqksdZWymGWqutJR-hbQA/photo.jpg|Although the bot chat is very buggy, the whole service it still very helpful|4|0|4.6.8|2020-04-06 01:37:15|Hello Ð’Ð¸Ñ‚Ð°Ð»Ð¸Ð¹, Thank you so much for taking the time to submit a Review. We appreciate your feedback. -- 7 Cups Community Team|2020-04-08 09:57:31|most_relevant|com.sevencupsoftea.app
