0|0||3.0|546fd99cdb8155e6700d6ec8|||1.0|54a4804fb2b2de4b786502bf|[]|[]|22|2014-12-31T23:01:35.647Z||no legumes either|False|[]|1|[]
1|1|||54a47e0cdb8155e6700e486e||||54a4809b9597baaa7dceceb0|[]|[]|21|2014-12-31T23:02:51.600Z||That bullet proof coffee sounds insane.|False|[]|1|[]
2|2|||54a47e0cdb8155e6700e486e||||54a480b29597baaa7dceceb1|[]|[]|21|2014-12-31T23:03:14.221Z||That guy has huge eyes.|False|[]|1|[]
3|3||3.0|546fd99cdb8155e6700d6ec8|||1.0|54a480b89597baaa7dceceb2|[]|[]|22|2014-12-31T23:03:20.182Z||@54a47e0cdb8155e6700e486e It is. but it works. some people just can't handle the taste :P|False|[]|1|['54a47e0cdb8155e6700e486e']
4|4||3.0|54a44bbbdb8155e6700e47de|||1.0|54a480ca9597baaa7dceceb5|[]|[]|22|2014-12-31T23:03:38.388Z||They guy that came up with the idea is kind of a joke though...|False|[]|1|[]
5|5|||546fcc4cdb8155e6700d6e97|||1.0|54a480ce9597baaa7dceceb6|[]|[]|23|2014-12-31T23:03:42.433Z||that sounds like torture actually :)|False|[]|1|[]
6|6||3.0|54a44bbbdb8155e6700e47de|||1.0|54a480e229aec36b6af1bf45|[]|[]|23|2014-12-31T23:04:02.733Z||the*|False|[]|1|[]
7|7|||54a47e0cdb8155e6700e486e||||54a480e39597baaa7dceceb8|[]|[]|22|2014-12-31T23:04:03.702Z||I might try it out for fun-just one bullet proof coffee that is.|False|[]|1|[]
8|8||3.0|546fd99cdb8155e6700d6ec8|||1.0|54a480f99597baaa7dceceb9|[]|[]|23|2014-12-31T23:04:25.310Z||@54a44bbbdb8155e6700e47de I agree. he's pretty extreme lol|False|[]|1|['54a44bbbdb8155e6700e47de']
9|9|2014-12-31T23:05:11.268Z|3.0|546fd99cdb8155e6700d6ec8|||1.0|54a480ff9597baaa7dcecebb|[]|[]|23|2014-12-31T23:04:31.954Z||he's like the Bear Grylls of diets|False|[]|2|[]
10|10||3.0|546fd99cdb8155e6700d6ec8|||1.0|54a4810929aec36b6af1bf47|[]|[]|22|2014-12-31T23:04:41.055Z||haha|False|[]|1|[]
11|11|||546fcc4cdb8155e6700d6e97|||1.0|54a4810bb2b2de4b786502cb|[]|[]|22|2014-12-31T23:04:43.413Z||I have zero intention of doing the whole diet bit of it, I just want the nommy creamy fatty coffee|False|[]|1|[]
12|12|||546fcc4cdb8155e6700d6e97|||1.0|54a4810e9597baaa7dcecebd|[]|[]|22|2014-12-31T23:04:46.129Z||and the energy|False|[]|1|[]
13|13||3.0|546fd99cdb8155e6700d6ec8|||1.0|54a4811629aec36b6af1bf48|[]|[]|22|2014-12-31T23:04:54.345Z||I can't help but laugh at my own joke/reference lol|False|[]|1|[]
14|14||3.0|546fd99cdb8155e6700d6ec8|||1.0|54a4814f29aec36b6af1bf4e|[]|[]|22|2014-12-31T23:05:51.589Z||Anyone near LA/Santa Monica, CA want to host me and my wife for a week or two? :D|False|[]|1|[]
15|15||3.0|546fd99cdb8155e6700d6ec8|||1.0|54a481519597baaa7dcecec3|[]|[]|22|2014-12-31T23:05:53.678Z||haha|False|[]|1|[]
16|16|||546fcc4cdb8155e6700d6e97|||1.0|54a4819db2b2de4b786502d7|[]|[]|22|2014-12-31T23:07:09.413Z||I would if I didn’t have my son and his family camping in my den|False|[]|1|[]
17|17|||546fcc4cdb8155e6700d6e97|||1.0|54a481ac9597baaa7dceced0|[]|[]|23|2014-12-31T23:07:24.557Z||tho we aren’t that close to santa monica|False|[]|1|[]
18|18|2014-12-31T23:10:17.313Z|3.0|546fd99cdb8155e6700d6ec8|||1.0|54a4824929aec36b6af1bf64|[]|[]|21|2014-12-31T23:10:01.696Z||"How close is ""not that close""? lol"|False|[]|2|[]
19|19|||546fcc4cdb8155e6700d6e97|||1.0|54a4831729aec36b6af1bf77|[]|[]|20|2014-12-31T23:13:27.943Z||hmm, 2 hour drive, but thats because the freeways are a nightmare :)|False|[]|1|[]
20|20||3.0|5466246ddb8155e6700d4a1a|||3.0|54a483939597baaa7dcecf07|[]|[]|19|2014-12-31T23:15:31.825Z||Here's one of the things I love about Meteor and everything that surrounds it's structure...the way that things associated to Meteor directly reference back to the branding idea of an actual physical meteor object.|False|[]|1|[]
21|21||3.0|5466246ddb8155e6700d4a1a|||3.0|54a483c49597baaa7dcecf0e|[]|[]|18|2014-12-31T23:16:20.840Z||Atmosphere as the package manager|False|[]|1|[]
22|22||3.0|5466246ddb8155e6700d4a1a|||3.0|54a484139597baaa7dcecf16|[]|[]|17|2014-12-31T23:17:39.358Z||Meteorites as the package installer|False|[]|1|[]
23|23||3.0|5466246ddb8155e6700d4a1a|||3.0|54a48462b2b2de4b7865030c|[]|[]|18|2014-12-31T23:18:58.066Z||The oortcloud...etc|False|[]|1|[]
24|24|||546fcc4cdb8155e6700d6e97|||1.0|54a484a99597baaa7dcecf22|[]|[]|17|2014-12-31T23:20:09.388Z||HAH I’m using skitch for bills my kids owe me, pink pointers everywhere!|False|[]|1|[]
25|25|||546fcc4cdb8155e6700d6e97|||1.0|54a484b89597baaa7dcecf23|[]|[]|18|2014-12-31T23:20:24.374Z||I’m the most annoying mom|False|[]|1|[]
26|26||3.0|546fd99cdb8155e6700d6ec8|||1.0|54a484ec9597baaa7dcecf27|[]|[]|19|2014-12-31T23:21:16.778Z||@5466246ddb8155e6700d4a1a Meteorites is not a thing anymore :P|False|[]|1|['5466246ddb8155e6700d4a1a']
27|27||3.0|5466246ddb8155e6700d4a1a|||3.0|54a484fbb2b2de4b78650314|[]|[]|19|2014-12-31T23:21:31.693Z||lame|False|[]|1|[]
28|28||3.0|546fd99cdb8155e6700d6ec8|||1.0|54a484ff29aec36b6af1bf9f|[]|[]|18|2014-12-31T23:21:35.055Z||it is now the term used to describe someone who is a meteor developer|False|[]|1|[]
29|29||3.0|546fd99cdb8155e6700d6ec8|||1.0|54a485099597baaa7dcecf2f|[]|[]|18|2014-12-31T23:21:45.056Z||(and it was replaced by atmosphere)|False|[]|1|[]
30|30||3.0|5466246ddb8155e6700d4a1a|||3.0|54a4850bb2b2de4b78650316|[]|[]|19|2014-12-31T23:21:47.294Z||!lame anymore|False|[]|1|[]
31|31||3.0|5466246ddb8155e6700d4a1a|||3.0|54a4852729aec36b6af1bfa6|[]|[]|19|2014-12-31T23:22:15.635Z||that sounds cooler than a Djangonaut|False|[]|1|[]
32|32||3.0|5466246ddb8155e6700d4a1a|||3.0|54a4853429aec36b6af1bfa8|[]|[]|19|2014-12-31T23:22:28.138Z||or better yet...a Pythonista|False|[]|1|[]
33|33||3.0|5466246ddb8155e6700d4a1a|||3.0|54a48539b2b2de4b7865031e|[]|[]|19|2014-12-31T23:22:33.823Z||always hated that|False|[]|1|[]
34|34||3.0|546fd99cdb8155e6700d6ec8|||1.0|54a4855eb2b2de4b78650321|[]|[]|18|2014-12-31T23:23:10.118Z||lol|False|[]|1|[]
35|35|||54711060db8155e6700d72c1|||1.0|54a4885329aec36b6af1bfd2|[]|[]|17|2014-12-31T23:35:47.075Z||"when making the robot eyes blink I get  lasers but there is some problem.
There are 2 eyes when they are white and 1 eye - red"|False|[]|1|[]
36|36||3.0|546fd99cdb8155e6700d6ec8|||1.0|54a4888029aec36b6af1bfd6|[]|[]|17|2014-12-31T23:36:32.121Z||@54711060db8155e6700d72c1 That is a bug/flaw in the Dash course. it's not your fault haha|False|[]|1|['54711060db8155e6700d72c1']
37|37||3.0|546fd99cdb8155e6700d6ec8|||1.0|54a488a529aec36b6af1bfdb|[]|[]|16|2014-12-31T23:37:09.708Z||think about the way you created two eyes in the first place and do the same thing on the  `@keyframes blink` sections|False|[]|1|[]
38|38|||54711060db8155e6700d72c1|||1.0|54a488a5b2b2de4b78650348|[]|[]|16|2014-12-31T23:37:09.871Z||bummer I want them both to turn red|False|[]|1|[]
39|39|||54711060db8155e6700d72c1|||1.0|54a488bb29aec36b6af1bfde|[]|[]|16|2014-12-31T23:37:31.442Z||ok Ill try that|False|[]|1|[]
40|40||3.0|546fd99cdb8155e6700d6ec8|||1.0|54a488c69597baaa7dcecf66|[]|[]|15|2014-12-31T23:37:42.717Z||:)|False|[]|1|[]
41|41|||54a48917db8155e6700e4887||||54a48946b2b2de4b78650359|[]|[]|15|2014-12-31T23:39:50.919Z||Hello Everyone I am new here|False|[]|1|[]
42|42|||54987ee2db8155e6700e2207|||1.0|54a48957b2b2de4b7865035a|[]|[]|15|2014-12-31T23:40:07.870Z||So just finished up the jQuery Challenges and Im getting the hang of it, is there any benefit to continue learning this with Code School, or should I stay on track with the FCC challenges.|False|[]|1|[]
43|43|||546fcc4cdb8155e6700d6e97|||1.0|54a4896e9597baaa7dcecf71|[]|[]|16|2014-12-31T23:40:30.515Z||welcome to FreeCodeCamp @54a48917db8155e6700e4887 |False|[]|1|['54a48917db8155e6700e4887']
44|44|||546fcc4cdb8155e6700d6e97|||1.0|54a4899a29aec36b6af1bfea|[]|[]|17|2014-12-31T23:41:14.246Z||I’m partial to FCC challenges @54987ee2db8155e6700e2207 :)|False|[]|1|['54987ee2db8155e6700e2207']
45|45||3.0|546fd99cdb8155e6700d6ec8|||1.0|54a489b729aec36b6af1bfef|[]|[]|16|2014-12-31T23:41:43.905Z||@54987ee2db8155e6700e2207 I would just stick with the FCC stuff. but feel free to pay loads of money to keep learning with code school|False|[]|1|['54987ee2db8155e6700e2207']
46|46||3.0|54a0ace5db8155e6700e38bf|||2.0|54a489b8b2b2de4b7865035d|[]|[]|16|2014-12-31T23:41:44.186Z||@54711060db8155e6700d72c1 Hello, first of all Happy new year! , secondly, you need to add another (background-size: 75px 150px); to each @keyframe.|False|[]|1|['54711060db8155e6700d72c1']
47|47|||546fcc4cdb8155e6700d6e97|||1.0|54a489ba9597baaa7dcecf78|[]|[]|16|2014-12-31T23:41:46.344Z||I think you’ll get plenty of exposure through out the challenges|False|[]|1|[]
48|48|||54987ee2db8155e6700e2207|||1.0|54a489d029aec36b6af1bff3|[]|[]|16|2014-12-31T23:42:08.398Z||@546fd99cdb8155e6700d6ec8 that was really my question|False|[]|1|['546fd99cdb8155e6700d6ec8']
49|49|||54711060db8155e6700d72c1|||1.0|54a48a2029aec36b6af1bff6|[]|[]|17|2014-12-31T23:43:28.814Z||thanks @546fd99cdb8155e6700d6ec8 @54a0ace5db8155e6700e38bf just got it working|False|[]|1|['546fd99cdb8155e6700d6ec8', '54a0ace5db8155e6700e38bf']
50|50||3.0|546fd99cdb8155e6700d6ec8|||1.0|54a48a6bb2b2de4b78650360|[]|[]|17|2014-12-31T23:44:43.713Z||@54711060db8155e6700d72c1 Good job!|False|[]|1|['54711060db8155e6700d72c1']
51|51|||54a48acddb8155e6700e488f||||54a48b0a29aec36b6af1c006|[]|[]|19|2014-12-31T23:47:22.071Z||hi everybody!|False|[]|1|[]
52|52||3.0|54a25226db8155e6700e3e0b|||2.0|54a48b16b2b2de4b7865036f|[]|[]|20|2014-12-31T23:47:34.390Z||Hello @54a48acddb8155e6700e488f |False|[]|1|['54a48acddb8155e6700e488f']
53|53|||54a48917db8155e6700e4887||||54a48b1e29aec36b6af1c007|[]|[]|20|2014-12-31T23:47:42.490Z||thanks .|False|[]|1|[]
54|54|||54a48917db8155e6700e4887||||54a48b2f9597baaa7dcecf9d|[]|[]|20|2014-12-31T23:47:59.687Z||hello @mkey007|False|[]|1|[]
55|55|2014-12-31T23:52:19.593Z|3.0|54a48bffdb8155e6700e4893|||1.0|54a48c269597baaa7dcecfab|[]|[]|21|2014-12-31T23:52:06.136Z||Hello world|False|[]|2|[]
56|56||3.0|53a8d245a9176b500d1cf0de|||4.0|54a48c7229aec36b6af1c01a|[]|[]|20|2014-12-31T23:53:22.613Z||hi everyone|False|[]|1|[]
57|57|||54a48acddb8155e6700e488f||||54a48c84b2b2de4b7865038e|[]|[]|23|2014-12-31T23:53:40.082Z||hi @53a8d245a9176b500d1cf0de |False|[]|1|['53a8d245a9176b500d1cf0de']
58|58|||54a48acddb8155e6700e488f||||54a48c8fb2b2de4b78650392|[]|[]|23|2014-12-31T23:53:51.522Z||good to meet you all, good luck with the course!|False|[]|1|[]
59|59|||546fcc4cdb8155e6700d6e97|||1.0|54a48cc6b2b2de4b78650398|[]|[]|23|2014-12-31T23:54:46.566Z||Hi there @53a8d245a9176b500d1cf0de |False|[]|1|['53a8d245a9176b500d1cf0de']
60|60||3.0|54a47c23db8155e6700e4869|||1.0|54a48cfbb2b2de4b7865039c|[]|[]|24|2014-12-31T23:55:39.490Z||Speeding through the first challenges on general assembly pretty fast|False|[]|1|[]
61|61||3.0|54a47c23db8155e6700e4869|||1.0|54a48d1029aec36b6af1c028|[]|[]|23|2014-12-31T23:56:00.630Z||Really happy with some progress!|False|[]|1|[]
62|62||3.0|5466246ddb8155e6700d4a1a|||3.0|54a48d9cb2b2de4b786503a4|[]|[]|23|2014-12-31T23:58:20.051Z||"@54a47c23db8155e6700e4869 that's what it's all about. It's a great feeling when things start to ""click"""|False|[]|1|['54a47c23db8155e6700e4869']
63|63||3.0|547cbe4edb8155e6700da22a|||1.0|54a48dadb2b2de4b786503a8|[]|[]|22|2014-12-31T23:58:37.766Z||"@54a47e0cdb8155e6700e486e Welcome to FCC Janet. Another Los Angeles gal.
"|False|[]|1|['54a47e0cdb8155e6700e486e']
64|64||3.0|54a0ace5db8155e6700e38bf|||2.0|54a48ee929aec36b6af1c045|[]|[]|21|2015-01-01T00:03:53.584Z||Why doesn't this page automatically update?(Chat). I was doing some stuff in Chrome, got back and saw no new messages, hit F5 and new messages popped up. I am missing something here obviously :/ |False|[]|1|[]
65|65||3.0|54a25226db8155e6700e3e0b|||2.0|54a48f3fb2b2de4b786503cd|[]|[]|21|2015-01-01T00:05:19.246Z||It's updating in mine (Opera though, yeah, Opera). It even chimes with every message. |False|[]|1|[]
66|66||3.0|54a49008db8155e6700e4899|||1.0|54a49015b2b2de4b786503d3|[]|[]|22|2015-01-01T00:08:53.590Z||ayy lmao|False|[]|1|[]
67|67|||54a48acddb8155e6700e488f||||54a492589597baaa7dced009|[]|[]|20|2015-01-01T00:18:32.259Z||doing the robot challenge, neat|False|[]|1|[]
68|68|||54a48acddb8155e6700e488f||||54a4928f9597baaa7dced00d|[]|[]|21|2015-01-01T00:19:27.472Z||happy new year folks! :D|False|[]|1|[]
69|69|||546fcc4cdb8155e6700d6e97|||1.0|54a492a3b2b2de4b786503f5|[]|[]|21|2015-01-01T00:19:47.024Z||Happy New Year|False|[]|1|[]
70|70||3.0|546fc9f1db8155e6700d6e8c|||3.0|54a492aa9597baaa7dced00e|[]|[]|21|2015-01-01T00:19:54.280Z||@54a48acddb8155e6700e488f Happy new year!|False|[]|1|['54a48acddb8155e6700e488f']
71|71||3.0|549dfc66db8155e6700e328a|||1.0|54a492c19597baaa7dced010|[]|[]|21|2015-01-01T00:20:17.226Z||"@546fc9f1db8155e6700d6e8c "" Yes, we decided the SQL challenges were sub-par, and there weren’t any good resources with which to replace them. It wasn’t an easy decision."" Oh, this was meant to me? :D I am not farouk23. :D"|False|[]|1|['546fc9f1db8155e6700d6e8c']
72|72||3.0|549dfc66db8155e6700e328a|||1.0|54a492ea9597baaa7dced015|[]|[]|21|2015-01-01T00:20:58.838Z||P.S. Happy new year!|False|[]|1|[]
73|73||3.0|54a49356db8155e6700e48a2|||1.0|54a493639597baaa7dced019|[]|[]|22|2015-01-01T00:22:59.106Z||Happy new year everyone |False|[]|1|[]
74|74||3.0|546fc9f1db8155e6700d6e8c|||3.0|54a493b1b2b2de4b786503ff|[]|[]|21|2015-01-01T00:24:17.565Z||@54715346db8155e6700d7373 Yes, we decided the SQL challenges were sub-par, and there weren’t any good resources with which to replace them. It wasn’t an easy decision.|False|[]|1|['54715346db8155e6700d7373']
75|75||3.0|546fc9f1db8155e6700d6e8c|||3.0|54a493c59597baaa7dced021|[]|[]|21|2015-01-01T00:24:37.168Z||@549dfc66db8155e6700e328a Thanks! I use tab completion and sometimes I select the wrong recipient for my message :)|False|[]|1|['549dfc66db8155e6700e328a']
76|76||3.0|546fc9f1db8155e6700d6e8c|||3.0|54a493cbb2b2de4b78650401|[]|[]|21|2015-01-01T00:24:43.359Z||@54a49356db8155e6700e48a2 Happy New Year!|False|[]|1|['54a49356db8155e6700e48a2']
77|77|||546fcc4cdb8155e6700d6e97|||1.0|54a493e129aec36b6af1c080|[]|[]|21|2015-01-01T00:25:05.016Z||I do it all the time :)|False|[]|1|[]
78|78||3.0|54a49404db8155e6700e48a6|||1.0|54a4944a29aec36b6af1c084|[]|[]|22|2015-01-01T00:26:50.433Z||hello, world!  Newby to Free Code Camp here.|False|[]|1|[]
79|79||3.0|546fc9f1db8155e6700d6e8c|||3.0|54a494509597baaa7dced024|[]|[]|23|2015-01-01T00:26:56.871Z||I’m working on the FIRST EVER email to send out to our Code Campers. I’ve avoided bombarding them with email, but I figure, why not wish everyone a happy new year?|False|[]|1|[]
80|80||3.0|546fc9f1db8155e6700d6e8c|||3.0|54a49461b2b2de4b78650407|[]|[]|23|2015-01-01T00:27:13.134Z||@54a49404db8155e6700e48a6 Nice name :) Welcome to our community|False|[]|1|['54a49404db8155e6700e48a6']
81|81||3.0|547292dadb8155e6700d7728|||5.0|54a494b89597baaa7dced02a|[]|[]|23|2015-01-01T00:28:40.965Z||@54a49404db8155e6700e48a6 Greetings and welcome to FCC!|False|[]|1|['54a49404db8155e6700e48a6']
82|82|||546fcc4cdb8155e6700d6e97|||1.0|54a494f2b2b2de4b7865040f|[]|[]|23|2015-01-01T00:29:38.557Z||greetings @54a49404db8155e6700e48a6 welcome aboard|False|[]|1|['54a49404db8155e6700e48a6']
83|83||3.0|547677e7db8155e6700d8895|||2.0|54a49503b2b2de4b78650412|[]|[]|25|2015-01-01T00:29:55.068Z||Hello all! I was away on vacation for a while there|False|[]|1|[]
84|84||3.0|547677e7db8155e6700d8895|||2.0|54a4950e9597baaa7dced032|[]|[]|25|2015-01-01T00:30:06.857Z||opened my first GitHub repository while I was away though :)|False|[]|1|[]
85|85|||546fcc4cdb8155e6700d6e97|||1.0|54a4952b9597baaa7dced036|[]|[]|25|2015-01-01T00:30:35.405Z||welcome back I hope you had a great vacation @547677e7db8155e6700d8895 |False|[]|1|['547677e7db8155e6700d8895']
86|86||3.0|54a49404db8155e6700e48a6|||1.0|54a4952eb2b2de4b78650415|[]|[]|24|2015-01-01T00:30:38.004Z||Thank you, and Happy New Year!|False|[]|1|[]
87|87||3.0|547677e7db8155e6700d8895|||2.0|54a496cbb2b2de4b78650431|[]|[]|24|2015-01-01T00:37:31.755Z||I did for sure. Helped my brother program a random name generator for an incremental clicker game based on Too Many Cooks|False|[]|1|[]
88|88||3.0|547677e7db8155e6700d8895|||2.0|54a497489597baaa7dced04d|[]|[]|24|2015-01-01T00:39:36.387Z||And then decided I wanted get into Javascript/Canvas game programming but realized I was in way over my head real fast|False|[]|1|[]
89|89||3.0|547677e7db8155e6700d8895|||2.0|54a4989ab2b2de4b7865043e|[]|[]|21|2015-01-01T00:45:14.394Z||So I'm going to commit to more FreeCodeCamp lessons before I tackle the new project :)|False|[]|1|[]
90|90||3.0|549dfc66db8155e6700e328a|||1.0|54a498f99597baaa7dced053|[]|[]|20|2015-01-01T00:46:49.629Z||2015 Resolution: I am going to learn how to do CRUD operations on the DOM using JQuery. :)|False|[]|1|[]
91|91||3.0|547292dadb8155e6700d7728|||5.0|54a4992529aec36b6af1c0a8|[]|[]|22|2015-01-01T00:47:33.255Z||@547677e7db8155e6700d8895 @549dfc66db8155e6700e328a Great goals for the new year :)|False|[]|1|['547677e7db8155e6700d8895', '549dfc66db8155e6700e328a']
92|92||3.0|549dfc66db8155e6700e328a|||1.0|54a499a99597baaa7dced056|[]|[]|21|2015-01-01T00:49:45.245Z||;)|False|[]|1|[]
93|93||3.0|5466246ddb8155e6700d4a1a|||3.0|54a49c30b2b2de4b7865044f|[]|[]|20|2015-01-01T01:00:32.592Z||"My New Years Resolution for 2015: ""Don't sweat the petty, and don't pet the sweaty."""|False|[]|1|[]
94|94||3.0|5466246ddb8155e6700d4a1a|||3.0|54a49c5b29aec36b6af1c0c0|[]|[]|19|2015-01-01T01:01:15.366Z||What's your New Years Resolutions for 2015?|False|[]|1|[]
95|95|||546fcc4cdb8155e6700d6e97|||1.0|54a49dab29aec36b6af1c0d1|[]|[]|18|2015-01-01T01:06:51.524Z||I don’t do resolutions :) I try to always be and do my best|False|[]|1|[]
96|96||3.0|54a0a9abdb8155e6700e38af|||2.0|54a49dcf29aec36b6af1c0d4|[]|[]|18|2015-01-01T01:07:27.728Z||"my NYR is to ""Make concrete efforts to change the things in my life I don't like.... ie job""... my stretch NYR is to find a way to move my family to Colorado and out of the southeast where we are so freaking conservative we miss the forest for the trees."|False|[]|1|[]
97|97||3.0|54a49effdb8155e6700e48ce|||1.0|54a49f229597baaa7dced07b|[]|[]|17|2015-01-01T01:13:06.864Z||Wow FreeCodeCamp is pretty awesome. Im still new to all of this but Im looking for anyone who to program/code together|False|[]|1|[]
98|98|||54a4a00ddb8155e6700e48d7||||54a4a05429aec36b6af1c0e9|[]|[]|16|2015-01-01T01:18:12.865Z||Hello campers. :P|False|[]|1|[]
99|99||3.0|54a0a9abdb8155e6700e38af|||2.0|54a4a090b2b2de4b78650475|[]|[]|16|2015-01-01T01:19:12.554Z||Hi @54a4a00ddb8155e6700e48d7 , Happy New Year to you!|False|[]|1|['54a4a00ddb8155e6700e48d7']
100|100|||546fcc4cdb8155e6700d6e97|||1.0|54a4a0b99597baaa7dced084|[]|[]|16|2015-01-01T01:19:53.560Z||hello @54a4a00ddb8155e6700e48d7 |False|[]|1|['54a4a00ddb8155e6700e48d7']
101|101|||||||54a4a0de29aec36b6af1c0ef|[]|[]|16|2015-01-01T01:20:30.403Z||hello world!|False|[]|1|[]
102|102||3.0|546fc9f1db8155e6700d6e8c|||3.0|54a4a0f09597baaa7dced088|[]|[]|16|2015-01-01T01:20:48.606Z||@54a4a0c4db8155e6700e48df Welcome to our community!|False|[]|1|['54a4a0c4db8155e6700e48df']
103|103||3.0|546fc9f1db8155e6700d6e8c|||3.0|54a4a10229aec36b6af1c0f0|[]|[]|16|2015-01-01T01:21:06.216Z||@54a4a00ddb8155e6700e48d7 nice photo. Are you interested in Astronomy?|False|[]|1|['54a4a00ddb8155e6700e48d7']
104|104|||54a4a00ddb8155e6700e48d7||||54a4a11329aec36b6af1c0f2|[]|[]|16|2015-01-01T01:21:23.076Z||Yes, same to you. :) Ticket queue at work is very slow right now, so I decided do some reading on, you know, stuff, and I stumbled on the FreeCodeCamp site tonight. |False|[]|1|[]
105|105|||54a4a00ddb8155e6700e48d7||||54a4a144b2b2de4b7865047f|[]|[]|16|2015-01-01T01:22:12.112Z||I am interested in Star Trek. Does that count? Astral bodies are cool, but my knowledge of astronomy is minimal.|False|[]|1|[]
106|106|||||||54a4a1499597baaa7dced08d|[]|[]|17|2015-01-01T01:22:17.160Z||Thanks @546fc9f1db8155e6700d6e8c :)|False|[]|1|['546fc9f1db8155e6700d6e8c']
107|107||3.0|546fc9f1db8155e6700d6e8c|||3.0|54a4a1679597baaa7dced094|[]|[]|17|2015-01-01T01:22:47.790Z||@54a4a00ddb8155e6700e48d7 Which captain is your favorite?|False|[]|1|['54a4a00ddb8155e6700e48d7']
108|108|||54a4a00ddb8155e6700e48d7||||54a4a188b2b2de4b78650482|[]|[]|17|2015-01-01T01:23:20.124Z||Oh boy, the debate of the ages. I'll have to go with Sisko, I think. What about you?|False|[]|1|[]
109|109||3.0|547cbe4edb8155e6700da22a|||1.0|54a4a19f9597baaa7dced096|[]|[]|17|2015-01-01T01:23:43.003Z||picard|False|[]|1|[]
110|110|||||||54a4a22b9597baaa7dced099|[]|[]|17|2015-01-01T01:26:03.133Z||I've found Free Code Camp in reddit and I already know to code. I'm interested in socialize with other devs|False|[]|1|[]
111|111|||54a4a00ddb8155e6700e48d7||||54a4a22eb2b2de4b78650485|[]|[]|17|2015-01-01T01:26:06.613Z||There's no BAD captain. It's so hard to choose.|False|[]|1|[]
112|112||3.0|546fd99cdb8155e6700d6ec8|||1.0|54a4a2389597baaa7dced09a|[]|[]|16|2015-01-01T01:26:16.861Z||@54a0ace5db8155e6700e38bf Gitter is still relatively new and kinda of buggy so it needs to be refreshed manually pretty often|False|[]|1|['54a0ace5db8155e6700e38bf']
113|113||3.0|546fc9f1db8155e6700d6e8c|||3.0|54a4a2649597baaa7dced09f|[]|[]|16|2015-01-01T01:27:00.649Z||@54a4a0c4db8155e6700e48df Great! You came to the right place. Keep in mind that most people are new or intermediate devs|False|[]|1|['54a4a0c4db8155e6700e48df']
114|114||3.0|546fc9f1db8155e6700d6e8c|||3.0|54a4a27229aec36b6af1c104|[]|[]|16|2015-01-01T01:27:14.489Z||@54a4a0c4db8155e6700e48df do you do much Express.js development?|False|[]|1|['54a4a0c4db8155e6700e48df']
115|115||3.0|546fc9f1db8155e6700d6e8c|||3.0|54a4a2849597baaa7dced0a1|[]|[]|16|2015-01-01T01:27:32.425Z||@54a4a00ddb8155e6700e48d7 Safe answer ;) |False|[]|1|['54a4a00ddb8155e6700e48d7']
116|116|||54a4a00ddb8155e6700e48d7||||54a4a28d9597baaa7dced0a3|[]|[]|16|2015-01-01T01:27:41.338Z||lol|False|[]|1|[]
117|117||3.0|546fc9f1db8155e6700d6e8c|||3.0|54a4a29729aec36b6af1c107|[]|[]|16|2015-01-01T01:27:51.478Z||@547cbe4edb8155e6700da22a Picard FTW.|False|[]|1|['547cbe4edb8155e6700da22a']
118|118||3.0|546fc9f1db8155e6700d6e8c|||3.0|54a4a2ceb2b2de4b7865048d|[]|[]|17|2015-01-01T01:28:46.563Z||I’m still waiting for Star Trek the Next Next Generation with Wesley Crusher at the helm|False|[]|1|[]
119|119|||54a4a00ddb8155e6700e48d7||||54a4a2ed29aec36b6af1c10a|[]|[]|17|2015-01-01T01:29:17.275Z||Didn't he abandon starfleet for the Traveler's powers? >.>|False|[]|1|[]
120|120|||54a4a00ddb8155e6700e48d7||||54a4a2f3b2b2de4b78650491|[]|[]|17|2015-01-01T01:29:23.232Z||Aaaaaaaaaaanyway....|False|[]|1|[]
121|121|||54a4a00ddb8155e6700e48d7||||54a4a2f429aec36b6af1c10b|[]|[]|18|2015-01-01T01:29:24.003Z||lol|False|[]|1|[]
122|122|||54a4a00ddb8155e6700e48d7||||54a4a3069597baaa7dced0a9|[]|[]|18|2015-01-01T01:29:42.372Z||I'm way too into the Trek convo atm. :)|False|[]|1|[]
123|123||3.0|546fd99cdb8155e6700d6ec8|||1.0|54a4a31b29aec36b6af1c10e|[]|[]|18|2015-01-01T01:30:03.733Z|True|@546fd99cdb8155e6700d6ec8 in bed at 7:30 on New Years Eve. #OfficiallyOld|False|[]|1|['546fd99cdb8155e6700d6ec8']
124|124|||546fcc4cdb8155e6700d6e97|||1.0|54a4a31d9597baaa7dced0aa|[]|[]|18|2015-01-01T01:30:05.214Z||Janeway |False|[]|1|[]
125|125|||546fcc4cdb8155e6700d6e97|||1.0|54a4a386b2b2de4b78650493|[]|[]|20|2015-01-01T01:31:50.624Z||"""There are three things to remember about being a starship captain: keep your shirt tucked in, go down with the ship, and never abandon a member of your crew."""|False|[]|1|[]
126|126|||||||54a4a39229aec36b6af1c110|[]|[]|20|2015-01-01T01:32:02.517Z||@546fc9f1db8155e6700d6e8c No problem. I work as a native mobile developer but I really don't have much experience in the javascript ecosystem.... Maybe this would be a good oportunity to learn and practice it.|False|[]|1|['546fc9f1db8155e6700d6e8c']
127|127||3.0|547cbe4edb8155e6700da22a|||1.0|54a4a3aab2b2de4b78650494|[]|[]|21|2015-01-01T01:32:26.167Z||Janeway was cool but she had that Pepperidge Farms voice.|False|[]|1|[]
128|128|||546fcc4cdb8155e6700d6e97|||1.0|54a4a3bf29aec36b6af1c112|[]|[]|21|2015-01-01T01:32:47.378Z||you mean upper east coast?|False|[]|1|[]
129|129||3.0|547cbe4edb8155e6700da22a|||1.0|54a4a3ebb2b2de4b78650496|[]|[]|21|2015-01-01T01:33:31.727Z||Big fan of BSG both old and new. Is that what her accent was? :)|False|[]|1|[]
130|130|||546fcc4cdb8155e6700d6e97|||1.0|54a4a41db2b2de4b78650498|[]|[]|21|2015-01-01T01:34:21.325Z||well I didn’t hear it but it is the pepperidge farms guys accent|False|[]|1|[]
131|131|||546fcc4cdb8155e6700d6e97|||1.0|54a4a42629aec36b6af1c115|[]|[]|20|2015-01-01T01:34:30.237Z||sort of maine newhampshire|False|[]|1|[]
132|132|||54a4a00ddb8155e6700e48d7||||54a4a4519597baaa7dced0b0|[]|[]|20|2015-01-01T01:35:13.095Z||Janeway was great. Captains gotta have coffee.|False|[]|1|[]
133|133||3.0|547cbe4edb8155e6700da22a|||1.0|54a4a4999597baaa7dced0b2|[{'number': '56'}]|[]|20|2015-01-01T01:36:25.226Z||"http://www.ejge.com/People/janeway.htm
#56 !"|False|[{'url': 'http://www.ejge.com/People/janeway.htm'}]|1|[]
134|134|||546fcc4cdb8155e6700d6e97|||1.0|54a4a49ab2b2de4b7865049d|[]|[]|20|2015-01-01T01:36:26.856Z||oh yes|False|[]|1|[]
135|135|||54a4a00ddb8155e6700e48d7||||54a4a4b229aec36b6af1c119|[]|[]|19|2015-01-01T01:36:50.491Z||hahaha nice!|False|[]|1|[]
136|136|||546fcc4cdb8155e6700d6e97|||1.0|54a4a4f029aec36b6af1c11b|[]|[]|20|2015-01-01T01:37:52.738Z||"no. 43 was changed before she took the helm to “no ONE has gone before"""|False|[]|1|[]
137|137|2015-01-01T01:40:44.100Z|3.0|547cbe4edb8155e6700da22a|||1.0|54a4a56d29aec36b6af1c11f|[]|[]|19|2015-01-01T01:39:57.018Z||I watched a lot of Star Trek... Never got into Jonathan Archer. I think he quantum leaped into that seat.|False|[]|2|[]
138|138|||54a4a00ddb8155e6700e48d7||||54a4a59e29aec36b6af1c120|[]|[]|20|2015-01-01T01:40:46.348Z||Enterprise is cool (despite the ret-con of Klingon foreheads), but Bakula does seem out of place.|False|[]|1|[]
139|139|||546fcc4cdb8155e6700d6e97|||1.0|54a4a5a629aec36b6af1c121|[]|[]|20|2015-01-01T01:40:54.993Z||Archer was my least fav, way to emo|False|[]|1|[]
140|140||3.0|547cbe4edb8155e6700da22a|||1.0|54a4a5afb2b2de4b786504aa|[]|[]|22|2015-01-01T01:41:03.388Z||:)|False|[]|1|[]
141|141|||546fcc4cdb8155e6700d6e97|||1.0|54a4a69929aec36b6af1c128|[]|[]|25|2015-01-01T01:44:57.395Z||and his vulcan was far to emotional|False|[]|1|[]
142|142|||54a4a00ddb8155e6700e48d7||||54a4a6b729aec36b6af1c12c|[]|[]|25|2015-01-01T01:45:27.835Z||Pon Far like every other season|False|[]|1|[]
143|143|||546fcc4cdb8155e6700d6e97|||1.0|54a4a6e59597baaa7dced0b9|[]|[]|24|2015-01-01T01:46:13.699Z||yeah ridiculous left track from what we know|False|[]|1|[]
144|144|||54a4a00ddb8155e6700e48d7||||54a4a6f39597baaa7dced0bb|[]|[]|25|2015-01-01T01:46:27.130Z||no mind melds! :(|False|[]|1|[]
145|145||3.0|546fc9f1db8155e6700d6e8c|||3.0|54a4a76bb2b2de4b786504b7|[]|[]|26|2015-01-01T01:48:27.820Z||@54a4a00ddb8155e6700e48d7 As long as no vulcans around, we don’t have to worry about that :)|False|[]|1|['54a4a00ddb8155e6700e48d7']
146|146||3.0|546fc9f1db8155e6700d6e8c|||3.0|54a4a79829aec36b6af1c133|[]|[]|26|2015-01-01T01:49:12.246Z||I’m going to grab dinner. I’ll be back in a bit. Have fun you guys!|False|[]|1|[]
147|147|||54a4a7f8db8155e6700e4904||||54a4a821b2b2de4b786504be|[]|[]|27|2015-01-01T01:51:29.884Z||hello world!|False|[]|1|[]
148|148|||546fcc4cdb8155e6700d6e97|||1.0|54a4a8359597baaa7dced0c6|[]|[]|27|2015-01-01T01:51:49.229Z||Welcome @54a4a7f8db8155e6700e4904 |False|[]|1|['54a4a7f8db8155e6700e4904']
149|149||3.0|5437c201db8155e6700ca8c7|||2.0|54a4aac529aec36b6af1c13a|[]|[]|24|2015-01-01T02:02:45.829Z||Hello world!|False|[]|1|[]
150|150||3.0|547cbe4edb8155e6700da22a|||1.0|54a4ab7d9597baaa7dced0d8|[]|[]|24|2015-01-01T02:05:49.943Z||Welcome to Free Code Camp @5437c201db8155e6700ca8c7 |False|[]|1|['5437c201db8155e6700ca8c7']
151|151|||546fcc4cdb8155e6700d6e97|||1.0|54a4ab9b9597baaa7dced0dd|[]|[]|24|2015-01-01T02:06:19.741Z||Hello @5437c201db8155e6700ca8c7 welcome to our community|False|[]|1|['5437c201db8155e6700ca8c7']
152|152||3.0|5437c201db8155e6700ca8c7|||2.0|54a4ac079597baaa7dced0e3|[]|[]|23|2015-01-01T02:08:07.814Z||Thanks!|False|[]|1|[]
153|153||3.0|549f7898db8155e6700e3586|||2.0|54a4ac6b9597baaa7dced0e6|[{'number': '4'}]|[]|24|2015-01-01T02:09:47.253Z||I enjoyed Challenge#4's supplement assignment to build themes with Tumblr. I don't use Tumblr, but it helped me improve my CSS skills. Good one! |False|[]|1|[]
154|154|||546fcc4cdb8155e6700d6e97|||1.0|54a4ad42b2b2de4b786504e1|[]|[]|23|2015-01-01T02:13:22.726Z||awesome|False|[]|1|[]
155|155||3.0|54a0f8e0db8155e6700e394c|||1.0|54a4af09b2b2de4b786504ee|[]|[]|21|2015-01-01T02:20:57.556Z||Happy new year everyone!|False|[]|1|[]
156|156|||546fcc4cdb8155e6700d6e97|||1.0|54a4af5f9597baaa7dced104|[]|[]|21|2015-01-01T02:22:23.460Z||Happy New Year @54a0f8e0db8155e6700e394c |False|[]|1|['54a0f8e0db8155e6700e394c']
157|157||3.0|547292dadb8155e6700d7728|||5.0|54a4b030b2b2de4b786504f2|[]|[]|19|2015-01-01T02:25:52.012Z||In another hour and a half it'll be new years for us :)|False|[]|1|[]
158|158|||546fcc4cdb8155e6700d6e97|||1.0|54a4b0539597baaa7dced108|[]|[]|18|2015-01-01T02:26:27.192Z||half an hour?|False|[]|1|[]
159|159|||546fcc4cdb8155e6700d6e97|||1.0|54a4b05bb2b2de4b786504f4|[]|[]|18|2015-01-01T02:26:35.235Z||oh hour and a half?|False|[]|1|[]
160|160|||546fcc4cdb8155e6700d6e97|||1.0|54a4b06429aec36b6af1c157|[]|[]|18|2015-01-01T02:26:44.290Z||sorry doing too many things at once lol|False|[]|1|[]
161|161||3.0|5473c1b7db8155e6700d7cf1|||3.0|54a4b075b2b2de4b786504f7|[]|[]|18|2015-01-01T02:27:01.123Z||I got like 4 and a half hours left|False|[]|1|[]
162|162||3.0|5471b82adb8155e6700d7478|||4.0|54a4b11229aec36b6af1c15a|[]|[]|19|2015-01-01T02:29:38.409Z||happy (new Date()).getTime().toString() @547292dadb8155e6700d7728 |False|[]|1|['547292dadb8155e6700d7728']
163|163|||546fcc4cdb8155e6700d6e97|||1.0|54a4b2fa29aec36b6af1c164|[]|[]|17|2015-01-01T02:37:46.663Z||some css3d and a lil bit of JS http://www.clicktorelease.com/code/css3dclouds/#|False|[{'url': 'http://www.clicktorelease.com/code/css3dclouds/#'}]|1|[]
164|164||3.0|549998fcdb8155e6700e264b|||2.0|54a4b38829aec36b6af1c166|[]|[]|18|2015-01-01T02:40:08.352Z||I will be back later. closer to midnight for EST time!|False|[]|1|[]
165|165||3.0|549998fcdb8155e6700e264b|||2.0|54a4b389b2b2de4b78650501|[]|[]|18|2015-01-01T02:40:09.309Z||ciao|False|[]|1|[]
166|166|||54a4b4bcdb8155e6700e491a||||54a4b4d229aec36b6af1c16c|[]|[]|17|2015-01-01T02:45:38.889Z||hello world!|False|[]|1|[]
167|167||3.0|54a0a9abdb8155e6700e38af|||2.0|54a4b4ee29aec36b6af1c16e|[]|[]|17|2015-01-01T02:46:06.169Z||@54a4b4bcdb8155e6700e491a finally someone a little closer to me! welcome!|False|[]|1|['54a4b4bcdb8155e6700e491a']
168|168||3.0|54a0a9abdb8155e6700e38af|||2.0|54a4b51729aec36b6af1c171|[]|[]|17|2015-01-01T02:46:47.312Z||and Happy New Year!|False|[]|1|[]
169|169|||54a4b4bcdb8155e6700e491a||||54a4b53bb2b2de4b78650507|[]|[]|17|2015-01-01T02:47:23.233Z||@54a0a9abdb8155e6700e38af Happy New Year! Carolinas, North or South, is a great place to be.|False|[]|1|['54a0a9abdb8155e6700e38af']
170|170||3.0|54a4b680db8155e6700e491e|||1.0|54a4b69c9597baaa7dced11c|[]|[]|17|2015-01-01T02:53:16.475Z||Hello World!|False|[]|1|[]
171|171||3.0|547292dadb8155e6700d7728|||5.0|54a4b6e529aec36b6af1c174|[]|[]|17|2015-01-01T02:54:29.506Z||@54a4b4bcdb8155e6700e491a @54a4b680db8155e6700e491e Greetings and welcome to FCC!|False|[]|1|['54a4b4bcdb8155e6700e491a', '54a4b680db8155e6700e491e']
172|172|||546fcc4cdb8155e6700d6e97|||1.0|54a4b6ffb2b2de4b7865050b|[]|[]|17|2015-01-01T02:54:55.056Z||hello @54a4b4bcdb8155e6700e491a and @54a4b680db8155e6700e491e welcome to our community|False|[]|1|['54a4b4bcdb8155e6700e491a', '54a4b680db8155e6700e491e']
173|173||3.0|54a4b680db8155e6700e491e|||1.0|54a4b71029aec36b6af1c178|[]|[]|17|2015-01-01T02:55:12.992Z||Thanks piecedigital and odrisck! I've been working alone on learning coding for a few months now, but I'm super excited to get involved with a community!|False|[]|1|[]
174|174||3.0|546fd99cdb8155e6700d6ec8|||1.0|54a4b72e29aec36b6af1c179|[]|[]|17|2015-01-01T02:55:42.478Z||"###So Awesome
https://www.youtube.com/watch?v=ort2TIwprIw"|False|[{'url': 'https://www.youtube.com/watch?v=ort2TIwprIw'}]|1|[]
175|175||3.0|54a4b680db8155e6700e491e|||1.0|54a4b79c9597baaa7dced11e|[]|[]|18|2015-01-01T02:57:32.636Z||So, quick question, I have someone else's picture showing up on my FreeCodeCamp account? Anyone know how to change it and how it might have gotten that way in the first place?|False|[]|1|[]
176|176||3.0|54a4b781db8155e6700e4922|||1.0|54a4b7f5b2b2de4b7865050f|[]|[]|19|2015-01-01T02:59:01.404Z||Happy New Year everyone - I'm so glad to be here - I hope we can all help each other, that's what it's all about!!|False|[]|1|[]
177|177|||546fcc4cdb8155e6700d6e97|||1.0|54a4b81429aec36b6af1c17d|[]|[]|18|2015-01-01T02:59:32.025Z||@54a4b680db8155e6700e491e do you log in with github?|False|[]|1|['54a4b680db8155e6700e491e']
178|178||3.0|5471b82adb8155e6700d7478|||4.0|54a4b82db2b2de4b78650510|[]|[]|18|2015-01-01T02:59:57.332Z||@54a4b680db8155e6700e491e it’s a bug we’re currently working out. Could you try logging in with a different method and linking your other social account?|False|[]|1|['54a4b680db8155e6700e491e']
179|179||3.0|54a4b680db8155e6700e491e|||1.0|54a4b8679597baaa7dced121|[]|[]|18|2015-01-01T03:00:55.607Z||I had initially logged in via GitHub, now I logged out and back in via Facebook and the same picture is appearing|False|[]|1|[]
180|180|||54711060db8155e6700d72c1|||1.0|54a4b8c3b2b2de4b78650512|[]|[]|16|2015-01-01T03:02:27.877Z||"when I click on the turn on/off eyes nothing happens even though I passed the check point: <button class=""flash"">Laser eyes on/off</button>

<script>
$('.flash').click(function() {
$('brain').toggleClass('laser');
});
</script>"|False|[]|1|[]
181|181||3.0|54a4b680db8155e6700e491e|||1.0|54a4b8e229aec36b6af1c180|[]|[]|17|2015-01-01T03:02:58.643Z||Kadams223, did you forget the ID selector # on 'brain'?|False|[]|1|[]
182|182||3.0|5471b82adb8155e6700d7478|||4.0|54a4b8e8b2b2de4b78650513|[]|[]|17|2015-01-01T03:03:04.538Z||@546fd99cdb8155e6700d6ec8 I’ll take the turbojet model|False|[]|1|['546fd99cdb8155e6700d6ec8']
183|183|||546fcc4cdb8155e6700d6e97|||1.0|54a4b8f329aec36b6af1c182|[]|[]|17|2015-01-01T03:03:15.333Z||@54711060db8155e6700d72c1 try copying your code over to codepen, see if it works properly there, mine wouldn’t work well in dash at all, but works great in codepen|False|[]|1|['54711060db8155e6700d72c1']
184|184|||546fcc4cdb8155e6700d6e97|||1.0|54a4b90d9597baaa7dced122|[]|[]|18|2015-01-01T03:03:41.401Z||@54a4b680db8155e6700e491e will you log out of FCC please, clear your browsers cache and log back in with something other than github, let me know if the issue remains please|False|[]|1|['54a4b680db8155e6700e491e']
185|185||3.0|5471b82adb8155e6700d7478|||4.0|54a4b9199597baaa7dced124|[]|[]|18|2015-01-01T03:03:53.579Z||get there faster in the air, and dissuade tailgaters on the ground|False|[]|1|[]
186|186||3.0|54a4b680db8155e6700e491e|||1.0|54a4b92429aec36b6af1c184|[]|[]|18|2015-01-01T03:04:04.112Z||odrisck, will do. I'll try doing it via a different browser too|False|[]|1|[]
187|187||3.0|54a4b680db8155e6700e491e|||1.0|54a4b93d9597baaa7dced125|[]|[]|17|2015-01-01T03:04:29.972Z||oh, I guess I should use @546fcc4cdb8155e6700d6e97 and such :+1: |False|[]|1|['546fcc4cdb8155e6700d6e97']
188|188|||546fcc4cdb8155e6700d6e97|||1.0|54a4b93fb2b2de4b78650515|[]|[]|17|2015-01-01T03:04:31.633Z||that would be great thank you, its a known bug we are working on, I apologize for the inconvenience|False|[]|1|[]
189|189|||546fcc4cdb8155e6700d6e97|||1.0|54a4b94b9597baaa7dced127|[]|[]|17|2015-01-01T03:04:43.564Z||:)|False|[]|1|[]
190|190||3.0|54a4b680db8155e6700e491e|||1.0|54a4b96729aec36b6af1c186|[]|[]|17|2015-01-01T03:05:11.984Z||@546fcc4cdb8155e6700d6e97 it's no problem, I just got a little freaked out when there was a Polish man's picture where mine was supposed to be :smile: |False|[]|1|['546fcc4cdb8155e6700d6e97']
191|191|||54711060db8155e6700d72c1|||1.0|54a4b97729aec36b6af1c188|[]|[]|17|2015-01-01T03:05:27.413Z||@546fcc4cdb8155e6700d6e97 ok will try that thanks again|False|[]|1|['546fcc4cdb8155e6700d6e97']
192|192|||546fcc4cdb8155e6700d6e97|||1.0|54a4b97a9597baaa7dced129|[]|[]|17|2015-01-01T03:05:30.115Z||I can imagine :)|False|[]|1|[]
193|193|||546fcc4cdb8155e6700d6e97|||1.0|54a4b97f29aec36b6af1c18a|[]|[]|17|2015-01-01T03:05:35.708Z||no problem @54711060db8155e6700d72c1 :)|False|[]|1|['54711060db8155e6700d72c1']
194|194||3.0|54a4b680db8155e6700e491e|||1.0|54a4ba1129aec36b6af1c18d|[]|[]|16|2015-01-01T03:08:01.400Z||@546fcc4cdb8155e6700d6e97 just logged in via Facebook on a different browser, same issue|False|[]|1|['546fcc4cdb8155e6700d6e97']
195|195|||546fcc4cdb8155e6700d6e97|||1.0|54a4ba369597baaa7dced12d|[]|[]|16|2015-01-01T03:08:38.185Z||interesting, thank you, I’ll let Quincy know|False|[]|1|[]
196|196||3.0|54a4b680db8155e6700e491e|||1.0|54a4ba7bb2b2de4b7865051c|[]|[]|16|2015-01-01T03:09:47.132Z||@546fcc4cdb8155e6700d6e97 sounds good...is that just a placeholder or something, or did someone else's info get loaded into my account somehow?|False|[]|1|['546fcc4cdb8155e6700d6e97']
197|197|||546fcc4cdb8155e6700d6e97|||1.0|54a4bab09597baaa7dced131|[]|[]|15|2015-01-01T03:10:40.492Z||no, there is an issue we are having with the github login, I’m sure its just confused and thinks you are that guy, Quincy will be on it as soon as he can|False|[]|1|[]
198|198|||546fcc4cdb8155e6700d6e97|||1.0|54a4bae329aec36b6af1c193|[]|[]|15|2015-01-01T03:11:31.254Z||when did you join FCC @54a4b680db8155e6700e491e ?|False|[]|1|['54a4b680db8155e6700e491e']
199|199||3.0|54a4b680db8155e6700e491e|||1.0|54a4bb2a29aec36b6af1c195|[]|[]|13|2015-01-01T03:12:42.216Z||@546fcc4cdb8155e6700d6e97 today, thought I'd get a good start on the new year :)|False|[]|1|['546fcc4cdb8155e6700d6e97']
200|200|||546fcc4cdb8155e6700d6e97|||1.0|54a4bb4929aec36b6af1c197|[]|[]|13|2015-01-01T03:13:13.224Z||thats fantastic, do you have a programming background or is this a career shift for you?|False|[]|1|[]
201|201||3.0|547b77bbdb8155e6700d996e|||1.0|54a4bba529aec36b6af1c198|[]|[]|14|2015-01-01T03:14:45.525Z||Howdy, I'm new here|False|[]|1|[]
202|202|||546fcc4cdb8155e6700d6e97|||1.0|54a4bbb1b2b2de4b78650523|[]|[]|14|2015-01-01T03:14:57.482Z||hi there @547b77bbdb8155e6700d996e welcome to our community|False|[]|1|['547b77bbdb8155e6700d996e']
203|203||3.0|547b77bbdb8155e6700d996e|||1.0|54a4bbbb29aec36b6af1c19a|[]|[]|14|2015-01-01T03:15:07.826Z||Hey, thanks!|False|[]|1|[]
204|204||3.0|54a4588bdb8155e6700e4806|||5.0|54a4bbc0b2b2de4b78650525|[]|[]|14|2015-01-01T03:15:12.038Z||Same here...stumbled upon it via reddit today. It's at the top of r/javascript|False|[]|1|[]
205|205|||546fcc4cdb8155e6700d6e97|||1.0|54a4bbcb9597baaa7dced13a|[]|[]|14|2015-01-01T03:15:23.654Z||welcome aboard @54a4588bdb8155e6700e4806 |False|[]|1|['54a4588bdb8155e6700e4806']
206|206||3.0|54a4b680db8155e6700e491e|||1.0|54a4bbd629aec36b6af1c19b|[]|[]|14|2015-01-01T03:15:34.271Z||It's a career shift. I've been out of college for about 6 years now on a film production degree, and the only work I've ended up getting is really awful office stuff, so I've been studying front end development and graphic design for the past six months and really want to get serious about getting a job doing web development in 2015|False|[]|1|[]
207|207||3.0|547b77bbdb8155e6700d996e|||1.0|54a4bbd9b2b2de4b78650527|[]|[]|14|2015-01-01T03:15:37.602Z||Do you know if this is only javascript? |False|[]|1|[]
208|208||3.0|54a4b680db8155e6700e491e|||1.0|54a4bbdc9597baaa7dced13c|[]|[]|14|2015-01-01T03:15:40.516Z||welcome @547b77bbdb8155e6700d996e |False|[]|1|['547b77bbdb8155e6700d996e']
209|209||3.0|547b77bbdb8155e6700d996e|||1.0|54a4bbe7b2b2de4b78650528|[]|[]|14|2015-01-01T03:15:51.931Z||Thanks!|False|[]|1|[]
210|210|||546fcc4cdb8155e6700d6e97|||1.0|54a4bbffb2b2de4b78650529|[]|[]|14|2015-01-01T03:16:15.329Z||we are JS focused, MEAN stack, at the moment|False|[]|1|[]
211|211||3.0|54a4588bdb8155e6700e4806|||5.0|54a4bc17b2b2de4b7865052a|[]|[]|14|2015-01-01T03:16:39.066Z||So how many different non-profit projects are there right now?|False|[]|1|[]
212|212||3.0|547b77bbdb8155e6700d996e|||1.0|54a4bc199597baaa7dced141|[]|[]|14|2015-01-01T03:16:41.700Z||Oh, that's great, thank you. I know a good amount of ruby/rails, but am definitely looking to learn MEAN.|False|[]|1|[]
213|213|||546fcc4cdb8155e6700d6e97|||1.0|54a4bc2e9597baaa7dced143|[]|[]|13|2015-01-01T03:17:02.915Z||quite a few, I’ll check for a count, but we are getting contacted daily|False|[]|1|[]
214|214|||546fcc4cdb8155e6700d6e97|||1.0|54a4bc5ab2b2de4b7865052c|[]|[]|13|2015-01-01T03:17:46.096Z||I coundt 14 that have been greenlit, I don’t have a count of how many are waiting |False|[]|1|[]
215|215||3.0|54a4588bdb8155e6700e4806|||5.0|54a4bc9b29aec36b6af1c1a0|[]|[]|14|2015-01-01T03:18:51.324Z||Oh sweet. That's what has been the hardest for me to find. I can blow through the tutorials, code academy and such, but getting actual hands on experience coding has been problematic.. I usually just feel like a leaf blown around by the wind because I really  don't know where to go or what to start doing after finishing the tutorials.|False|[]|1|[]
216|216|||546fcc4cdb8155e6700d6e97|||1.0|54a4bccc9597baaa7dced149|[]|[]|14|2015-01-01T03:19:40.204Z||its exciting for sure |False|[]|1|[]
217|217||3.0|54a4b680db8155e6700e491e|||1.0|54a4bcd4b2b2de4b7865052d|[]|[]|14|2015-01-01T03:19:48.002Z||"@54a4588bdb8155e6700e4806 I'm the same way. After I finish some tutorials, I'm like ""ok, now how do I actually make something?""...projects will be really fun!"|False|[]|1|['54a4588bdb8155e6700e4806']
218|218||3.0|54a4588bdb8155e6700e4806|||5.0|54a4bd4fb2b2de4b78650531|[]|[]|13|2015-01-01T03:21:51.197Z||Yeah I lack a certain amount of artsy creativity, I'm more of a here's what we need, make it happen kinda guy..So coming up with my own project is troublesome for me...|False|[]|1|[]
219|219|||546fcc4cdb8155e6700d6e97|||1.0|54a4bd9d9597baaa7dced14e|[]|[]|13|2015-01-01T03:23:09.327Z||if anyone is interested ever, message me, I have links for project ideas for your portfolio|False|[]|1|[]
220|220|||54a4bd62db8155e6700e4935||||54a4bdceb2b2de4b78650535|[]|[]|13|2015-01-01T03:23:58.480Z||Hello World, and happy new year! Looking forward to starting this course!|False|[]|1|[]
221|221||3.0|54a4b680db8155e6700e491e|||1.0|54a4bdda29aec36b6af1c1ad|[]|[]|14|2015-01-01T03:24:10.216Z||welcome @54a4bd62db8155e6700e4935!|False|[]|1|['54a4bd62db8155e6700e4935']
222|222|||54a4bd62db8155e6700e4935||||54a4bde729aec36b6af1c1b0|[]|[]|14|2015-01-01T03:24:23.732Z||ty @54a4b680db8155e6700e491e :D|False|[]|1|['54a4b680db8155e6700e491e']
223|223|||546fcc4cdb8155e6700d6e97|||1.0|54a4bdfcb2b2de4b78650536|[]|[]|15|2015-01-01T03:24:44.395Z||Hello there @54a4bd62db8155e6700e4935 welcome to our community|False|[]|1|['54a4bd62db8155e6700e4935']
224|224||3.0|54a4b680db8155e6700e491e|||1.0|54a4be1829aec36b6af1c1b3|[]|[]|15|2015-01-01T03:25:12.269Z||@54a4588bdb8155e6700e4806 the way I got into learning JavaScript was by sort of lying to someone about my JS knowledge when I was building their website by telling them I could build them this real-time calculator thing|False|[]|1|['54a4588bdb8155e6700e4806']
225|225|||546fcc4cdb8155e6700d6e97|||1.0|54a4be299597baaa7dced151|[]|[]|15|2015-01-01T03:25:29.802Z||and then you went and learned how to do it|False|[]|1|[]
226|226|||546fcc4cdb8155e6700d6e97|||1.0|54a4be2f9597baaa7dced152|[]|[]|15|2015-01-01T03:25:35.818Z||yeah, thats how we all get going :)|False|[]|1|[]
227|227||3.0|54a4b680db8155e6700e491e|||1.0|54a4be3429aec36b6af1c1b7|[]|[]|15|2015-01-01T03:25:40.222Z||exactly! and it turned out really nice|False|[]|1|[]
228|228|||54a4bd62db8155e6700e4935||||54a4be3a9597baaa7dced154|[]|[]|15|2015-01-01T03:25:46.561Z||That's how I got started, too|False|[]|1|[]
229|229||3.0|54a4b680db8155e6700e491e|||1.0|54a4be4329aec36b6af1c1b8|[]|[]|16|2015-01-01T03:25:55.593Z||I had the help of an awesome dev I found on Reddit, too|False|[]|1|[]
230|230|||54a4bd62db8155e6700e4935||||54a4be5029aec36b6af1c1b9|[]|[]|17|2015-01-01T03:26:08.920Z||it puts a good fire under your butt, gives you the inspiration to actually learn|False|[]|1|[]
231|231||3.0|54a4b680db8155e6700e491e|||1.0|54a4be6fb2b2de4b78650538|[]|[]|17|2015-01-01T03:26:39.907Z||"@54a4bd62db8155e6700e4935 totally, and I was like ""you're paying me waaaay too much money for me to screw this up"" :)"|False|[]|1|['54a4bd62db8155e6700e4935']
232|232|||54a4bd62db8155e6700e4935||||54a4beb129aec36b6af1c1ba|[]|[]|18|2015-01-01T03:27:45.230Z||Haha yeah, I had a ton of stress and nightmares about messing it up, but I came out with enough knowledge to create a basic business site|False|[]|1|[]
233|233||3.0|54a4588bdb8155e6700e4806|||5.0|54a4beb59597baaa7dced156|[]|[]|18|2015-01-01T03:27:49.569Z||Yeah, I have a very small non-profit that I just took over the website for, that is what partially drove me into it, also I see web dev as the primary method of consumption in the future. Why build programs that install on somebody's computer when I can run things in the browser, and have the same hardware access, but far more control over the use/updating of my product.|False|[]|1|[]
234|234|||54a4bd62db8155e6700e4935||||54a4becc29aec36b6af1c1bb|[]|[]|19|2015-01-01T03:28:12.878Z||@54a4588bdb8155e6700e4806 I agree|False|[]|1|['54a4588bdb8155e6700e4806']
235|235||3.0|54a4588bdb8155e6700e4806|||5.0|54a4becfb2b2de4b7865053a|[]|[]|19|2015-01-01T03:28:15.576Z||I'm in systems administration right now, and even we are being forced to code.|False|[]|1|[]
236|236|||54a4bd62db8155e6700e4935||||54a4bee229aec36b6af1c1bd|[]|[]|20|2015-01-01T03:28:34.607Z||Code is the future|False|[]|1|[]
237|237|||54a4bd62db8155e6700e4935||||54a4bef2b2b2de4b7865053b|[]|[]|20|2015-01-01T03:28:50.828Z||and I for one welcome our new robot overlords|False|[]|1|[]
238|238|||546fcc4cdb8155e6700d6e97|||1.0|54a4bef629aec36b6af1c1be|[]|[]|19|2015-01-01T03:28:54.642Z||lol|False|[]|1|[]
239|239|||546fcc4cdb8155e6700d6e97|||1.0|54a4bef9b2b2de4b7865053d|[]|[]|19|2015-01-01T03:28:57.740Z||JS is the future|False|[]|1|[]
240|240|||546fcc4cdb8155e6700d6e97|||1.0|54a4bf289597baaa7dced15a|[]|[]|19|2015-01-01T03:29:44.483Z||I plan to build our new robot overlords btw, so put in your requests now|False|[]|1|[]
241|241|||546fcc4cdb8155e6700d6e97|||1.0|54a4bf3329aec36b6af1c1c0|[]|[]|18|2015-01-01T03:29:55.105Z||for how you would like skynet to be|False|[]|1|[]
242|242||3.0|54a4b680db8155e6700e491e|||1.0|54a4bf3829aec36b6af1c1c1|[]|[]|18|2015-01-01T03:30:00.796Z||@54a4588bdb8155e6700e4806 with the diversity of devices we're using to access data these days, companies aren't going to want to code separate apps for Windows/OSX/iOS/Android/Kindle/Toasters when they could just develop an awesome responsive website or app and call it a day|False|[]|1|['54a4588bdb8155e6700e4806']
243|243|||546fcc4cdb8155e6700d6e97|||1.0|54a4bf5529aec36b6af1c1c4|[]|[]|18|2015-01-01T03:30:29.429Z||yes|False|[]|1|[]
244|244||3.0|547b77bbdb8155e6700d996e|||1.0|54a4bf6a29aec36b6af1c1c5|[]|[]|19|2015-01-01T03:30:50.213Z||My only skynet request is to have it make the perfect pizza|False|[]|1|[]
245|245||3.0|54a4588bdb8155e6700e4806|||5.0|54a4bf7f9597baaa7dced15c|[]|[]|19|2015-01-01T03:31:11.262Z||Everything short of nukes and guns...I don't really want to have to live a dystopian existence in the future. I'm not that much of a Hunger Games fan.|False|[]|1|[]
246|246|||546fcc4cdb8155e6700d6e97|||1.0|54a4bf9c29aec36b6af1c1c7|[]|[]|19|2015-01-01T03:31:40.644Z||thats a given :)|False|[]|1|[]
247|247||3.0|54a4b680db8155e6700e491e|||1.0|54a4bf9fb2b2de4b7865053f|[]|[]|18|2015-01-01T03:31:43.739Z||@54a4588bdb8155e6700e4806 I mean, at least it's exciting :)|False|[]|1|['54a4588bdb8155e6700e4806']
248|248||3.0|54a4588bdb8155e6700e4806|||5.0|54a4bfd49597baaa7dced15f|[]|[]|19|2015-01-01T03:32:36.161Z||I like showers and warm meals. I've lived on a diet of MRE's before...it's not really all it's cracked up to be in the movies.|False|[]|1|[]
249|249||3.0|54a4b680db8155e6700e491e|||1.0|54a4c12db2b2de4b7865054b|[]|[]|19|2015-01-01T03:38:21.149Z||@54a4588bdb8155e6700e4806 well coding will ensure you a healthy diet of Taco Bell and Mountain Dew for sure :)|False|[]|1|['54a4588bdb8155e6700e4806']
250|250||3.0|531189665e986b0712efc2b3|||2.0|54a4c1419597baaa7dced16c|[]|[]|20|2015-01-01T03:38:41.482Z||Some of the links are behind a pay wall. Is that normal?|False|[]|1|[]
251|251||3.0|531189665e986b0712efc2b3|||2.0|54a4c15b9597baaa7dced16d|[]|[]|20|2015-01-01T03:39:07.581Z||like http://www.freecodecamp.com/challenges/46|False|[{'url': 'http://www.freecodecamp.com/challenges/46'}]|1|[]
252|252|||54a4bd62db8155e6700e4935||||54a4c16529aec36b6af1c1d7|[]|[]|20|2015-01-01T03:39:17.148Z||Pay wall? |False|[]|1|[]
253|253||3.0|54a4b680db8155e6700e491e|||1.0|54a4c182b2b2de4b78650551|[]|[]|21|2015-01-01T03:39:46.811Z||@531189665e986b0712efc2b3 I'm not getting any kind of paywall message|False|[]|1|['531189665e986b0712efc2b3']
254|254|||54a4bd62db8155e6700e4935||||54a4c19229aec36b6af1c1d9|[]|[]|21|2015-01-01T03:40:02.449Z||I am|False|[]|1|[]
255|255||3.0|531189665e986b0712efc2b3|||2.0|54a4c192b2b2de4b78650554|[]|[]|21|2015-01-01T03:40:02.493Z||I can't see the video. Hmm.|False|[]|1|[]
256|256||3.0|547b77bbdb8155e6700d996e|||1.0|54a4c1929597baaa7dced173|[]|[]|22|2015-01-01T03:40:02.982Z||You may need to sign up for a CodeSchool account|False|[]|1|[]
257|257|||54a4bd62db8155e6700e4935||||54a4c19ab2b2de4b78650556|[]|[]|23|2015-01-01T03:40:10.432Z||enroll now to play :(|False|[]|1|[]
258|258|||54a4bd62db8155e6700e4935||||54a4c1a29597baaa7dced174|[]|[]|23|2015-01-01T03:40:18.719Z||and I thought this whole thing was free|False|[]|1|[]
259|259||3.0|531189665e986b0712efc2b3|||2.0|54a4c1a3b2b2de4b78650557|[]|[]|23|2015-01-01T03:40:19.012Z||^ yep|False|[]|1|[]
260|260||3.0|54a4c17bdb8155e6700e4943|||1.0|54a4c1ad9597baaa7dced175|[]|[]|21|2015-01-01T03:40:29.505Z||Hello World!|False|[]|1|[]
261|261|||54a4bd62db8155e6700e4935||||54a4c1b3b2b2de4b78650558|[]|[]|20|2015-01-01T03:40:35.627Z||Hello!|False|[]|1|[]
262|262||3.0|531189665e986b0712efc2b3|||2.0|54a4c1b79597baaa7dced176|[]|[]|21|2015-01-01T03:40:39.642Z||Hi!|False|[]|1|[]
263|263||3.0|547b77bbdb8155e6700d996e|||1.0|54a4c1c9b2b2de4b7865055a|[]|[]|20|2015-01-01T03:40:57.877Z||Ahhh, I think CodeSchool might have had that video be free for a while, they have intros to stuff be free and then the more advanced videos cost money. It's a great service though, I just bought the full year for about $180 on Black Friday|False|[]|1|[]
264|264|||54a4bd62db8155e6700e4935||||54a4c1d729aec36b6af1c1dc|[]|[]|20|2015-01-01T03:41:11.587Z||Yeah it looks like that part IS behind a paywall|False|[]|1|[]
265|265|||54a4bd62db8155e6700e4935||||54a4c1d9b2b2de4b7865055b|[]|[]|22|2015-01-01T03:41:13.483Z||BUT|False|[]|1|[]
266|266|||54a4bd62db8155e6700e4935||||54a4c1e9b2b2de4b7865055c|[]|[]|22|2015-01-01T03:41:29.049Z||You should be able to learn that subject elsewhere by googling it|False|[]|1|[]
267|267|||54a4bd62db8155e6700e4935||||54a4c1f3b2b2de4b7865055d|[]|[]|23|2015-01-01T03:41:39.468Z||it might take more effort and more time though :(|False|[]|1|[]
268|268||3.0|5471b82adb8155e6700d7478|||4.0|54a4c20bb2b2de4b7865055e|[]|[]|23|2015-01-01T03:42:03.830Z||sorry, what subject is behidn a paywall?|False|[]|1|[]
269|269||3.0|54a4b680db8155e6700e491e|||1.0|54a4c211b2b2de4b7865055f|[]|[]|22|2015-01-01T03:42:09.701Z||ExpressJS|False|[]|1|[]
270|270|||54a4bd62db8155e6700e4935||||54a4c21d9597baaa7dced178|[]|[]|22|2015-01-01T03:42:21.495Z||Just one little bit of the whole thing|False|[]|1|[]
271|271||3.0|54a4588bdb8155e6700e4806|||5.0|54a4c22b9597baaa7dced179|[]|[]|22|2015-01-01T03:42:35.721Z||ALso If you are that far along, you could pay the $30 bucks as an investment on your future.|False|[]|1|[]
272|272||3.0|5471b82adb8155e6700d7478|||4.0|54a4c22f9597baaa7dced17a|[]|[]|24|2015-01-01T03:42:39.731Z||"Ah. I believe there’s an option for a “hall pass"""|False|[]|1|[]
273|273||3.0|531189665e986b0712efc2b3|||2.0|54a4c23c9597baaa7dced17b|[]|[]|24|2015-01-01T03:42:52.754Z||I'll just use teamtreehouse. Thanks y'all|False|[]|1|[]
274|274|||54a4bd62db8155e6700e4935||||54a4c23cb2b2de4b78650562|[]|[]|24|2015-01-01T03:42:52.818Z||does that discount the price?|False|[]|1|[]
275|275||3.0|54a4588bdb8155e6700e4806|||5.0|54a4c27bb2b2de4b78650567|[]|[]|24|2015-01-01T03:43:55.569Z||https://www.codeschool.com/hall_passes/f13d3c3e1f66/claim_shared'|False|[{'url': 'https://www.codeschool.com/hall_passes/f13d3c3e1f66/claim_shared'}]|1|[]
276|276||3.0|54a4588bdb8155e6700e4806|||5.0|54a4c27f29aec36b6af1c1e0|[]|[]|24|2015-01-01T03:43:59.064Z||Hall Pass link|False|[]|1|[]
277|277||3.0|54a4588bdb8155e6700e4806|||5.0|54a4c283b2b2de4b78650568|[]|[]|23|2015-01-01T03:44:03.615Z||2 free days.|False|[]|1|[]
278|278||3.0|5471b82adb8155e6700d7478|||4.0|54a4c29a29aec36b6af1c1e1|[]|[]|22|2015-01-01T03:44:26.015Z||however, if you’re that far along, I might also recommend looking into a book titled “Mean Web Development” by the original author of the popularized MEAN stack and who maintains the MEANJS stack. The e-edition is cheaper than a month of code school, and obviously the book covers a lot more|False|[]|1|[]
279|279||3.0|531189665e986b0712efc2b3|||2.0|54a4c2f5b2b2de4b7865056a|[]|[]|23|2015-01-01T03:45:57.373Z||Thanks @5471b82adb8155e6700d7478, I'll look into it.|False|[]|1|['5471b82adb8155e6700d7478']
280|280||3.0|54a4b680db8155e6700e491e|||1.0|54a4c30cb2b2de4b7865056c|[]|[]|23|2015-01-01T03:46:20.223Z||There's also this for a $9 first month...it's an affiliate link, not from me, I found it on some random site: https://www.codeschool.com/enrollments/cVZvdEsyVUw2TE1nWW9VMWI1aFBocVZwUVoxR25QVmhxZ0s4dExob2k1VT0tLWpoZnd1cGczSlpKcllFWXQveUdsQ3c9PQ==?utmr=http%3A%2F%2Fwww.google.com%2Furl%3Fq%3Dhttp%253A%252F%252Fbit.ly%252FNineDollarTrial%26sa%3DD%26sntz%3D1%26usg%3DAFQjCNGEmnH3yitRjxQjhpfYam0HRkiqWg|False|[{'url': 'https://www.codeschool.com/enrollments/cVZvdEsyVUw2TE1nWW9VMWI1aFBocVZwUVoxR25QVmhxZ0s4dExob2k1VT0tLWpoZnd1cGczSlpKcllFWXQveUdsQ3c9PQ==?utmr=http%3A%2F%2Fwww.google.com%2Furl%3Fq%3Dhttp%253A%252F%252Fbit.ly%252FNineDollarTrial%26sa%3DD%26sntz%3D1%26usg%3DAFQjCNGEmnH3yitRjxQjhpfYam0HRkiqWg'}]|1|[]
281|281||3.0|5471b82adb8155e6700d7478|||4.0|54a4c3959597baaa7dced182|[]|[]|25|2015-01-01T03:48:37.690Z||Alternatively, and a completely viable option, is to visit [this forum post](http://forum.freecodecamp.com/t/hello-bookmarks/73) and integrate some of the links into your own bookmarks. Mongoose, Express, and Angular have excellent free tutorials on their respective websites. Nodeschool.io is a great place to go to learn about node more in depth.|False|[{'url': 'http://forum.freecodecamp.com/t/hello-bookmarks/73'}]|1|[]
282|282||3.0|54a4b680db8155e6700e491e|||1.0|54a4c3d39597baaa7dced183|[]|[]|26|2015-01-01T03:49:39.358Z||The CodeSchool tutorial on Angular is pretty good and is 100% free, Google is footing the bill on that one|False|[]|1|[]
283|283||3.0|54a4b680db8155e6700e491e|||1.0|54a4c6b3b2b2de4b78650576|[]|[]|23|2015-01-01T04:01:55.384Z||Well, see you all later, have a great new year!|False|[]|1|[]
284|284||3.0|54a4588bdb8155e6700e4806|||5.0|54a4c72eb2b2de4b78650578|[]|[]|22|2015-01-01T04:03:58.150Z||Happy New Year!!!|False|[]|1|[]
285|285|||546fcc4cdb8155e6700d6e97|||1.0|54a4c7349597baaa7dced18b|[]|[]|22|2015-01-01T04:04:04.144Z||Happy New Year :)|False|[]|1|[]
286|286||3.0|531189665e986b0712efc2b3|||2.0|54a4c8aeb2b2de4b78650581|[]|[]|22|2015-01-01T04:10:22.720Z||1hr 50m till new years here in tx ! |False|[]|1|[]
287|287||3.0|54a4588bdb8155e6700e4806|||5.0|54a4c8b729aec36b6af1c1e8|[]|[]|22|2015-01-01T04:10:31.467Z||Cotter doesn't look like an eccentric millionaire, he looks like several of the drunk dudes that used to run around my college dorm wing.|False|[]|1|[]
288|288||3.0|5473c1b7db8155e6700d7cf1|||3.0|54a4c8de9597baaa7dced18f|[]|[]|23|2015-01-01T04:11:10.181Z||Hey guys guess what?|False|[]|1|[]
289|289|||546fcc4cdb8155e6700d6e97|||1.0|54a4c8ed9597baaa7dced191|[]|[]|23|2015-01-01T04:11:25.652Z||what what|False|[]|1|[]
290|290||3.0|5473c1b7db8155e6700d7cf1|||3.0|54a4c90129aec36b6af1c1e9|[]|[]|25|2015-01-01T04:11:45.409Z||Comcast doubled our internet speed for free! |False|[]|1|[]
291|291||3.0|547cb041db8155e6700da1a8|||2.0|54a4c9a5b2b2de4b78650588|[]|[]|25|2015-01-01T04:14:29.390Z||What?!|False|[]|1|[]
292|292|||546fcc4cdb8155e6700d6e97|||1.0|54a4c9ab29aec36b6af1c1ed|[]|[]|24|2015-01-01T04:14:35.567Z||wow|False|[]|1|[]
293|293|||546fcc4cdb8155e6700d6e97|||1.0|54a4c9adb2b2de4b78650589|[]|[]|24|2015-01-01T04:14:37.145Z||nice|False|[]|1|[]
294|294||3.0|547cb041db8155e6700da1a8|||2.0|54a4c9cc9597baaa7dced197|[]|[]|25|2015-01-01T04:15:08.985Z||How'd you make that happen?|False|[]|1|[]
295|295||3.0|5473c1b7db8155e6700d7cf1|||3.0|54a4c9ee9597baaa7dced199|[]|[]|25|2015-01-01T04:15:42.873Z||Yeah, we were paying for 25 Mbps and they doubled everyone in the neighborhoods internet. So now we are getting around 50 Mbps. |False|[]|1|[]
296|296||3.0|547cb041db8155e6700da1a8|||2.0|54a4ca3f9597baaa7dced19b|[]|[]|26|2015-01-01T04:17:03.805Z||Sweet! Wish my comcast deal was as generous.|False|[]|1|[]
297|297||3.0|5473c1b7db8155e6700d7cf1|||3.0|54a4cb619597baaa7dced19d|[]|[]|25|2015-01-01T04:21:53.081Z||The only problem is everyone is using the internet so it keeps going up and down.|False|[]|1|[]
298|298||3.0|54a4588bdb8155e6700e4806|||5.0|54a4cb8f9597baaa7dced19e|[]|[]|24|2015-01-01T04:22:39.964Z||So you really have a 50Mbps pipe that you are forced to share with the whole neighborhood...that's sad...but exciting because now you have more pipe to share!!!!!|False|[]|1|[]
299|299||3.0|5473c1b7db8155e6700d7cf1|||3.0|54a4cc01b2b2de4b7865058e|[]|[]|25|2015-01-01T04:24:33.442Z||No I get 50 Mbps, we almost never have internet shortages. It is probably because it is new years and everyone is streaming videos.|False|[]|1|[]
300|300||3.0|54a4588bdb8155e6700e4806|||5.0|54a4cc619597baaa7dced1a0|[]|[]|23|2015-01-01T04:26:09.490Z||Ah cool.|False|[]|1|[]
301|301||3.0|546fd99cdb8155e6700d6ec8|||1.0|54a4d27d29aec36b6af1c211|[]|[]|15|2015-01-01T04:52:13.832Z||"###Raise your hand if you aren't doing anything for new years
:hand: "|False|[]|1|[]
302|302||3.0|54a25226db8155e6700e3e0b|||2.0|54a4d2a429aec36b6af1c212|[]|[]|15|2015-01-01T04:52:52.615Z||Does coding count? :smile: |False|[]|1|[]
303|303||3.0|5473c1b7db8155e6700d7cf1|||3.0|54a4d2a4b2b2de4b786505af|[]|[]|14|2015-01-01T04:52:52.958Z||:hand:|False|[]|1|[]
304|304||3.0|546fd99cdb8155e6700d6ec8|||1.0|54a4d2c3b2b2de4b786505b2|[]|[]|14|2015-01-01T04:53:23.551Z||coding doesn't count|False|[]|1|[]
305|305|||546fcc4cdb8155e6700d6e97|||1.0|54a4d2d79597baaa7dced1bd|[]|[]|15|2015-01-01T04:53:43.582Z||I’m coding|False|[]|1|[]
306|306|||546fcc4cdb8155e6700d6e97|||1.0|54a4d2d9b2b2de4b786505b3|[]|[]|16|2015-01-01T04:53:45.881Z||yes it does|False|[]|1|[]
307|307|||546fcc4cdb8155e6700d6e97|||1.0|54a4d2dc29aec36b6af1c213|[]|[]|16|2015-01-01T04:53:48.418Z||totally counts|False|[]|1|[]
308|308||3.0|546fd99cdb8155e6700d6ec8|||1.0|54a4d2ecb2b2de4b786505b4|[]|[]|17|2015-01-01T04:54:04.547Z||it counts as not doing anything|False|[]|1|[]
309|309||3.0|546fd99cdb8155e6700d6ec8|||1.0|54a4d2f429aec36b6af1c214|[]|[]|19|2015-01-01T04:54:12.173Z||in this instance|False|[]|1|[]
310|310|||546fcc4cdb8155e6700d6e97|||1.0|54a4d2f5b2b2de4b786505b5|[]|[]|19|2015-01-01T04:54:13.765Z||lol|False|[]|1|[]
311|311|||546fcc4cdb8155e6700d6e97|||1.0|54a4d2fa9597baaa7dced1bf|[]|[]|19|2015-01-01T04:54:18.747Z||I’m also shopping|False|[]|1|[]
312|312||3.0|546fd99cdb8155e6700d6ec8|||1.0|54a4d30247d4c76a6a24fd91|[]|[]|19|2015-01-01T04:54:26.360Z||[![Messages Image(1836723991).png](https://files.gitter.im/FreeCodeCamp/FreeCodeCamp/ingj/thumb/Messages-Image_1836723991_.png)](https://files.gitter.im/FreeCodeCamp/FreeCodeCamp/ingj/Messages-Image_1836723991_.png)|False|[{'url': 'https://files.gitter.im/FreeCodeCamp/FreeCodeCamp/ingj/thumb/Messages-Image_1836723991_.png'}, {'url': 'https://files.gitter.im/FreeCodeCamp/FreeCodeCamp/ingj/Messages-Image_1836723991_.png'}]|1|[]
313|313|||546fcc4cdb8155e6700d6e97|||1.0|54a4d3039597baaa7dced1c0|[]|[]|19|2015-01-01T04:54:27.335Z||clearance online and on qvc|False|[]|1|[]
314|314|||546fcc4cdb8155e6700d6e97|||1.0|54a4d3129597baaa7dced1c1|[]|[]|19|2015-01-01T04:54:42.810Z||LOL|False|[]|1|[]
315|315||3.0|54a25226db8155e6700e3e0b|||2.0|54a4d32ab2b2de4b786505b6|[]|[]|19|2015-01-01T04:55:06.558Z||LOL!|False|[]|1|[]
316|316||3.0|5473c1b7db8155e6700d7cf1|||3.0|54a4d33c9597baaa7dced1c3|[]|[]|20|2015-01-01T04:55:24.881Z||@546fd99cdb8155e6700d6ec8 That is my life|False|[]|1|['546fd99cdb8155e6700d6ec8']
317|317||3.0|546fd99cdb8155e6700d6ec8|||1.0|54a4d342b2b2de4b786505b7|[]|[]|20|2015-01-01T04:55:30.469Z||lol|False|[]|1|[]
318|318||3.0|546fd99cdb8155e6700d6ec8|||1.0|54a4d34b9597baaa7dced1c5|[]|[]|21|2015-01-01T04:55:39.330Z||I want that made as a poster|False|[]|1|[]
319|319||3.0|54a4588bdb8155e6700e4806|||5.0|54a4d3c829aec36b6af1c215|[]|[]|21|2015-01-01T04:57:44.038Z||My wife says that a pretty accurate portrait of our marriage.|False|[]|1|[]
320|320|||54a4a00ddb8155e6700e48d7||||54a4d51329aec36b6af1c21b|[]|[]|20|2015-01-01T05:03:15.684Z||2015 in Eastern US time zone. :3|False|[]|1|[]
321|321|||54a4a00ddb8155e6700e48d7||||54a4d52829aec36b6af1c21c|[]|[]|21|2015-01-01T05:03:36.549Z||btw LOL @546fd99cdb8155e6700d6ec8 that image is on point|False|[]|1|['546fd99cdb8155e6700d6ec8']
322|322|||546fcc4cdb8155e6700d6e97|||1.0|54a4d53e29aec36b6af1c21e|[]|[]|20|2015-01-01T05:03:58.650Z||Happy New Years East Coast Campers, if you’re sober, and even paying attention to chat :)|False|[]|1|[]
323|323||3.0|546fd99cdb8155e6700d6ec8|||1.0|54a4d569b2b2de4b786505c1|[]|[]|20|2015-01-01T05:04:41.806Z||56 minutes to go|False|[]|1|[]
324|324|||54a4a00ddb8155e6700e48d7||||54a4d56c9597baaa7dced1d0|[]|[]|20|2015-01-01T05:04:44.802Z||i'm still working. 6pm - 2am. o__________o|False|[]|1|[]
325|325|||54a4a00ddb8155e6700e48d7||||54a4d57529aec36b6af1c21f|[]|[]|20|2015-01-01T05:04:53.843Z||:P|False|[]|1|[]
326|326||3.0|546fd99cdb8155e6700d6ec8|||1.0|54a4d5799597baaa7dced1d1|[]|[]|21|2015-01-01T05:04:57.856Z||i'll probably be asleep lol|False|[]|1|[]
327|327||3.0|54a4d508db8155e6700e496a|||1.0|54a4d58129aec36b6af1c220|[]|[]|22|2015-01-01T05:05:05.980Z||Hello world! Hello 2015!|False|[]|1|[]
328|328|||546fcc4cdb8155e6700d6e97|||1.0|54a4d5b229aec36b6af1c221|[]|[]|22|2015-01-01T05:05:54.314Z||hi there @54a4d508db8155e6700e496a welcome to our community|False|[]|1|['54a4d508db8155e6700e496a']
329|329||3.0|546fd823db8155e6700d6eb4|||3.0|54a4d8159597baaa7dced1e1|[]|[]|22|2015-01-01T05:16:05.823Z||Happy NYE fellow codecampers|False|[]|1|[]
330|330||3.0|5473c1b7db8155e6700d7cf1|||3.0|54a4db5a9597baaa7dced1f2|[]|[]|20|2015-01-01T05:30:02.043Z||anyone signed up for http://platform.onclickacademy.com/ \|False|[{'url': 'http://platform.onclickacademy.com/'}]|1|[]
331|331||3.0|54347df0163965c9bc209a4d|||5.0|54a4dc58b2b2de4b786505d9|[]|[]|18|2015-01-01T05:34:16.532Z||Hello world! Found this place on the front page of reddit. I decided to check it out, as it reminded me of a similar experiment a couple people and I tried to do in the summer. Maybe I'll recommend they switch over to here?|False|[]|1|[]
332|332|||546fcc4cdb8155e6700d6e97|||1.0|54a4dca29597baaa7dced1f8|[]|[]|19|2015-01-01T05:35:30.268Z||Hi there @54347df0163965c9bc209a4d welcome aboard :)|False|[]|1|['54347df0163965c9bc209a4d']
333|333|||548cf43edb8155e6700dee42|||1.0|54a4dd7eb2b2de4b786505da|[]|[]|19|2015-01-01T05:39:10.396Z||@54347df0163965c9bc209a4d Hello hallfox. Happy New Year!|False|[]|1|['54347df0163965c9bc209a4d']
334|334||3.0|5473c1b7db8155e6700d7cf1|||3.0|54a4dd99b2b2de4b786505dd|[]|[]|19|2015-01-01T05:39:37.772Z||I still got an hour and 20 minutes before new year|False|[]|1|[]
335|335||3.0|54347df0163965c9bc209a4d|||5.0|54a4ddc4b2b2de4b786505de|[]|[]|18|2015-01-01T05:40:20.839Z||Happy new year Eastern Time Zone!|False|[]|1|[]
336|336||3.0|54a4d726db8155e6700e4971|||1.0|54a4de639597baaa7dced200|[]|[]|21|2015-01-01T05:42:59.328Z||Hello World!  Happy New Year.  Just like @54347df0163965c9bc209a4d, I found mention of this site/community on reddit and wanted to check it out.  Looks like a great community!|False|[]|1|['54347df0163965c9bc209a4d']
337|337|||546fcc4cdb8155e6700d6e97|||1.0|54a4de8a9597baaa7dced202|[]|[]|20|2015-01-01T05:43:38.872Z||Welcome to our community @54a4d726db8155e6700e4971 |False|[]|1|['54a4d726db8155e6700e4971']
338|338|||548cf43edb8155e6700dee42|||1.0|54a4df189597baaa7dced208|[]|[]|20|2015-01-01T05:46:00.941Z||@54a4d726db8155e6700e4971 We're always up for fun conversation and helping others learn to code while we learn. Symbiotic like that. :-)|False|[]|1|['54a4d726db8155e6700e4971']
339|339|||548cf43edb8155e6700dee42|||1.0|54a4df459597baaa7dced20b|[]|[]|18|2015-01-01T05:46:45.841Z||JUST used screenhero for the first time tonight. |False|[]|1|[]
340|340|||548cf43edb8155e6700dee42|||1.0|54a4df4829aec36b6af1c238|[]|[]|19|2015-01-01T05:46:48.307Z||LOVED it.|False|[]|1|[]
341|341|||546fcc4cdb8155e6700d6e97|||1.0|54a4df4e9597baaa7dced20c|[]|[]|17|2015-01-01T05:46:54.120Z||woohoo|False|[]|1|[]
342|342|||548cf43edb8155e6700dee42|||1.0|54a4df709597baaa7dced20e|[]|[]|19|2015-01-01T05:47:28.399Z||@546fcc4cdb8155e6700d6e97 Yeah, me and Ryan paired on the infographic we're working on. SO MUCH better to work on stuff with other people! LOL|False|[]|1|['546fcc4cdb8155e6700d6e97']
