2019-04-11 21:49:46|MADRID|BARCELONA|2019-04-18 05:50:00|2019-04-18 08:55:00|AVE|68.95|Preferente|Promo|||
2019-04-11 21:49:46|MADRID|BARCELONA|2019-04-18 06:30:00|2019-04-18 09:20:00|AVE|75.4|Turista|Promo|||
2019-04-11 21:49:46|MADRID|BARCELONA|2019-04-18 07:00:00|2019-04-18 09:30:00|AVE|106.75|Turista Plus|Promo|||
2019-04-11 21:49:46|MADRID|BARCELONA|2019-04-18 07:30:00|2019-04-18 10:40:00|AVE|90.5|Turista Plus|Promo|||
2019-04-11 21:49:46|MADRID|BARCELONA|2019-04-18 08:00:00|2019-04-18 10:30:00|AVE|88.95|Turista|Promo|||
2019-04-11 21:49:46|MADRID|BARCELONA|2019-04-18 08:30:00|2019-04-18 11:15:00|AVE|107.7|Turista|Flexible|||
2019-04-11 21:49:46|MADRID|BARCELONA|2019-04-18 09:30:00|2019-04-18 12:34:00|AVE|107.7|Turista|Flexible|||
2019-04-11 21:49:46|MADRID|BARCELONA|2019-04-18 10:30:00|2019-04-18 13:15:00|AVE|102.15|Turista Plus|Promo|||
2019-04-11 21:49:46|MADRID|BARCELONA|2019-04-18 11:30:00|2019-04-18 14:40:00|AVE|102.15|Turista Plus|Promo|||
2019-04-11 21:49:46|MADRID|BARCELONA|2019-04-18 12:30:00|2019-04-18 15:30:00|AVE|107.7|Turista|Flexible|||
2019-04-11 21:49:46|MADRID|BARCELONA|2019-04-18 13:25:00|2019-04-18 16:24:00|AVE-TGV|107.7|Turista|Flexible|||
2019-04-11 21:49:46|MADRID|BARCELONA|2019-04-18 14:00:00|2019-04-18 16:30:00|AVE|100.4|Turista|Promo|||
2019-04-11 21:49:46|MADRID|BARCELONA|2019-04-18 14:30:00|2019-04-18 17:21:00|AVE|107.7|Turista|Flexible|||
2019-04-11 21:49:46|MADRID|BARCELONA|2019-04-18 15:30:00|2019-04-18 18:40:00|AVE||Preferente|Promo|||
2019-04-11 21:49:46|MADRID|BARCELONA|2019-04-18 16:30:00|2019-04-18 19:15:00|AVE|102.15|Turista Plus|Promo|||
2019-04-11 21:49:46|MADRID|BARCELONA|2019-04-18 17:30:00|2019-04-18 20:40:00|AVE|75.4|Turista|Promo|||
2019-04-11 21:49:46|MADRID|BARCELONA|2019-04-18 18:30:00|2019-04-18 21:20:00|AVE|90.5|Turista Plus|Promo|||
2019-04-11 21:49:46|MADRID|BARCELONA|2019-04-18 19:00:00|2019-04-18 21:30:00|AVE|115.65|Preferente|Promo|||
2019-04-11 21:49:46|MADRID|BARCELONA|2019-04-18 19:30:00|2019-04-18 22:40:00|AVE|85.1|Turista|Promo|||
2019-04-11 21:49:46|MADRID|BARCELONA|2019-04-18 20:30:00|2019-04-18 23:40:00|AVE|85.1|Turista|Promo|||
2019-04-11 21:49:46|MADRID|BARCELONA|2019-04-18 21:25:00|2019-04-18 23:55:00|AVE||||||
2019-04-11 21:49:48|MADRID|BARCELONA|2019-05-18 06:20:00|2019-05-18 09:29:00|AVE|66.75|Turista|Promo|||
2019-04-11 21:49:48|MADRID|BARCELONA|2019-05-18 07:30:00|2019-05-18 10:40:00|AVE|85.1|Turista|Promo|||
2019-04-11 21:49:48|MADRID|BARCELONA|2019-05-18 08:30:00|2019-05-18 11:15:00|AVE|85.1|Turista|Promo|||
2019-04-11 21:49:48|MADRID|BARCELONA|2019-05-18 09:30:00|2019-05-18 12:34:00|AVE|85.1|Turista|Promo|||
2019-04-11 21:49:48|MADRID|BARCELONA|2019-05-18 10:30:00|2019-05-18 13:15:00|AVE|75.4|Turista|Promo|||
2019-04-11 21:49:48|MADRID|BARCELONA|2019-05-18 11:30:00|2019-05-18 14:40:00|AVE|75.4|Turista|Promo|||
2019-04-11 21:49:48|MADRID|BARCELONA|2019-05-18 12:30:00|2019-05-18 15:30:00|AVE|75.4|Turista|Promo|||
2019-04-11 21:49:48|MADRID|BARCELONA|2019-05-18 13:25:00|2019-05-18 16:24:00|AVE-TGV|75.4|Turista|Promo|||
2019-04-11 21:49:48|MADRID|BARCELONA|2019-05-18 15:30:00|2019-05-18 18:40:00|AVE|86.8|Preferente|Promo|||
2019-04-11 21:49:48|MADRID|BARCELONA|2019-05-18 16:30:00|2019-05-18 19:15:00|AVE|80.15|Turista Plus|Promo|||
2019-04-11 21:49:48|MADRID|BARCELONA|2019-05-18 17:30:00|2019-05-18 20:40:00|AVE|75.4|Turista|Promo|||
2019-04-11 21:49:48|MADRID|BARCELONA|2019-05-18 18:30:00|2019-05-18 21:20:00|AVE|75.4|Turista|Promo|||
2019-04-11 21:49:48|MADRID|BARCELONA|2019-05-18 19:30:00|2019-05-18 22:40:00|AVE|49.15|Turista Plus|Promo|||
2019-04-11 21:49:48|MADRID|BARCELONA|2019-05-18 20:30:00|2019-05-18 23:40:00|AVE|69.8|Turista Plus|Promo|||
2019-04-11 21:50:04|MADRID|BARCELONA|2019-05-22 06:10:00|2019-05-22 08:40:00|AVE|85.1|Turista|Promo|||
2019-04-11 21:50:04|MADRID|BARCELONA|2019-05-22 06:30:00|2019-05-22 09:20:00|AVE|40.95|Turista|Promo|||
2019-04-11 21:50:04|MADRID|BARCELONA|2019-05-22 07:00:00|2019-05-22 09:30:00|AVE|94.55|Turista Plus|Promo|||
2019-04-11 21:50:04|MADRID|BARCELONA|2019-05-22 07:15:00|2019-05-22 16:37:00|R. EXPRES|43.25|Turista|Adulto ida|||
2019-04-11 21:50:04|MADRID|BARCELONA|2019-05-22 07:20:00|2019-05-22 09:50:00|AVE|100.4|Turista|Promo|||
2019-04-11 21:50:04|MADRID|BARCELONA|2019-05-22 07:30:00|2019-05-22 10:40:00|AVE|85.1|Turista|Promo|||
2019-04-11 21:50:04|MADRID|BARCELONA|2019-05-22 08:00:00|2019-05-22 10:30:00|AVE|100.4|Turista|Promo|||
2019-04-11 21:50:04|MADRID|BARCELONA|2019-05-22 08:20:00|2019-05-22 11:05:00|AVE|40.95|Turista|Promo|||
2019-04-11 21:50:04|MADRID|BARCELONA|2019-05-22 08:30:00|2019-05-22 11:15:00|AVE|75.4|Turista|Promo|||
2019-04-11 21:50:04|MADRID|BARCELONA|2019-05-22 09:00:00|2019-05-22 11:45:00|AVE|85.1|Turista|Promo|||
2019-04-11 21:50:04|MADRID|BARCELONA|2019-05-22 09:30:00|2019-05-22 12:34:00|AVE|85.1|Turista|Promo|||
2019-04-11 21:50:04|MADRID|BARCELONA|2019-05-22 10:30:00|2019-05-22 13:15:00|AVE|85.1|Turista|Promo|||
2019-04-11 21:50:04|MADRID|BARCELONA|2019-05-22 11:30:00|2019-05-22 14:40:00|AVE|85.1|Turista|Promo|||
2019-04-11 21:50:04|MADRID|BARCELONA|2019-05-22 12:30:00|2019-05-22 15:30:00|AVE|90.5|Turista Plus|Promo|||
2019-04-11 21:50:04|MADRID|BARCELONA|2019-05-22 13:25:00|2019-05-22 16:24:00|AVE-TGV|40.95|Turista|Promo|||
2019-04-11 21:50:04|MADRID|BARCELONA|2019-05-22 14:00:00|2019-05-22 16:30:00|AVE|78.8|Turista|Promo|||
2019-04-11 21:50:04|MADRID|BARCELONA|2019-05-22 14:30:00|2019-05-22 17:21:00|AVE|66.75|Turista|Promo|||
2019-04-11 21:50:04|MADRID|BARCELONA|2019-05-22 15:00:00|2019-05-22 17:30:00|AVE|88.95|Turista|Promo|||
2019-04-11 21:50:04|MADRID|BARCELONA|2019-05-22 15:30:00|2019-05-22 18:40:00|AVE|85.1|Turista|Promo|||
2019-04-11 21:50:04|MADRID|BARCELONA|2019-05-22 16:00:00|2019-05-22 18:30:00|AVE|68.65|Turista|Promo|||
2019-04-11 21:50:04|MADRID|BARCELONA|2019-05-22 16:30:00|2019-05-22 19:15:00|AVE|90.5|Turista Plus|Promo|||
2019-04-11 21:50:04|MADRID|BARCELONA|2019-05-22 17:00:00|2019-05-22 19:30:00|AVE|100.4|Turista|Promo|||
2019-04-11 21:50:04|MADRID|BARCELONA|2019-05-22 17:30:00|2019-05-22 20:40:00|AVE|85.1|Turista|Promo|||
2019-04-11 21:50:04|MADRID|BARCELONA|2019-05-22 18:00:00|2019-05-22 20:30:00|AVE|100.4|Turista|Promo|||
2019-04-11 21:50:04|MADRID|BARCELONA|2019-05-22 18:30:00|2019-05-22 21:20:00|AVE|102.15|Turista Plus|Promo|||
2019-04-11 21:50:04|MADRID|BARCELONA|2019-05-22 19:00:00|2019-05-22 21:30:00|AVE|82.35|Turista Plus|Promo|||
2019-04-11 21:50:04|MADRID|BARCELONA|2019-05-22 19:30:00|2019-05-22 22:40:00|AVE|58.15|Turista|Promo|||
2019-04-11 21:50:04|MADRID|BARCELONA|2019-05-22 20:00:00|2019-05-22 22:30:00|AVE|78.8|Turista|Promo|||
2019-04-11 21:50:04|MADRID|BARCELONA|2019-05-22 20:30:00|2019-05-22 23:40:00|AVE|49.55|Turista|Promo|||
2019-04-11 21:50:04|MADRID|BARCELONA|2019-05-22 21:25:00|2019-05-22 23:55:00|AVE|75.4|Turista|Promo|||
2019-04-11 21:50:04|MADRID|BARCELONA|2019-04-22 05:50:00|2019-04-22 08:55:00|AVE|66.75|Turista|Promo|||
2019-04-11 21:50:04|MADRID|BARCELONA|2019-04-22 06:30:00|2019-04-22 09:20:00|AVE|75.4|Turista|Promo|||
2019-04-11 21:50:04|MADRID|BARCELONA|2019-04-22 07:00:00|2019-04-22 09:30:00|AVE|106.75|Turista Plus|Promo|||
2019-04-11 21:50:04|MADRID|BARCELONA|2019-04-22 07:15:00|2019-04-22 16:37:00|R. EXPRES|43.25|Turista|Adulto ida|||
2019-04-11 21:50:04|MADRID|BARCELONA|2019-04-22 07:30:00|2019-04-22 10:40:00|AVE|85.1|Turista|Promo|||
2019-04-11 21:50:04|MADRID|BARCELONA|2019-04-22 08:00:00|2019-04-22 10:30:00|AVE|100.4|Turista|Promo|||
2019-04-11 21:50:04|MADRID|BARCELONA|2019-04-22 08:30:00|2019-04-22 11:15:00|AVE||Preferente|Promo|||
2019-04-11 21:50:04|MADRID|BARCELONA|2019-04-22 09:30:00|2019-04-22 12:34:00|AVE|102.15|Turista Plus|Promo|||
2019-04-11 21:50:04|MADRID|BARCELONA|2019-04-22 10:30:00|2019-04-22 13:15:00|AVE|107.7|Turista|Flexible|||
2019-04-11 21:50:04|MADRID|BARCELONA|2019-04-22 11:30:00|2019-04-22 14:40:00|AVE|181.5|Preferente|Flexible|||
2019-04-11 21:50:04|MADRID|BARCELONA|2019-04-22 12:30:00|2019-04-22 15:30:00|AVE|181.5|Preferente|Flexible|||
2019-04-11 21:50:04|MADRID|BARCELONA|2019-04-22 13:25:00|2019-04-22 16:24:00|AVE-TGV|181.5|Preferente|Flexible|||
2019-04-11 21:50:04|MADRID|BARCELONA|2019-04-22 14:00:00|2019-04-22 16:30:00|AVE|127.1|Turista|Flexible|||
2019-04-11 21:50:04|MADRID|BARCELONA|2019-04-22 14:30:00|2019-04-22 17:21:00|AVE|107.7|Turista|Flexible|||
2019-04-11 21:50:04|MADRID|BARCELONA|2019-04-22 15:00:00|2019-04-22 17:30:00|AVE|132.8|Preferente|Promo|||
2019-04-11 21:50:04|MADRID|BARCELONA|2019-04-22 15:30:00|2019-04-22 18:40:00|AVE|107.7|Turista|Flexible|||
2019-04-11 21:50:04|MADRID|BARCELONA|2019-04-22 16:00:00|2019-04-22 18:30:00|AVE|127.1|Turista|Flexible|||
2019-04-11 21:50:04|MADRID|BARCELONA|2019-04-22 16:30:00|2019-04-22 19:15:00|AVE|181.5|Preferente|Flexible|||
2019-04-11 21:50:04|MADRID|BARCELONA|2019-04-22 17:00:00|2019-04-22 19:30:00|AVE|127.1|Turista|Flexible|||
2019-04-11 21:50:04|MADRID|BARCELONA|2019-04-22 17:30:00|2019-04-22 20:40:00|AVE|107.7|Turista|Flexible|||
2019-04-11 21:50:04|MADRID|BARCELONA|2019-04-22 18:00:00|2019-04-22 20:30:00|AVE|214.2|Preferente|Flexible|||
2019-04-11 21:50:04|MADRID|BARCELONA|2019-04-22 18:30:00|2019-04-22 21:20:00|AVE|107.7|Turista|Flexible|||
2019-04-11 21:50:04|MADRID|BARCELONA|2019-04-22 19:00:00|2019-04-22 21:30:00|AVE|127.1|Turista|Flexible|||
2019-04-11 21:50:04|MADRID|BARCELONA|2019-04-22 19:30:00|2019-04-22 22:40:00|AVE|181.5|Preferente|Flexible|||
2019-04-11 21:50:04|MADRID|BARCELONA|2019-04-22 20:00:00|2019-04-22 22:30:00|AVE|127.1|Turista|Flexible|||
2019-04-11 21:50:04|MADRID|BARCELONA|2019-04-22 20:30:00|2019-04-22 23:40:00|AVE|181.5|Preferente|Flexible|||
2019-04-11 21:50:04|MADRID|BARCELONA|2019-04-22 21:25:00|2019-04-22 23:55:00|AVE|107.7|Turista|Flexible|||
2019-04-11 21:50:20|MADRID|BARCELONA|2019-04-27 06:20:00|2019-04-27 09:29:00|AVE|86.8|Preferente|Promo|||
2019-04-11 21:50:20|MADRID|BARCELONA|2019-04-27 07:30:00|2019-04-27 10:40:00|AVE|75.4|Turista|Promo|||
2019-04-11 21:50:20|MADRID|BARCELONA|2019-04-27 08:30:00|2019-04-27 11:15:00|AVE|85.1|Turista|Promo|||
2019-04-11 21:50:20|MADRID|BARCELONA|2019-04-27 09:30:00|2019-04-27 12:34:00|AVE|102.15|Turista Plus|Promo|||
2019-04-11 21:50:20|MADRID|BARCELONA|2019-04-27 10:30:00|2019-04-27 13:15:00|AVE|58.15|Turista|Promo|||
2019-04-11 21:50:20|MADRID|BARCELONA|2019-04-27 11:30:00|2019-04-27 14:40:00|AVE|102.15|Turista Plus|Promo|||
2019-04-11 21:50:20|MADRID|BARCELONA|2019-04-27 12:30:00|2019-04-27 15:30:00|AVE|102.15|Turista Plus|Promo|||
2019-04-11 21:50:20|MADRID|BARCELONA|2019-04-27 13:25:00|2019-04-27 16:24:00|AVE-TGV|107.7|Turista|Flexible|||
2019-04-11 21:50:20|MADRID|BARCELONA|2019-04-27 15:30:00|2019-04-27 18:40:00|AVE|58.15|Turista|Promo|||
2019-04-11 21:50:20|MADRID|BARCELONA|2019-04-27 16:30:00|2019-04-27 19:15:00|AVE|107.7|Turista|Flexible|||
2019-04-11 21:50:20|MADRID|BARCELONA|2019-04-27 17:30:00|2019-04-27 20:40:00|AVE|49.15|Turista Plus|Promo|||
2019-04-11 21:50:20|MADRID|BARCELONA|2019-04-27 18:30:00|2019-04-27 21:20:00|AVE||Preferente|Promo|||
2019-04-11 21:50:20|MADRID|BARCELONA|2019-04-27 19:30:00|2019-04-27 22:40:00|AVE|90.5|Turista Plus|Promo|||
2019-04-11 21:50:20|MADRID|BARCELONA|2019-04-27 20:30:00|2019-04-27 23:40:00|AVE||Preferente|Promo|||
2019-04-11 21:50:23|MADRID|BARCELONA|2019-05-28 07:15:00|2019-05-28 16:37:00|R. EXPRES|43.25|Turista|Adulto ida|||
2019-04-11 21:50:23|MADRID|BARCELONA|2019-05-28 07:20:00|2019-05-28 09:50:00|AVE|100.4|Turista|Promo|||
2019-04-11 21:50:23|MADRID|BARCELONA|2019-05-28 07:30:00|2019-05-28 10:40:00|AVE|85.1|Turista|Promo|||
2019-04-11 21:50:23|MADRID|BARCELONA|2019-05-28 08:00:00|2019-05-28 10:30:00|AVE|100.4|Turista|Promo|||
2019-04-11 21:50:23|MADRID|BARCELONA|2019-05-28 08:20:00|2019-05-28 11:05:00|AVE|75.4|Turista|Promo|||
2019-04-11 21:50:23|MADRID|BARCELONA|2019-05-28 08:30:00|2019-05-28 11:15:00|AVE|75.4|Turista|Promo|||
2019-04-11 21:50:23|MADRID|BARCELONA|2019-05-28 09:00:00|2019-05-28 11:45:00|AVE|85.1|Turista|Promo|||
2019-04-11 21:50:23|MADRID|BARCELONA|2019-05-28 09:30:00|2019-05-28 12:34:00|AVE|80.15|Turista Plus|Promo|||
2019-04-11 21:50:23|MADRID|BARCELONA|2019-05-28 10:30:00|2019-05-28 13:15:00|AVE|85.1|Turista|Promo|||
2019-04-11 21:50:23|MADRID|BARCELONA|2019-05-28 11:30:00|2019-05-28 14:40:00|AVE|75.4|Turista|Promo|||
2019-04-11 21:50:23|MADRID|BARCELONA|2019-05-28 12:30:00|2019-05-28 15:30:00|AVE|49.55|Turista|Promo|||
2019-04-11 21:50:23|MADRID|BARCELONA|2019-05-28 13:25:00|2019-05-28 16:24:00|AVE-TGV|66.75|Turista|Promo|||
2019-04-11 21:50:23|MADRID|BARCELONA|2019-05-28 14:00:00|2019-05-28 16:30:00|AVE|78.8|Turista|Promo|||
2019-04-11 21:50:23|MADRID|BARCELONA|2019-05-28 14:30:00|2019-05-28 17:21:00|AVE|58.15|Turista|Promo|||
2019-04-11 21:50:23|MADRID|BARCELONA|2019-05-28 15:00:00|2019-05-28 17:30:00|AVE|68.65|Turista|Promo|||
2019-04-11 21:50:23|MADRID|BARCELONA|2019-05-28 15:30:00|2019-05-28 18:40:00|AVE|80.15|Turista Plus|Promo|||
2019-04-11 21:50:23|MADRID|BARCELONA|2019-05-28 16:00:00|2019-05-28 18:30:00|AVE|68.65|Turista|Promo|||
2019-04-11 21:50:23|MADRID|BARCELONA|2019-05-28 16:30:00|2019-05-28 19:15:00|AVE|107.7|Turista|Flexible|||
2019-04-11 21:50:23|MADRID|BARCELONA|2019-05-28 17:00:00|2019-05-28 19:30:00|AVE|88.95|Turista|Promo|||
2019-04-11 21:50:23|MADRID|BARCELONA|2019-05-28 17:30:00|2019-05-28 20:40:00|AVE|80.15|Turista Plus|Promo|||
2019-04-11 21:50:23|MADRID|BARCELONA|2019-05-28 18:00:00|2019-05-28 20:30:00|AVE|100.4|Turista|Promo|||
2019-04-11 21:50:23|MADRID|BARCELONA|2019-05-28 18:30:00|2019-05-28 21:20:00|AVE|102.15|Turista Plus|Promo|||
2019-04-11 21:50:23|MADRID|BARCELONA|2019-05-28 19:00:00|2019-05-28 21:30:00|AVE|78.8|Turista|Promo|||
2019-04-11 21:50:23|MADRID|BARCELONA|2019-05-28 19:30:00|2019-05-28 22:40:00|AVE|75.4|Turista|Promo|||
2019-04-11 21:50:23|MADRID|BARCELONA|2019-05-28 20:00:00|2019-05-28 22:30:00|AVE|88.95|Turista|Promo|||
2019-04-11 21:50:23|MADRID|BARCELONA|2019-05-28 20:30:00|2019-05-28 23:40:00|AVE|40.95|Turista|Promo|||
2019-04-11 21:50:23|MADRID|BARCELONA|2019-05-28 21:25:00|2019-05-28 23:55:00|AVE|58.15|Turista|Promo|||
2019-04-11 21:50:23|MADRID|BARCELONA|2019-05-28 06:10:00|2019-05-28 08:40:00|AVE|80.15|Turista Plus|Promo|||
2019-04-11 21:50:23|MADRID|BARCELONA|2019-05-28 06:30:00|2019-05-28 09:20:00|AVE|66.75|Turista|Promo|||
2019-04-11 21:50:23|MADRID|BARCELONA|2019-05-28 07:00:00|2019-05-28 09:30:00|AVE|94.55|Turista Plus|Promo|||
2019-04-11 21:50:34|MADRID|SEVILLA|2019-06-01 07:00:00|2019-06-01 09:55:00|AV City|58.95|Turista Plus|Promo|||
2019-04-11 21:50:34|MADRID|SEVILLA|2019-06-01 08:00:00|2019-06-01 10:32:00|AVE|47.3|Turista|Promo|||
2019-04-11 21:50:34|MADRID|SEVILLA|2019-06-01 08:30:00|2019-06-01 11:14:00|ALVIA|61.2|Preferente|Promo|||
2019-04-11 21:50:34|MADRID|SEVILLA|2019-06-01 09:00:00|2019-06-01 11:38:00|AVE|47.3|Turista|Promo|||
2019-04-11 21:50:34|MADRID|SEVILLA|2019-06-01 09:45:00|2019-06-01 12:27:00|INTERCITY|62.2|Turista|Flexible|||
2019-04-11 21:50:34|MADRID|SEVILLA|2019-06-01 10:00:00|2019-06-01 12:32:00|AVE|53.4|Turista|Promo|||
2019-04-11 21:50:34|MADRID|SEVILLA|2019-06-01 11:00:00|2019-06-01 13:32:00|AVE|61.45|Preferente|Promo|||
2019-04-11 21:50:34|MADRID|SEVILLA|2019-06-01 11:05:00|2019-06-01 13:41:00|ALVIA||Preferente|Promo|||
2019-04-11 21:50:34|MADRID|SEVILLA|2019-06-01 12:00:00|2019-06-01 14:32:00|AVE|69.35|Preferente|Promo|||
2019-04-11 21:50:34|MADRID|SEVILLA|2019-06-01 13:10:00|2019-06-01 20:51:00|MD-LD||Preferente|Promo|||
2019-04-11 21:50:34|MADRID|SEVILLA|2019-06-01 13:30:00|2019-06-01 16:05:00|ALVIA||Preferente|Promo|||
2019-04-11 21:50:34|MADRID|SEVILLA|2019-06-01 14:00:00|2019-06-01 16:32:00|AVE|61.45|Preferente|Promo|||
2019-04-11 21:50:34|MADRID|SEVILLA|2019-06-01 16:00:00|2019-06-01 18:30:00|AVE|61.45|Preferente|Promo|||
2019-04-11 21:50:34|MADRID|SEVILLA|2019-06-01 17:00:00|2019-06-01 19:38:00|AVE|47.3|Turista|Promo|||
2019-04-11 21:50:34|MADRID|SEVILLA|2019-06-01 18:00:00|2019-06-01 20:32:00|AVE|47.3|Turista|Promo|||
2019-04-11 21:50:34|MADRID|SEVILLA|2019-06-01 19:00:00|2019-06-01 21:38:00|AVE|47.3|Turista|Promo|||
2019-04-11 21:50:34|MADRID|SEVILLA|2019-06-01 20:35:00|2019-06-01 23:15:00|AVE|47.3|Turista|Promo|||
2019-04-11 21:50:34|MADRID|SEVILLA|2019-06-01 21:25:00|2019-06-02 00:10:00|AV City|52.2|Turista Plus|Promo|||
2019-04-11 21:50:38|MADRID|SEVILLA|2019-06-02 07:00:00|2019-06-02 09:55:00|AV City|43.55|Turista|Promo|||
2019-04-11 21:50:38|MADRID|SEVILLA|2019-06-02 08:30:00|2019-06-02 11:14:00|ALVIA||Preferente|Promo|||
2019-04-11 21:50:38|MADRID|SEVILLA|2019-06-02 09:00:00|2019-06-02 11:38:00|AVE|69.4|Preferente|Promo|||
2019-04-11 21:50:38|MADRID|SEVILLA|2019-06-02 11:00:00|2019-06-02 13:32:00|AVE|76.3|Turista|Flexible|||
2019-04-11 21:50:38|MADRID|SEVILLA|2019-06-02 11:05:00|2019-06-02 13:41:00|ALVIA||Preferente|Promo|||
2019-04-11 21:50:38|MADRID|SEVILLA|2019-06-02 12:00:00|2019-06-02 14:32:00|AVE|69.4|Preferente|Promo|||
2019-04-11 21:50:38|MADRID|SEVILLA|2019-06-02 13:00:00|2019-06-02 15:40:00|AVE|69.4|Preferente|Promo|||
2019-04-11 21:50:38|MADRID|SEVILLA|2019-06-02 13:10:00|2019-06-02 20:51:00|MD-LD||Preferente|Promo|||
2019-04-11 21:50:38|MADRID|SEVILLA|2019-06-02 13:30:00|2019-06-02 16:05:00|ALVIA||Preferente|Promo|||
2019-04-11 21:50:38|MADRID|SEVILLA|2019-06-02 14:00:00|2019-06-02 16:32:00|AVE|69.4|Preferente|Promo|||
2019-04-11 21:50:38|MADRID|SEVILLA|2019-06-02 15:00:00|2019-06-02 17:21:00|AVE|69.4|Preferente|Promo|||
2019-04-11 21:50:38|MADRID|SEVILLA|2019-06-02 16:00:00|2019-06-02 18:30:00|AVE|69.4|Preferente|Promo|||
2019-04-11 21:50:38|MADRID|SEVILLA|2019-06-02 16:30:00|2019-06-02 18:51:00|AVE|69.4|Preferente|Promo|||
2019-04-11 21:50:38|MADRID|SEVILLA|2019-06-02 17:00:00|2019-06-02 19:38:00|AVE|69.4|Preferente|Promo|||
2019-04-11 21:50:38|MADRID|SEVILLA|2019-06-02 18:00:00|2019-06-02 20:32:00|AVE|69.4|Preferente|Promo|||
2019-04-11 21:50:38|MADRID|SEVILLA|2019-06-02 18:35:00|2019-06-02 21:08:00|ALVIA||Preferente|Promo|||
2019-04-11 21:50:38|MADRID|SEVILLA|2019-06-02 19:00:00|2019-06-02 21:38:00|AVE|69.4|Preferente|Promo|||
2019-04-11 21:50:38|MADRID|SEVILLA|2019-06-02 19:30:00|2019-06-02 22:05:00|AVE|69.4|Preferente|Promo|||
2019-04-11 21:50:38|MADRID|SEVILLA|2019-06-02 20:00:00|2019-06-02 22:21:00|AVE|64.05|Turista Plus|Promo|||
2019-04-11 21:50:38|MADRID|SEVILLA|2019-06-02 20:35:00|2019-06-02 23:15:00|AVE|64.05|Turista Plus|Promo|||
2019-04-11 21:50:38|MADRID|SEVILLA|2019-06-02 21:25:00|2019-06-03 00:10:00|AV City|52.2|Turista Plus|Promo|||
2019-04-11 21:50:48|MADRID|SEVILLA|2019-05-05 07:00:00|2019-05-05 09:55:00|AV City|49.15|Turista|Promo|||
2019-04-11 21:50:48|MADRID|SEVILLA|2019-05-05 08:30:00|2019-05-05 11:14:00|ALVIA||Turista|Flexible|||
2019-04-11 21:50:48|MADRID|SEVILLA|2019-05-05 09:00:00|2019-05-05 11:38:00|AVE|76.3|Turista|Flexible|||
2019-04-11 21:50:48|MADRID|SEVILLA|2019-05-05 11:00:00|2019-05-05 13:32:00|AVE||Preferente|Promo|||
2019-04-11 21:50:48|MADRID|SEVILLA|2019-05-05 11:05:00|2019-05-05 13:41:00|ALVIA||Preferente|Promo|||
2019-04-11 21:50:48|MADRID|SEVILLA|2019-05-05 12:00:00|2019-05-05 14:32:00|AVE|69.4|Preferente|Promo|||
2019-04-11 21:50:48|MADRID|SEVILLA|2019-05-05 13:00:00|2019-05-05 15:40:00|AVE|53.4|Turista|Promo|||
2019-04-11 21:50:48|MADRID|SEVILLA|2019-05-05 13:10:00|2019-05-05 20:51:00|MD-LD|34.35|Turista con enlace|Promo +|||
2019-04-11 21:50:48|MADRID|SEVILLA|2019-05-05 13:30:00|2019-05-05 16:05:00|ALVIA||Turista|Promo|||
2019-04-11 21:50:48|MADRID|SEVILLA|2019-05-05 14:00:00|2019-05-05 16:32:00|AVE|53.4|Turista|Promo|||
2019-04-11 21:50:48|MADRID|SEVILLA|2019-05-05 15:00:00|2019-05-05 17:21:00|AVE|53.4|Turista|Promo|||
2019-04-11 21:50:48|MADRID|SEVILLA|2019-05-05 16:00:00|2019-05-05 18:30:00|AVE|53.4|Turista|Promo|||
2019-04-11 21:50:48|MADRID|SEVILLA|2019-05-05 16:30:00|2019-05-05 18:51:00|AVE|47.3|Turista|Promo|||
2019-04-11 21:50:48|MADRID|SEVILLA|2019-05-05 17:00:00|2019-05-05 19:38:00|AVE|53.4|Turista|Promo|||
2019-04-11 21:50:48|MADRID|SEVILLA|2019-05-05 18:00:00|2019-05-05 20:32:00|AVE|53.4|Turista|Promo|||
2019-04-11 21:50:48|MADRID|SEVILLA|2019-05-05 18:35:00|2019-05-05 21:08:00|ALVIA||Turista|Promo|||
2019-04-11 21:50:48|MADRID|SEVILLA|2019-05-05 19:00:00|2019-05-05 21:38:00|AVE|60.3|Turista|Promo|||
2019-04-11 21:50:48|MADRID|SEVILLA|2019-05-05 19:30:00|2019-05-05 22:05:00|AVE|53.4|Turista|Promo|||
2019-04-11 21:50:48|MADRID|SEVILLA|2019-05-05 20:00:00|2019-05-05 22:21:00|AVE|53.4|Turista|Promo|||
2019-04-11 21:50:48|MADRID|SEVILLA|2019-05-05 20:35:00|2019-05-05 23:15:00|AVE|47.3|Turista|Promo|||
2019-04-11 21:50:48|MADRID|SEVILLA|2019-05-05 21:25:00|2019-05-06 00:10:00|AV City|43.55|Turista|Promo|||
2019-04-11 21:50:52|MADRID|SEVILLA|2019-05-06 06:20:00|2019-05-06 09:16:00|AV City|43.55|Turista|Promo|||
2019-04-11 21:50:52|MADRID|SEVILLA|2019-05-06 07:00:00|2019-05-06 09:32:00|AVE|76.3|Turista|Flexible|||
2019-04-11 21:50:52|MADRID|SEVILLA|2019-05-06 07:30:00|2019-05-06 09:51:00|AVE|76.3|Turista|Flexible|||
2019-04-11 21:50:52|MADRID|SEVILLA|2019-05-06 08:00:00|2019-05-06 10:32:00|AVE|76.3|Turista|Flexible|||
2019-04-11 21:50:52|MADRID|SEVILLA|2019-05-06 08:30:00|2019-05-06 11:14:00|ALVIA||Turista|Flexible|||
2019-04-11 21:50:52|MADRID|SEVILLA|2019-05-06 09:00:00|2019-05-06 11:38:00|AVE|76.3|Turista|Flexible|||
2019-04-11 21:50:52|MADRID|SEVILLA|2019-05-06 09:45:00|2019-05-06 12:27:00|INTERCITY|62.2|Turista|Flexible|||
2019-04-11 21:50:52|MADRID|SEVILLA|2019-05-06 10:00:00|2019-05-06 12:32:00|AVE|76.3|Turista|Flexible|||
2019-04-11 21:50:52|MADRID|SEVILLA|2019-05-06 11:00:00|2019-05-06 13:32:00|AVE|76.3|Turista|Flexible|||
2019-04-11 21:50:52|MADRID|SEVILLA|2019-05-06 11:05:00|2019-05-06 13:41:00|ALVIA||Turista|Promo|||
2019-04-11 21:50:52|MADRID|SEVILLA|2019-05-06 12:00:00|2019-05-06 14:32:00|AVE|60.3|Turista|Promo|||
2019-04-11 21:50:52|MADRID|SEVILLA|2019-05-06 13:00:00|2019-05-06 15:40:00|AVE|53.4|Turista|Promo|||
2019-04-11 21:50:52|MADRID|SEVILLA|2019-05-06 13:10:00|2019-05-06 20:51:00|MD-LD||Turista|Promo|||
2019-04-11 21:50:52|MADRID|SEVILLA|2019-05-06 13:30:00|2019-05-06 16:05:00|ALVIA||Turista|Promo|||
2019-04-11 21:50:52|MADRID|SEVILLA|2019-05-06 14:00:00|2019-05-06 16:32:00|AVE|47.3|Turista|Promo|||
2019-04-11 21:50:52|MADRID|SEVILLA|2019-05-06 15:00:00|2019-05-06 17:21:00|AVE|53.4|Turista|Promo|||
2019-04-11 21:50:52|MADRID|SEVILLA|2019-05-06 16:00:00|2019-05-06 18:30:00|AVE|47.3|Turista|Promo|||
2019-04-11 21:50:52|MADRID|SEVILLA|2019-05-06 16:30:00|2019-05-06 18:51:00|AVE|47.3|Turista|Promo|||
2019-04-11 21:50:52|MADRID|SEVILLA|2019-05-06 17:00:00|2019-05-06 19:38:00|AVE|47.3|Turista|Promo|||
2019-04-11 21:50:52|MADRID|SEVILLA|2019-05-06 18:00:00|2019-05-06 20:32:00|AVE|47.3|Turista|Promo|||
2019-04-11 21:50:52|MADRID|SEVILLA|2019-05-06 18:35:00|2019-05-06 21:08:00|ALVIA|67.2|Turista|Flexible|||
2019-04-11 21:50:52|MADRID|SEVILLA|2019-05-06 19:00:00|2019-05-06 21:38:00|AVE|53.4|Turista|Promo|||
2019-04-11 21:50:52|MADRID|SEVILLA|2019-05-06 20:35:00|2019-05-06 23:15:00|AVE|47.3|Turista|Promo|||
2019-04-11 21:50:52|MADRID|SEVILLA|2019-05-06 21:25:00|2019-05-07 00:10:00|AV City|43.55|Turista|Promo|||
2019-04-11 21:51:08|MADRID|SEVILLA|2019-05-10 06:20:00|2019-05-10 09:16:00|AV City|49.15|Turista|Promo|||
2019-04-11 21:51:08|MADRID|SEVILLA|2019-05-10 08:00:00|2019-05-10 10:32:00|AVE|76.3|Turista|Flexible|||
2019-04-11 21:51:08|MADRID|SEVILLA|2019-05-10 08:30:00|2019-05-10 11:14:00|ALVIA||Turista|Flexible|||
2019-04-11 21:51:08|MADRID|SEVILLA|2019-05-10 09:00:00|2019-05-10 11:38:00|AVE|76.3|Turista|Flexible|||
2019-04-11 21:51:08|MADRID|SEVILLA|2019-05-10 09:45:00|2019-05-10 12:27:00|INTERCITY||Turista|Flexible|||
2019-04-11 21:51:08|MADRID|SEVILLA|2019-05-10 10:00:00|2019-05-10 12:32:00|AVE|76.3|Turista|Flexible|||
2019-04-11 21:51:08|MADRID|SEVILLA|2019-05-10 11:00:00|2019-05-10 13:32:00|AVE|60.3|Turista|Promo|||
2019-04-11 21:51:08|MADRID|SEVILLA|2019-05-10 11:05:00|2019-05-10 13:41:00|ALVIA||Turista|Promo|||
2019-04-11 21:51:08|MADRID|SEVILLA|2019-05-10 12:00:00|2019-05-10 14:32:00|AVE|60.3|Turista|Promo|||
2019-04-11 21:51:08|MADRID|SEVILLA|2019-05-10 13:00:00|2019-05-10 15:40:00|AVE|60.3|Turista|Promo|||
2019-04-11 21:51:08|MADRID|SEVILLA|2019-05-10 13:10:00|2019-05-10 20:51:00|MD-LD||Turista|Flexible|||
2019-04-11 21:51:08|MADRID|SEVILLA|2019-05-10 13:30:00|2019-05-10 16:05:00|ALVIA||Turista|Flexible|||
2019-04-11 21:51:08|MADRID|SEVILLA|2019-05-10 14:00:00|2019-05-10 16:32:00|AVE|76.3|Turista|Flexible|||
2019-04-11 21:51:08|MADRID|SEVILLA|2019-05-10 15:00:00|2019-05-10 17:21:00|AVE|128.5|Preferente|Flexible|||
2019-04-11 21:51:08|MADRID|SEVILLA|2019-05-10 16:00:00|2019-05-10 18:30:00|AVE|76.3|Turista|Flexible|||
2019-04-11 21:51:08|MADRID|SEVILLA|2019-05-10 16:30:00|2019-05-10 18:55:00|AVE|76.3|Turista|Flexible|||
2019-04-11 21:51:08|MADRID|SEVILLA|2019-05-10 17:00:00|2019-05-10 19:38:00|AVE|76.3|Turista|Flexible|||
2019-04-11 21:51:08|MADRID|SEVILLA|2019-05-10 18:00:00|2019-05-10 20:32:00|AVE|76.3|Turista|Flexible|||
2019-04-11 21:51:08|MADRID|SEVILLA|2019-05-10 18:35:00|2019-05-10 21:08:00|ALVIA||Turista|Flexible|||
2019-04-11 21:51:08|MADRID|SEVILLA|2019-05-10 19:00:00|2019-05-10 21:38:00|AVE|76.3|Turista|Flexible|||
2019-04-11 21:51:08|MADRID|SEVILLA|2019-05-10 19:30:00|2019-05-10 22:05:00|AVE|69.4|Preferente|Promo|||
2019-04-11 21:51:08|MADRID|SEVILLA|2019-05-10 20:00:00|2019-05-10 22:21:00|AVE|72.3|Turista Plus|Promo|||
2019-04-11 21:51:08|MADRID|SEVILLA|2019-05-10 20:35:00|2019-05-10 23:15:00|AVE|69.4|Preferente|Promo|||
2019-04-11 21:51:08|MADRID|SEVILLA|2019-05-10 21:25:00|2019-05-11 00:10:00|AV City|62.2|Turista|Flexible|||
2019-04-11 21:51:18|MADRID|SEVILLA|2019-04-13 07:00:00|2019-04-13 09:55:00|AV City|62.2|Turista|Flexible|||
2019-04-11 21:51:18|MADRID|SEVILLA|2019-04-13 08:00:00|2019-04-13 10:32:00|AVE||Turista|Flexible|||
2019-04-11 21:51:18|MADRID|SEVILLA|2019-04-13 08:30:00|2019-04-13 11:14:00|ALVIA||Turista|Flexible|||
2019-04-11 21:51:18|MADRID|SEVILLA|2019-04-13 09:00:00|2019-04-13 11:38:00|AVE|76.3|Turista|Flexible|||
2019-04-11 21:51:18|MADRID|SEVILLA|2019-04-13 09:45:00|2019-04-13 12:27:00|INTERCITY||Turista|Flexible|||
2019-04-11 21:51:18|MADRID|SEVILLA|2019-04-13 10:00:00|2019-04-13 12:32:00|AVE|76.3|Turista|Flexible|||
2019-04-11 21:51:18|MADRID|SEVILLA|2019-04-13 11:00:00|2019-04-13 13:32:00|AVE|76.3|Turista|Flexible|||
2019-04-11 21:51:18|MADRID|SEVILLA|2019-04-13 11:05:00|2019-04-13 13:41:00|ALVIA|61.2|Preferente|Promo|||
2019-04-11 21:51:18|MADRID|SEVILLA|2019-04-13 12:00:00|2019-04-13 14:32:00|AVE|76.3|Turista|Flexible|||
2019-04-11 21:51:18|MADRID|SEVILLA|2019-04-13 13:10:00|2019-04-13 20:51:00|MD-LD|34.35|Turista con enlace|Promo +|||
2019-04-11 21:51:18|MADRID|SEVILLA|2019-04-13 13:30:00|2019-04-13 16:05:00|ALVIA||Turista|Flexible|||
2019-04-11 21:51:18|MADRID|SEVILLA|2019-04-13 14:00:00|2019-04-13 16:32:00|AVE|76.3|Turista|Flexible|||
2019-04-11 21:51:18|MADRID|SEVILLA|2019-04-13 16:00:00|2019-04-13 18:30:00|AVE|76.3|Turista|Flexible|||
2019-04-11 21:51:18|MADRID|SEVILLA|2019-04-13 17:00:00|2019-04-13 19:38:00|AVE||Turista|Flexible|||
2019-04-11 21:51:18|MADRID|SEVILLA|2019-04-13 18:00:00|2019-04-13 20:32:00|AVE|76.3|Turista|Flexible|||
2019-04-11 21:51:18|MADRID|SEVILLA|2019-04-13 19:00:00|2019-04-13 21:38:00|AVE|76.3|Turista|Flexible|||
2019-04-11 21:51:18|MADRID|SEVILLA|2019-04-13 20:35:00|2019-04-13 23:15:00|AVE||Turista|Promo|||
2019-04-11 21:51:18|MADRID|SEVILLA|2019-04-13 21:25:00|2019-04-14 00:10:00|AV City|49.15|Turista|Promo|||
2019-04-11 21:51:24|MADRID|SEVILLA|2019-04-15 06:20:00|2019-04-15 09:16:00|AV City|49.15|Turista|Promo|||
2019-04-11 21:51:24|MADRID|SEVILLA|2019-04-15 07:00:00|2019-04-15 09:32:00|AVE|69.4|Preferente|Promo|||
2019-04-11 21:51:24|MADRID|SEVILLA|2019-04-15 08:00:00|2019-04-15 10:32:00|AVE|76.3|Turista|Flexible|||
2019-04-11 21:51:24|MADRID|SEVILLA|2019-04-15 08:30:00|2019-04-15 11:14:00|ALVIA||Turista|Flexible|||
2019-04-11 21:51:24|MADRID|SEVILLA|2019-04-15 09:00:00|2019-04-15 11:38:00|AVE|76.3|Turista|Flexible|||
2019-04-11 21:51:24|MADRID|SEVILLA|2019-04-15 09:45:00|2019-04-15 12:27:00|INTERCITY|62.2|Turista|Flexible|||
2019-04-11 21:51:24|MADRID|SEVILLA|2019-04-15 10:00:00|2019-04-15 12:32:00|AVE|76.3|Turista|Flexible|||
2019-04-11 21:51:24|MADRID|SEVILLA|2019-04-15 11:00:00|2019-04-15 13:32:00|AVE|76.3|Turista|Flexible|||
2019-04-11 21:51:24|MADRID|SEVILLA|2019-04-15 11:05:00|2019-04-15 13:41:00|ALVIA||Turista|Flexible|||
2019-04-11 21:51:24|MADRID|SEVILLA|2019-04-15 12:00:00|2019-04-15 14:32:00|AVE|76.3|Turista|Flexible|||
2019-04-11 21:51:24|MADRID|SEVILLA|2019-04-15 13:00:00|2019-04-15 15:40:00|AVE|60.3|Turista|Promo|||
2019-04-11 21:51:24|MADRID|SEVILLA|2019-04-15 13:10:00|2019-04-15 20:51:00|MD-LD|34.35|Turista con enlace|Promo +|||
2019-04-11 21:51:24|MADRID|SEVILLA|2019-04-15 13:30:00|2019-04-15 16:05:00|ALVIA||Preferente|Promo|||
2019-04-11 21:51:24|MADRID|SEVILLA|2019-04-15 14:00:00|2019-04-15 16:32:00|AVE|69.4|Preferente|Promo|||
2019-04-11 21:51:24|MADRID|SEVILLA|2019-04-15 15:00:00|2019-04-15 17:21:00|AVE|69.4|Preferente|Promo|||
2019-04-11 21:51:24|MADRID|SEVILLA|2019-04-15 16:00:00|2019-04-15 18:30:00|AVE|60.3|Turista|Promo|||
2019-04-11 21:51:24|MADRID|SEVILLA|2019-04-15 16:30:00|2019-04-15 18:51:00|AVE|60.3|Turista|Promo|||
2019-04-11 21:51:24|MADRID|SEVILLA|2019-04-15 17:00:00|2019-04-15 19:38:00|AVE|69.4|Preferente|Promo|||
2019-04-11 21:51:24|MADRID|SEVILLA|2019-04-15 18:00:00|2019-04-15 20:32:00|AVE|60.3|Turista|Promo|||
2019-04-11 21:51:24|MADRID|SEVILLA|2019-04-15 19:00:00|2019-04-15 21:38:00|AVE|60.3|Turista|Promo|||
2019-04-11 21:51:24|MADRID|SEVILLA|2019-04-15 20:35:00|2019-04-15 23:15:00|AVE|53.4|Turista|Promo|||
2019-04-11 21:51:24|MADRID|SEVILLA|2019-04-15 21:25:00|2019-04-16 00:10:00|AV City|43.55|Turista|Promo|||
2019-04-11 21:51:34|MADRID|SEVILLA|2019-05-17 06:20:00|2019-05-17 09:16:00|AV City|49.15|Turista|Promo|||
2019-04-11 21:51:34|MADRID|SEVILLA|2019-05-17 07:00:00|2019-05-17 09:32:00|AVE|76.3|Turista|Flexible|||
2019-04-11 21:51:34|MADRID|SEVILLA|2019-05-17 08:00:00|2019-05-17 10:32:00|AVE|76.3|Turista|Flexible|||
2019-04-11 21:51:34|MADRID|SEVILLA|2019-05-17 08:30:00|2019-05-17 11:14:00|ALVIA||Turista|Flexible|||
2019-04-11 21:51:34|MADRID|SEVILLA|2019-05-17 09:00:00|2019-05-17 11:38:00|AVE|76.3|Turista|Flexible|||
2019-04-11 21:51:34|MADRID|SEVILLA|2019-05-17 09:45:00|2019-05-17 12:27:00|INTERCITY|62.2|Turista|Flexible|||
2019-04-11 21:51:34|MADRID|SEVILLA|2019-05-17 10:00:00|2019-05-17 12:32:00|AVE|76.3|Turista|Flexible|||
2019-04-11 21:51:34|MADRID|SEVILLA|2019-05-17 11:00:00|2019-05-17 13:32:00|AVE|60.3|Turista|Promo|||
2019-04-11 21:51:34|MADRID|SEVILLA|2019-05-17 11:05:00|2019-05-17 13:41:00|ALVIA||Turista|Promo|||
2019-04-11 21:51:34|MADRID|SEVILLA|2019-05-17 12:00:00|2019-05-17 14:32:00|AVE|60.3|Turista|Promo|||
2019-04-11 21:51:34|MADRID|SEVILLA|2019-05-17 13:00:00|2019-05-17 15:40:00|AVE|60.3|Turista|Promo|||
2019-04-11 21:51:34|MADRID|SEVILLA|2019-05-17 13:10:00|2019-05-17 20:51:00|MD-LD||Preferente|Promo|||
2019-04-11 21:51:34|MADRID|SEVILLA|2019-05-17 13:30:00|2019-05-17 16:05:00|ALVIA||Preferente|Promo|||
2019-04-11 21:51:34|MADRID|SEVILLA|2019-05-17 14:00:00|2019-05-17 16:32:00|AVE|101.5|Preferente|Promo|||
2019-04-11 21:51:34|MADRID|SEVILLA|2019-05-17 15:00:00|2019-05-17 17:21:00|AVE|76.3|Turista|Flexible|||
2019-04-11 21:51:34|MADRID|SEVILLA|2019-05-17 16:00:00|2019-05-17 18:30:00|AVE|76.3|Turista|Flexible|||
2019-04-11 21:51:34|MADRID|SEVILLA|2019-05-17 16:30:00|2019-05-17 18:55:00|AVE|76.3|Turista|Flexible|||
2019-04-11 21:51:34|MADRID|SEVILLA|2019-05-17 17:00:00|2019-05-17 19:38:00|AVE|76.3|Turista|Flexible|||
2019-04-11 21:51:34|MADRID|SEVILLA|2019-05-17 18:00:00|2019-05-17 20:32:00|AVE|76.3|Turista|Flexible|||
2019-04-11 21:51:34|MADRID|SEVILLA|2019-05-17 18:35:00|2019-05-17 21:08:00|ALVIA|87.4|Preferente|Flexible|||
2019-04-11 21:51:34|MADRID|SEVILLA|2019-05-17 19:00:00|2019-05-17 21:38:00|AVE|128.5|Preferente|Flexible|||
2019-04-11 21:51:34|MADRID|SEVILLA|2019-05-17 19:30:00|2019-05-17 22:05:00|AVE|76.3|Turista|Flexible|||
2019-04-11 21:51:34|MADRID|SEVILLA|2019-05-17 20:00:00|2019-05-17 22:21:00|AVE|76.3|Turista|Flexible|||
2019-04-11 21:51:34|MADRID|SEVILLA|2019-05-17 20:35:00|2019-05-17 23:15:00|AVE|76.3|Turista|Flexible|||
2019-04-11 21:51:34|MADRID|SEVILLA|2019-05-17 21:25:00|2019-05-18 00:10:00|AV City|58.95|Turista Plus|Promo|||
2019-04-11 21:51:34|MADRID|SEVILLA|2019-04-18 06:20:00|2019-04-18 09:16:00|AV City|43.55|Turista|Promo|||
2019-04-11 21:51:34|MADRID|SEVILLA|2019-04-18 07:00:00|2019-04-18 09:55:00|AV City||Preferente|Flexible|||
2019-04-11 21:51:34|MADRID|SEVILLA|2019-04-18 07:00:00|2019-04-18 09:32:00|AVE|128.5|Preferente|Flexible|||
2019-04-11 21:51:34|MADRID|SEVILLA|2019-04-18 08:00:00|2019-04-18 10:32:00|AVE|76.3|Turista|Flexible|||
2019-04-11 21:51:34|MADRID|SEVILLA|2019-04-18 08:30:00|2019-04-18 11:14:00|ALVIA||Turista|Flexible|||
2019-04-11 21:51:34|MADRID|SEVILLA|2019-04-18 09:00:00|2019-04-18 11:38:00|AVE|76.3|Turista|Flexible|||
2019-04-11 21:51:34|MADRID|SEVILLA|2019-04-18 09:45:00|2019-04-18 12:27:00|INTERCITY|62.2|Turista|Flexible|||
2019-04-11 21:51:34|MADRID|SEVILLA|2019-04-18 10:00:00|2019-04-18 12:32:00|AVE|91.5|Turista Plus|Flexible|||
2019-04-11 21:51:34|MADRID|SEVILLA|2019-04-18 11:00:00|2019-04-18 13:32:00|AVE|76.3|Turista|Flexible|||
2019-04-11 21:51:34|MADRID|SEVILLA|2019-04-18 11:05:00|2019-04-18 13:41:00|ALVIA|61.2|Preferente|Promo|||
2019-04-11 21:51:34|MADRID|SEVILLA|2019-04-18 12:00:00|2019-04-18 14:32:00|AVE|76.3|Turista|Flexible|||
2019-04-11 21:51:34|MADRID|SEVILLA|2019-04-18 13:00:00|2019-04-18 15:40:00|AVE|76.3|Turista|Flexible|||
2019-04-11 21:51:34|MADRID|SEVILLA|2019-04-18 13:10:00|2019-04-18 20:51:00|MD-LD|34.35|Turista con enlace|Promo +|||
2019-04-11 21:51:34|MADRID|SEVILLA|2019-04-18 13:30:00|2019-04-18 16:05:00|ALVIA||Preferente|Flexible|||
2019-04-11 21:51:34|MADRID|SEVILLA|2019-04-18 14:00:00|2019-04-18 16:32:00|AVE||Preferente|Flexible|||
2019-04-11 21:51:34|MADRID|SEVILLA|2019-04-18 16:00:00|2019-04-18 18:30:00|AVE|128.5|Preferente|Flexible|||
2019-04-11 21:51:34|MADRID|SEVILLA|2019-04-18 17:00:00|2019-04-18 19:38:00|AVE|76.3|Turista|Flexible|||
2019-04-11 21:51:34|MADRID|SEVILLA|2019-04-18 18:00:00|2019-04-18 20:32:00|AVE|76.3|Turista|Flexible|||
2019-04-11 21:51:34|MADRID|SEVILLA|2019-04-18 19:00:00|2019-04-18 21:38:00|AVE|69.4|Preferente|Promo|||
2019-04-11 21:51:34|MADRID|SEVILLA|2019-04-18 20:35:00|2019-04-18 23:15:00|AVE|72.3|Turista Plus|Promo|||
2019-04-11 21:51:34|MADRID|SEVILLA|2019-04-18 21:25:00|2019-04-19 00:10:00|AV City|58.95|Turista Plus|Promo|||
2019-04-11 21:51:50|MADRID|SEVILLA|2019-05-21 06:20:00|2019-05-21 09:16:00|AV City|38.55|Turista|Promo|||
2019-04-11 21:51:50|MADRID|SEVILLA|2019-05-21 07:00:00|2019-05-21 09:32:00|AVE|60.3|Turista|Promo|||
2019-04-11 21:51:50|MADRID|SEVILLA|2019-05-21 07:30:00|2019-05-21 09:51:00|AVE|47.3|Turista|Promo|||
2019-04-11 21:51:50|MADRID|SEVILLA|2019-05-21 08:00:00|2019-05-21 10:32:00|AVE|47.3|Turista|Promo|||
2019-04-11 21:51:50|MADRID|SEVILLA|2019-05-21 08:30:00|2019-05-21 11:14:00|ALVIA||Turista|Promo|||
2019-04-11 21:51:50|MADRID|SEVILLA|2019-05-21 09:00:00|2019-05-21 11:38:00|AVE|53.4|Turista|Promo|||
2019-04-11 21:51:50|MADRID|SEVILLA|2019-05-21 09:45:00|2019-05-21 12:27:00|INTERCITY|62.2|Turista|Flexible|||
2019-04-11 21:51:50|MADRID|SEVILLA|2019-05-21 10:00:00|2019-05-21 12:32:00|AVE|47.3|Turista|Promo|||
2019-04-11 21:51:50|MADRID|SEVILLA|2019-05-21 11:00:00|2019-05-21 13:32:00|AVE|53.4|Turista|Promo|||
2019-04-11 21:51:50|MADRID|SEVILLA|2019-05-21 11:05:00|2019-05-21 13:41:00|ALVIA||Turista|Promo|||
2019-04-11 21:51:50|MADRID|SEVILLA|2019-05-21 12:00:00|2019-05-21 14:32:00|AVE|47.3|Turista|Promo|||
2019-04-11 21:51:50|MADRID|SEVILLA|2019-05-21 13:00:00|2019-05-21 15:40:00|AVE|47.3|Turista|Promo|||
2019-04-11 21:51:50|MADRID|SEVILLA|2019-05-21 13:10:00|2019-05-21 20:51:00|MD-LD||Preferente|Promo|||
2019-04-11 21:51:50|MADRID|SEVILLA|2019-05-21 13:30:00|2019-05-21 16:05:00|ALVIA|52.45|Preferente|Promo|||
2019-04-11 21:51:50|MADRID|SEVILLA|2019-05-21 14:00:00|2019-05-21 16:32:00|AVE|47.3|Turista|Promo|||
2019-04-11 21:51:50|MADRID|SEVILLA|2019-05-21 15:00:00|2019-05-21 17:21:00|AVE|47.3|Turista|Promo|||
2019-04-11 21:51:50|MADRID|SEVILLA|2019-05-21 16:00:00|2019-05-21 18:30:00|AVE|47.3|Turista|Promo|||
2019-04-11 21:51:50|MADRID|SEVILLA|2019-05-21 16:30:00|2019-05-21 18:51:00|AVE|47.3|Turista|Promo|||
2019-04-11 21:51:50|MADRID|SEVILLA|2019-05-21 17:00:00|2019-05-21 19:38:00|AVE|69.4|Preferente|Promo|||
2019-04-11 21:51:50|MADRID|SEVILLA|2019-05-21 18:00:00|2019-05-21 20:32:00|AVE|76.3|Turista|Flexible|||
2019-04-11 21:51:50|MADRID|SEVILLA|2019-05-21 18:35:00|2019-05-21 21:08:00|ALVIA|67.2|Turista|Flexible|||
2019-04-11 21:51:50|MADRID|SEVILLA|2019-05-21 19:00:00|2019-05-21 21:38:00|AVE|76.3|Turista|Flexible|||
2019-04-11 21:51:50|MADRID|SEVILLA|2019-05-21 20:35:00|2019-05-21 23:15:00|AVE|53.4|Turista|Promo|||
2019-04-11 21:51:50|MADRID|SEVILLA|2019-05-21 21:25:00|2019-05-22 00:10:00|AV City|43.55|Turista|Promo|||
2019-04-11 21:51:53|MADRID|SEVILLA|2019-05-01 07:00:00|2019-05-01 09:55:00|AV City||Turista|Flexible|||
2019-04-11 21:51:53|MADRID|SEVILLA|2019-05-01 08:00:00|2019-05-01 10:32:00|AVE|76.3|Turista|Flexible|||
2019-04-11 21:51:53|MADRID|SEVILLA|2019-05-01 08:30:00|2019-05-01 11:14:00|ALVIA||Turista|Flexible|||
2019-04-11 21:51:53|MADRID|SEVILLA|2019-05-01 09:00:00|2019-05-01 11:38:00|AVE|76.3|Turista|Flexible|||
2019-04-11 21:51:53|MADRID|SEVILLA|2019-05-01 09:45:00|2019-05-01 12:27:00|INTERCITY||Turista|Flexible|||
2019-04-11 21:51:53|MADRID|SEVILLA|2019-05-01 10:00:00|2019-05-01 12:32:00|AVE|76.3|Turista|Flexible|||
2019-04-11 21:51:53|MADRID|SEVILLA|2019-05-01 11:00:00|2019-05-01 13:32:00|AVE|76.3|Turista|Flexible|||
2019-04-11 21:51:53|MADRID|SEVILLA|2019-05-01 11:05:00|2019-05-01 13:41:00|ALVIA||Turista|Flexible|||
2019-04-11 21:51:53|MADRID|SEVILLA|2019-05-01 12:00:00|2019-05-01 14:32:00|AVE|76.3|Turista|Flexible|||
2019-04-11 21:51:53|MADRID|SEVILLA|2019-05-01 13:00:00|2019-05-01 15:40:00|AVE|76.3|Turista|Flexible|||
2019-04-11 21:51:53|MADRID|SEVILLA|2019-05-01 13:10:00|2019-05-01 20:51:00|MD-LD|45.8|Turista con enlace|Flexible|||
2019-04-11 21:51:53|MADRID|SEVILLA|2019-05-01 13:30:00|2019-05-01 16:05:00|ALVIA||Turista|Flexible|||
2019-04-11 21:51:53|MADRID|SEVILLA|2019-05-01 14:00:00|2019-05-01 16:32:00|AVE||Turista|Flexible|||
2019-04-11 21:51:53|MADRID|SEVILLA|2019-05-01 15:00:00|2019-05-01 17:21:00|AVE|76.3|Turista|Flexible|||
2019-04-11 21:51:53|MADRID|SEVILLA|2019-05-01 16:00:00|2019-05-01 18:30:00|AVE|128.5|Preferente|Flexible|||
2019-04-11 21:51:53|MADRID|SEVILLA|2019-05-01 17:00:00|2019-05-01 19:38:00|AVE|76.3|Turista|Flexible|||
2019-04-11 21:51:53|MADRID|SEVILLA|2019-05-01 18:00:00|2019-05-01 20:32:00|AVE|76.3|Turista|Flexible|||
2019-04-11 21:51:53|MADRID|SEVILLA|2019-05-01 19:00:00|2019-05-01 21:38:00|AVE|76.3|Turista|Flexible|||
2019-04-11 21:51:53|MADRID|SEVILLA|2019-05-01 20:35:00|2019-05-01 23:15:00|AVE|76.3|Turista|Flexible|||
2019-04-11 21:51:53|MADRID|SEVILLA|2019-05-01 21:25:00|2019-05-02 00:10:00|AV City|49.15|Turista|Promo|||
2019-04-11 21:51:53|MADRID|SEVILLA|2019-04-22 06:20:00|2019-04-22 09:16:00|AV City|43.55|Turista|Promo|||
2019-04-11 21:51:53|MADRID|SEVILLA|2019-04-22 07:00:00|2019-04-22 09:32:00|AVE|53.4|Turista|Promo|||
2019-04-11 21:51:53|MADRID|SEVILLA|2019-04-22 07:30:00|2019-04-22 09:51:00|AVE|53.4|Turista|Promo|||
2019-04-11 21:51:53|MADRID|SEVILLA|2019-04-22 08:00:00|2019-04-22 10:32:00|AVE|53.4|Turista|Promo|||
2019-04-11 21:51:53|MADRID|SEVILLA|2019-04-22 08:30:00|2019-04-22 11:14:00|ALVIA||Preferente|Promo|||
2019-04-11 21:51:53|MADRID|SEVILLA|2019-04-22 09:00:00|2019-04-22 11:38:00|AVE|69.4|Preferente|Promo|||
2019-04-11 21:51:53|MADRID|SEVILLA|2019-04-22 09:45:00|2019-04-22 12:27:00|INTERCITY|62.2|Turista|Flexible|||
2019-04-11 21:51:53|MADRID|SEVILLA|2019-04-22 10:00:00|2019-04-22 12:32:00|AVE|69.4|Preferente|Promo|||
2019-04-11 21:51:53|MADRID|SEVILLA|2019-04-22 11:00:00|2019-04-22 13:32:00|AVE|60.3|Turista|Promo|||
2019-04-11 21:51:53|MADRID|SEVILLA|2019-04-22 11:05:00|2019-04-22 13:41:00|ALVIA|52.45|Preferente|Promo|||
2019-04-11 21:51:53|MADRID|SEVILLA|2019-04-22 12:00:00|2019-04-22 14:32:00|AVE|69.4|Preferente|Promo|||
2019-04-11 21:51:53|MADRID|SEVILLA|2019-04-22 13:00:00|2019-04-22 15:40:00|AVE|53.4|Turista|Promo|||
2019-04-11 21:51:53|MADRID|SEVILLA|2019-04-22 13:10:00|2019-04-22 20:51:00|MD-LD|34.35|Turista con enlace|Promo +|||
2019-04-11 21:51:53|MADRID|SEVILLA|2019-04-22 13:30:00|2019-04-22 16:05:00|ALVIA||Turista|Promo|||
2019-04-11 21:51:53|MADRID|SEVILLA|2019-04-22 14:00:00|2019-04-22 16:32:00|AVE|53.4|Turista|Promo|||
2019-04-11 21:51:53|MADRID|SEVILLA|2019-04-22 15:00:00|2019-04-22 17:21:00|AVE|53.4|Turista|Promo|||
2019-04-11 21:51:53|MADRID|SEVILLA|2019-04-22 16:00:00|2019-04-22 18:30:00|AVE|53.4|Turista|Promo|||
2019-04-11 21:51:53|MADRID|SEVILLA|2019-04-22 16:30:00|2019-04-22 18:51:00|AVE|47.3|Turista|Promo|||
2019-04-11 21:51:53|MADRID|SEVILLA|2019-04-22 17:00:00|2019-04-22 19:38:00|AVE|53.4|Turista|Promo|||
2019-04-11 21:51:53|MADRID|SEVILLA|2019-04-22 18:00:00|2019-04-22 20:32:00|AVE|53.4|Turista|Promo|||
2019-04-11 21:51:53|MADRID|SEVILLA|2019-04-22 18:35:00|2019-04-22 21:08:00|ALVIA|67.2|Turista|Flexible|||
2019-04-11 21:51:53|MADRID|SEVILLA|2019-04-22 19:00:00|2019-04-22 21:38:00|AVE|53.4|Turista|Promo|||
2019-04-11 21:51:53|MADRID|SEVILLA|2019-04-22 20:35:00|2019-04-22 23:15:00|AVE|47.3|Turista|Promo|||
2019-04-11 21:51:53|MADRID|SEVILLA|2019-04-22 21:25:00|2019-04-23 00:10:00|AV City|43.55|Turista|Promo|||
2019-04-11 21:52:08|MADRID|BARCELONA|2019-05-02 05:50:00|2019-05-02 08:55:00|AVE|49.55|Turista|Promo|||
2019-04-11 21:52:08|MADRID|BARCELONA|2019-05-02 06:30:00|2019-05-02 09:20:00|AVE|49.55|Turista|Promo|||
2019-04-11 21:52:08|MADRID|BARCELONA|2019-05-02 07:00:00|2019-05-02 09:30:00|AVE|94.55|Turista Plus|Promo|||
2019-04-11 21:52:08|MADRID|BARCELONA|2019-05-02 07:15:00|2019-05-02 16:37:00|R. EXPRES|43.25|Turista|Adulto ida|||
2019-04-11 21:52:08|MADRID|BARCELONA|2019-05-02 07:30:00|2019-05-02 10:40:00|AVE|85.1|Turista|Promo|||
2019-04-11 21:52:08|MADRID|BARCELONA|2019-05-02 08:30:00|2019-05-02 11:15:00|AVE|85.1|Turista|Promo|||
2019-04-11 21:52:08|MADRID|BARCELONA|2019-05-02 09:30:00|2019-05-02 12:34:00|AVE|85.08|Turista|Promo|||
2019-04-11 21:52:08|MADRID|BARCELONA|2019-05-02 10:30:00|2019-05-02 13:15:00|AVE|85.1|Turista|Promo|||
2019-04-11 21:52:08|MADRID|BARCELONA|2019-05-02 11:30:00|2019-05-02 14:40:00|AVE|75.4|Turista|Promo|||
2019-04-11 21:52:08|MADRID|BARCELONA|2019-05-02 12:30:00|2019-05-02 15:30:00|AVE|66.75|Turista|Promo|||
2019-04-11 21:52:08|MADRID|BARCELONA|2019-05-02 13:25:00|2019-05-02 16:24:00|AVE-TGV|66.75|Turista|Promo|||
2019-04-11 21:52:08|MADRID|BARCELONA|2019-05-02 14:30:00|2019-05-02 17:21:00|AVE|85.1|Turista|Promo|||
2019-04-11 21:52:08|MADRID|BARCELONA|2019-05-02 15:30:00|2019-05-02 18:40:00|AVE|80.15|Turista Plus|Promo|||
2019-04-11 21:52:08|MADRID|BARCELONA|2019-05-02 16:30:00|2019-05-02 19:15:00|AVE|66.75|Turista|Promo|||
2019-04-11 21:52:08|MADRID|BARCELONA|2019-05-02 17:00:00|2019-05-02 19:30:00|AVE|58.45|Turista|Promo|||
2019-04-11 21:52:08|MADRID|BARCELONA|2019-05-02 17:30:00|2019-05-02 20:40:00|AVE|54.45|Preferente|Promo|||
2019-04-11 21:52:08|MADRID|BARCELONA|2019-05-02 18:30:00|2019-05-02 21:20:00|AVE|58.15|Turista|Promo|||
2019-04-11 21:52:08|MADRID|BARCELONA|2019-05-02 19:00:00|2019-05-02 21:30:00|AVE|58.45|Turista|Promo|||
2019-04-11 21:52:08|MADRID|BARCELONA|2019-05-02 19:30:00|2019-05-02 22:40:00|AVE|49.55|Turista|Promo|||
2019-04-11 21:52:08|MADRID|BARCELONA|2019-05-02 20:30:00|2019-05-02 23:40:00|AVE|49.55|Turista|Promo|||
2019-04-11 21:52:08|MADRID|BARCELONA|2019-05-02 21:25:00|2019-05-02 23:55:00|AVE|49.55|Turista|Promo|||
2019-04-11 21:52:08|MADRID|BARCELONA|2019-06-01 06:20:00|2019-06-01 09:29:00|AVE|58.15|Turista|Promo|||
2019-04-11 21:52:08|MADRID|BARCELONA|2019-06-01 07:30:00|2019-06-01 10:40:00|AVE|75.4|Turista|Promo|||
2019-04-11 21:52:08|MADRID|BARCELONA|2019-06-01 08:30:00|2019-06-01 11:15:00|AVE|85.1|Turista|Promo|||
2019-04-11 21:52:08|MADRID|BARCELONA|2019-06-01 09:30:00|2019-06-01 12:34:00|AVE|75.4|Turista|Promo|||
2019-04-11 21:52:08|MADRID|BARCELONA|2019-06-01 10:30:00|2019-06-01 13:15:00|AVE|75.4|Turista|Promo|||
2019-04-11 21:52:08|MADRID|BARCELONA|2019-06-01 11:30:00|2019-06-01 14:40:00|AVE|75.4|Turista|Promo|||
2019-04-11 21:52:08|MADRID|BARCELONA|2019-06-01 12:30:00|2019-06-01 15:30:00|AVE|80.15|Turista Plus|Promo|||
2019-04-11 21:52:08|MADRID|BARCELONA|2019-06-01 13:25:00|2019-06-01 16:24:00|AVE-TGV|66.75|Turista|Promo|||
2019-04-11 21:52:08|MADRID|BARCELONA|2019-06-01 15:30:00|2019-06-01 18:40:00|AVE|80.15|Turista Plus|Promo|||
2019-04-11 21:52:08|MADRID|BARCELONA|2019-06-01 16:30:00|2019-06-01 19:15:00|AVE|80.15|Turista Plus|Promo|||
2019-04-11 21:52:08|MADRID|BARCELONA|2019-06-01 17:30:00|2019-06-01 20:40:00|AVE|38.8|Turista Plus|Promo|||
2019-04-11 21:52:08|MADRID|BARCELONA|2019-06-01 18:30:00|2019-06-01 21:20:00|AVE|69.8|Turista Plus|Promo|||
2019-04-11 21:52:08|MADRID|BARCELONA|2019-06-01 19:30:00|2019-06-01 22:40:00|AVE|38.8|Turista Plus|Promo|||
2019-04-11 21:52:08|MADRID|BARCELONA|2019-06-01 20:30:00|2019-06-01 23:40:00|AVE|59.5|Turista Plus|Promo|||
2019-04-11 21:52:27|MADRID|VALENCIA|2019-05-12 09:40:00|2019-05-12 11:24:00|AVE|27.8|Turista|Promo|||
2019-04-11 21:52:27|MADRID|VALENCIA|2019-05-12 10:40:00|2019-05-12 12:20:00|AVE|33.65|Turista|Promo|||
2019-04-11 21:52:27|MADRID|VALENCIA|2019-05-12 11:10:00|2019-05-12 13:25:00|INTERCITY|29.9|Turista|Promo|||
2019-04-11 21:52:27|MADRID|VALENCIA|2019-05-12 11:55:00|2019-05-12 13:35:00|AVE|39.45|Turista|Promo|||
2019-04-11 21:52:27|MADRID|VALENCIA|2019-05-12 12:42:00|2019-05-12 19:04:00|REGIONAL|28.35|Turista|Adulto ida|||
2019-04-11 21:52:27|MADRID|VALENCIA|2019-05-12 14:10:00|2019-05-12 16:03:00|AVE|45.3|Turista|Promo|||
2019-04-11 21:52:27|MADRID|VALENCIA|2019-05-12 15:30:00|2019-05-12 22:31:00|AVE-MD||Turista con enlace|Flexible|||
2019-04-11 21:52:27|MADRID|VALENCIA|2019-05-12 15:40:00|2019-05-12 17:22:00|AVE|51.15|Turista|Promo|||
2019-04-11 21:52:27|MADRID|VALENCIA|2019-05-12 16:30:00|2019-05-12 22:47:00|REGIONAL|28.35|Turista|Adulto ida|||
2019-04-11 21:52:27|MADRID|VALENCIA|2019-05-12 16:45:00|2019-05-12 18:50:00|ALVIA|46.15|Preferente|Promo|||
2019-04-11 21:52:27|MADRID|VALENCIA|2019-05-12 16:55:00|2019-05-12 21:58:00|AVE-LD|42.05|Turista con enlace|Promo +|||
2019-04-11 21:52:27|MADRID|VALENCIA|2019-05-12 17:10:00|2019-05-12 18:54:00|AVE|73.1|Turista|Flexible|||
2019-04-11 21:52:27|MADRID|VALENCIA|2019-05-12 17:48:00|2019-05-12 21:58:00|INTERCITY|42.9|Turista|Flexible|||
2019-04-11 21:52:27|MADRID|VALENCIA|2019-05-12 18:40:00|2019-05-12 20:20:00|AVE|73.1|Turista|Flexible|||
2019-04-11 21:52:27|MADRID|VALENCIA|2019-05-12 19:40:00|2019-05-12 21:29:00|AVE|57.75|Turista|Promo|||
2019-04-11 21:52:27|MADRID|VALENCIA|2019-05-12 20:40:00|2019-05-12 22:24:00|AVE|51.15|Turista|Promo|||
2019-04-11 21:52:27|MADRID|VALENCIA|2019-05-12 21:10:00|2019-05-12 23:03:00|AVE|45.3|Turista|Promo|||
2019-04-11 21:52:27|MADRID|VALENCIA|2019-05-11 08:00:00|2019-05-11 14:10:00|REGIONAL|28.35|Turista|Adulto ida|||
2019-04-11 21:52:27|MADRID|VALENCIA|2019-05-11 08:40:00|2019-05-11 10:33:00|AVE|45.3|Turista|Promo|||
2019-04-11 21:52:27|MADRID|VALENCIA|2019-05-11 09:40:00|2019-05-11 11:24:00|AVE|39.45|Turista|Promo|||
2019-04-11 21:52:27|MADRID|VALENCIA|2019-05-11 10:40:00|2019-05-11 12:20:00|AVE|33.65|Turista|Promo|||
2019-04-11 21:52:27|MADRID|VALENCIA|2019-05-11 11:10:00|2019-05-11 13:25:00|INTERCITY|29.9|Turista|Promo|||
2019-04-11 21:52:27|MADRID|VALENCIA|2019-05-11 11:55:00|2019-05-11 13:35:00|AVE|33.65|Turista|Promo|||
2019-04-11 21:52:27|MADRID|VALENCIA|2019-05-11 14:10:00|2019-05-11 16:03:00|AVE|39.45|Turista|Promo|||
2019-04-11 21:52:27|MADRID|VALENCIA|2019-05-11 15:30:00|2019-05-11 22:31:00|AVE-MD||Turista con enlace|Flexible|||
2019-04-11 21:52:27|MADRID|VALENCIA|2019-05-11 15:40:00|2019-05-11 17:22:00|AVE|39.45|Turista|Promo|||
2019-04-11 21:52:27|MADRID|VALENCIA|2019-05-11 16:30:00|2019-05-11 22:47:00|REGIONAL|28.35|Turista|Adulto ida|||
2019-04-11 21:52:27|MADRID|VALENCIA|2019-05-11 17:40:00|2019-05-11 19:20:00|AVE|45.3|Turista|Promo|||
2019-04-11 21:52:27|MADRID|VALENCIA|2019-05-11 19:40:00|2019-05-11 21:29:00|AVE|45.3|Turista|Promo|||
2019-04-11 21:52:27|MADRID|VALENCIA|2019-05-11 21:10:00|2019-05-11 23:03:00|AVE|33.65|Turista|Promo|||
2019-04-11 21:52:27|MADRID|VALENCIA|2019-05-12 06:20:00|2019-05-12 12:55:00|REGIONAL|28.35|Turista|Adulto ida|||
2019-04-11 21:52:27|MADRID|VALENCIA|2019-05-12 08:40:00|2019-05-12 10:33:00|AVE|27.8|Turista|Promo|||
2019-04-11 21:52:42|MADRID|VALENCIA|2019-05-16 06:08:00|2019-05-16 12:55:00|REGIONAL|28.35|Turista|Adulto ida|||
2019-04-11 21:52:42|MADRID|VALENCIA|2019-05-16 06:45:00|2019-05-16 08:38:00|AVE|21.95|Turista|Promo|||
2019-04-11 21:52:42|MADRID|VALENCIA|2019-05-16 07:40:00|2019-05-16 09:20:00|AVE|57.75|Turista|Promo|||
2019-04-11 21:52:42|MADRID|VALENCIA|2019-05-16 09:10:00|2019-05-16 10:58:00|AVE|51.15|Turista|Promo|||
2019-04-11 21:52:42|MADRID|VALENCIA|2019-05-16 09:40:00|2019-05-16 11:24:00|AVE|39.45|Turista|Promo|||
2019-04-11 21:52:42|MADRID|VALENCIA|2019-05-16 10:40:00|2019-05-16 12:20:00|AVE|21.95|Turista|Promo|||
2019-04-11 21:52:42|MADRID|VALENCIA|2019-05-16 11:10:00|2019-05-16 13:25:00|INTERCITY|29.9|Turista|Promo|||
2019-04-11 21:52:42|MADRID|VALENCIA|2019-05-16 11:55:00|2019-05-16 13:35:00|AVE|21.95|Turista|Promo|||
2019-04-11 21:52:42|MADRID|VALENCIA|2019-05-16 12:21:00|2019-05-16 19:04:00|REGIONAL|28.35|Turista|Adulto ida|||
2019-04-11 21:52:42|MADRID|VALENCIA|2019-05-16 12:40:00|2019-05-16 14:20:00|AVE|33.65|Turista|Promo|||
2019-04-11 21:52:42|MADRID|VALENCIA|2019-05-16 14:10:00|2019-05-16 16:03:00|AVE|33.65|Turista|Promo|||
2019-04-11 21:52:42|MADRID|VALENCIA|2019-05-16 15:10:00|2019-05-16 16:52:00|AVE|33.65|Turista|Promo|||
2019-04-11 21:52:42|MADRID|VALENCIA|2019-05-16 15:30:00|2019-05-16 22:31:00|AVE-MD||Turista con enlace|Flexible|||
2019-04-11 21:52:42|MADRID|VALENCIA|2019-05-16 15:40:00|2019-05-16 17:22:00|AVE|57.75|Turista|Promo|||
2019-04-11 21:52:42|MADRID|VALENCIA|2019-05-16 16:05:00|2019-05-16 22:47:00|REGIONAL|28.35|Turista|Adulto ida|||
2019-04-11 21:52:42|MADRID|VALENCIA|2019-05-16 16:45:00|2019-05-16 18:50:00|ALVIA||Turista|Flexible|||
2019-04-11 21:52:42|MADRID|VALENCIA|2019-05-16 16:55:00|2019-05-16 21:58:00|AVE-LD|39.25|Turista con enlace|Promo|||
2019-04-11 21:52:42|MADRID|VALENCIA|2019-05-16 17:40:00|2019-05-16 19:20:00|AVE|57.75|Turista|Promo|||
2019-04-11 21:52:42|MADRID|VALENCIA|2019-05-16 17:48:00|2019-05-16 21:58:00|INTERCITY|21.45|Turista|Promo|||
2019-04-11 21:52:42|MADRID|VALENCIA|2019-05-16 18:40:00|2019-05-16 20:20:00|AVE|57.75|Turista|Promo|||
2019-04-11 21:52:42|MADRID|VALENCIA|2019-05-16 19:40:00|2019-05-16 21:29:00|AVE|45.3|Turista|Promo|||
2019-04-11 21:52:42|MADRID|VALENCIA|2019-05-16 20:40:00|2019-05-16 22:24:00|AVE|57.75|Turista|Promo|||
2019-04-11 21:52:42|MADRID|VALENCIA|2019-05-16 21:10:00|2019-05-16 23:03:00|AVE|33.65|Turista|Promo|||
2019-04-11 21:52:42|MADRID|VALENCIA|2019-05-17 06:08:00|2019-05-17 12:55:00|REGIONAL|28.35|Turista|Adulto ida|||
2019-04-11 21:52:42|MADRID|VALENCIA|2019-05-17 06:45:00|2019-05-17 08:38:00|AVE|33.65|Turista|Promo|||
2019-04-11 21:52:42|MADRID|VALENCIA|2019-05-17 09:10:00|2019-05-17 10:58:00|AVE|45.3|Turista|Promo|||
2019-04-11 21:52:42|MADRID|VALENCIA|2019-05-17 09:40:00|2019-05-17 11:24:00|AVE|39.45|Turista|Promo|||
2019-04-11 21:52:42|MADRID|VALENCIA|2019-05-17 10:40:00|2019-05-17 12:20:00|AVE|39.45|Turista|Promo|||
2019-04-11 21:52:42|MADRID|VALENCIA|2019-05-17 11:10:00|2019-05-17 13:25:00|INTERCITY|29.9|Turista|Promo|||
2019-04-11 21:52:42|MADRID|VALENCIA|2019-05-17 12:21:00|2019-05-17 19:04:00|REGIONAL|28.35|Turista|Adulto ida|||
2019-04-11 21:52:42|MADRID|VALENCIA|2019-05-17 12:40:00|2019-05-17 14:20:00|AVE|45.3|Turista|Promo|||
2019-04-11 21:52:42|MADRID|VALENCIA|2019-05-17 14:10:00|2019-05-17 16:03:00|AVE|45.3|Turista|Promo|||
2019-04-11 21:52:42|MADRID|VALENCIA|2019-05-17 15:10:00|2019-05-17 17:20:00|INTERCITY|38.8|Turista|Promo|||
2019-04-11 21:52:42|MADRID|VALENCIA|2019-05-17 15:10:00|2019-05-17 17:20:00|INTERCITY|38.8|Turista|Promo|||
2019-04-11 21:52:42|MADRID|VALENCIA|2019-05-17 15:30:00|2019-05-17 22:31:00|AVE-MD||Turista con enlace|Flexible|||
2019-04-11 21:52:42|MADRID|VALENCIA|2019-05-17 15:40:00|2019-05-17 17:22:00|AVE|57.75|Turista|Promo|||
2019-04-11 21:52:42|MADRID|VALENCIA|2019-05-17 16:30:00|2019-05-17 22:47:00|REGIONAL|28.35|Turista|Adulto ida|||
2019-04-11 21:52:42|MADRID|VALENCIA|2019-05-17 16:45:00|2019-05-17 18:50:00|ALVIA||Turista|Flexible|||
2019-04-11 21:52:42|MADRID|VALENCIA|2019-05-17 16:55:00|2019-05-17 21:58:00|AVE-LD|56.1|Turista con enlace|Flexible|||
2019-04-11 21:52:42|MADRID|VALENCIA|2019-05-17 17:10:00|2019-05-17 18:54:00|AVE|66.55|Preferente|Promo|||
2019-04-11 21:52:42|MADRID|VALENCIA|2019-05-17 17:40:00|2019-05-17 19:20:00|AVE|66.55|Preferente|Promo|||
2019-04-11 21:52:42|MADRID|VALENCIA|2019-05-17 17:48:00|2019-05-17 21:58:00|INTERCITY|25.75|Turista Plus|Promo|||
2019-04-11 21:52:42|MADRID|VALENCIA|2019-05-17 18:10:00|2019-05-17 19:50:00|AVE|66.55|Preferente|Promo|||
2019-04-11 21:52:42|MADRID|VALENCIA|2019-05-17 18:40:00|2019-05-17 20:20:00|AVE|57.75|Turista|Promo|||
2019-04-11 21:52:42|MADRID|VALENCIA|2019-05-17 19:40:00|2019-05-17 21:29:00|AVE|51.15|Turista|Promo|||
2019-04-11 21:52:42|MADRID|VALENCIA|2019-05-17 20:40:00|2019-05-17 22:24:00|AVE|45.3|Turista|Promo|||
2019-04-11 21:52:42|MADRID|VALENCIA|2019-05-17 21:10:00|2019-05-17 23:03:00|AVE|45.3|Turista|Promo|||
2019-04-11 21:52:58|MADRID|BARCELONA|2019-06-06 07:15:00|2019-06-06 16:37:00|R. EXPRES|43.25|Turista|Adulto ida|||
2019-04-11 21:53:01|MADRID|BARCELONA|2019-06-07 07:15:00|2019-06-07 16:37:00|R. EXPRES|43.25|Turista|Adulto ida|||
2019-04-11 21:53:12|MADRID|VALENCIA|2019-06-07 06:08:00|2019-06-07 12:55:00|REGIONAL|28.35|Turista|Adulto ida|||
2019-04-11 21:53:12|MADRID|VALENCIA|2019-06-07 12:21:00|2019-06-07 19:04:00|REGIONAL|28.35|Turista|Adulto ida|||
2019-04-11 21:53:12|MADRID|VALENCIA|2019-06-07 16:30:00|2019-06-07 22:47:00|REGIONAL|28.35|Turista|Adulto ida|||
2019-04-11 21:53:16|MADRID|VALENCIA|2019-06-08 08:00:00|2019-06-08 14:10:00|REGIONAL|28.35|Turista|Adulto ida|||
2019-04-11 21:53:16|MADRID|VALENCIA|2019-06-08 16:30:00|2019-06-08 22:47:00|REGIONAL|28.35|Turista|Adulto ida|||
2019-04-11 21:53:28|MADRID|BARCELONA|2019-04-20 06:20:00|2019-04-20 09:29:00|AVE|66.75|Turista|Promo|||
2019-04-11 21:53:28|MADRID|BARCELONA|2019-04-20 07:30:00|2019-04-20 10:40:00|AVE|66.75|Turista|Promo|||
2019-04-11 21:53:28|MADRID|BARCELONA|2019-04-20 08:30:00|2019-04-20 11:15:00|AVE|75.4|Turista|Promo|||
2019-04-11 21:53:28|MADRID|BARCELONA|2019-04-20 09:30:00|2019-04-20 12:34:00|AVE|75.4|Turista|Promo|||
2019-04-11 21:53:28|MADRID|BARCELONA|2019-04-20 10:30:00|2019-04-20 13:15:00|AVE|75.4|Turista|Promo|||
2019-04-11 21:53:28|MADRID|BARCELONA|2019-04-20 11:30:00|2019-04-20 14:40:00|AVE|107.7|Turista|Flexible|||
2019-04-11 21:53:28|MADRID|BARCELONA|2019-04-20 12:30:00|2019-04-20 15:30:00|AVE||Preferente|Promo|||
2019-04-11 21:53:28|MADRID|BARCELONA|2019-04-20 13:25:00|2019-04-20 16:24:00|AVE-TGV|107.7|Turista|Flexible|||
2019-04-11 21:53:28|MADRID|BARCELONA|2019-04-20 15:30:00|2019-04-20 18:40:00|AVE|40.95|Turista|Promo|||
2019-04-11 21:53:28|MADRID|BARCELONA|2019-04-20 16:30:00|2019-04-20 19:15:00|AVE|107.7|Turista|Flexible|||
2019-04-11 21:53:28|MADRID|BARCELONA|2019-04-20 17:30:00|2019-04-20 20:40:00|AVE|102.15|Turista Plus|Promo|||
2019-04-11 21:53:28|MADRID|BARCELONA|2019-04-20 18:30:00|2019-04-20 21:20:00|AVE||Preferente|Promo|||
2019-04-11 21:53:28|MADRID|BARCELONA|2019-04-20 19:30:00|2019-04-20 22:40:00|AVE|86.8|Preferente|Promo|||
2019-04-11 21:53:28|MADRID|BARCELONA|2019-04-20 20:30:00|2019-04-20 23:40:00|AVE|85.1|Turista|Promo|||
2019-04-11 21:53:31|MADRID|BARCELONA|2019-05-21 06:10:00|2019-05-21 08:40:00|AVE|80.15|Turista Plus|Promo|||
2019-04-11 21:53:31|MADRID|BARCELONA|2019-05-21 06:30:00|2019-05-21 09:20:00|AVE|66.75|Turista|Promo|||
2019-04-11 21:53:31|MADRID|BARCELONA|2019-05-21 07:00:00|2019-05-21 09:30:00|AVE|94.55|Turista Plus|Promo|||
2019-04-11 21:53:31|MADRID|BARCELONA|2019-05-21 07:15:00|2019-05-21 16:37:00|R. EXPRES|43.25|Turista|Adulto ida|||
2019-04-11 21:53:31|MADRID|BARCELONA|2019-05-21 07:20:00|2019-05-21 09:50:00|AVE|100.4|Turista|Promo|||
2019-04-11 21:53:31|MADRID|BARCELONA|2019-05-21 07:30:00|2019-05-21 10:40:00|AVE|85.1|Turista|Promo|||
2019-04-11 21:53:31|MADRID|BARCELONA|2019-05-21 08:00:00|2019-05-21 10:30:00|AVE|100.4|Turista|Promo|||
2019-04-11 21:53:31|MADRID|BARCELONA|2019-05-21 08:20:00|2019-05-21 11:05:00|AVE|85.1|Turista|Promo|||
2019-04-11 21:53:31|MADRID|BARCELONA|2019-05-21 08:30:00|2019-05-21 11:15:00|AVE|75.4|Turista|Promo|||
2019-04-11 21:53:31|MADRID|BARCELONA|2019-05-21 09:00:00|2019-05-21 11:45:00|AVE|85.1|Turista|Promo|||
2019-04-11 21:53:31|MADRID|BARCELONA|2019-05-21 09:30:00|2019-05-21 12:34:00|AVE|80.15|Turista Plus|Promo|||
2019-04-11 21:53:31|MADRID|BARCELONA|2019-05-21 10:30:00|2019-05-21 13:15:00|AVE|85.1|Turista|Promo|||
2019-04-11 21:53:31|MADRID|BARCELONA|2019-05-21 11:30:00|2019-05-21 14:40:00|AVE|75.4|Turista|Promo|||
2019-04-11 21:53:31|MADRID|BARCELONA|2019-05-21 12:30:00|2019-05-21 15:30:00|AVE|58.15|Turista|Promo|||
2019-04-11 21:53:31|MADRID|BARCELONA|2019-05-21 13:25:00|2019-05-21 16:24:00|AVE-TGV|58.15|Turista|Promo|||
2019-04-11 21:53:31|MADRID|BARCELONA|2019-05-21 14:00:00|2019-05-21 16:30:00|AVE|78.8|Turista|Promo|||
2019-04-11 21:53:31|MADRID|BARCELONA|2019-05-21 14:30:00|2019-05-21 17:21:00|AVE|58.15|Turista|Promo|||
2019-04-11 21:53:31|MADRID|BARCELONA|2019-05-21 15:00:00|2019-05-21 17:30:00|AVE|58.45|Turista|Promo|||
2019-04-11 21:53:31|MADRID|BARCELONA|2019-05-21 15:30:00|2019-05-21 18:40:00|AVE|80.15|Turista Plus|Promo|||
2019-04-11 21:53:31|MADRID|BARCELONA|2019-05-21 16:00:00|2019-05-21 18:30:00|AVE|78.8|Turista|Promo|||
2019-04-11 21:53:31|MADRID|BARCELONA|2019-05-21 16:30:00|2019-05-21 19:15:00|AVE|107.7|Turista|Flexible|||
2019-04-11 21:53:31|MADRID|BARCELONA|2019-05-21 17:00:00|2019-05-21 19:30:00|AVE|82.35|Turista Plus|Promo|||
2019-04-11 21:53:31|MADRID|BARCELONA|2019-05-21 17:30:00|2019-05-21 20:40:00|AVE|80.15|Turista Plus|Promo|||
2019-04-11 21:53:31|MADRID|BARCELONA|2019-05-21 18:00:00|2019-05-21 20:30:00|AVE|100.4|Turista|Promo|||
2019-04-11 21:53:31|MADRID|BARCELONA|2019-05-21 18:30:00|2019-05-21 21:20:00|AVE|85.1|Turista|Promo|||
2019-04-11 21:53:31|MADRID|BARCELONA|2019-05-21 19:00:00|2019-05-21 21:30:00|AVE|78.8|Turista|Promo|||
2019-04-11 21:53:31|MADRID|BARCELONA|2019-05-21 19:30:00|2019-05-21 22:40:00|AVE|75.4|Turista|Promo|||
2019-04-11 21:53:31|MADRID|BARCELONA|2019-05-21 20:00:00|2019-05-21 22:30:00|AVE|88.95|Turista|Promo|||
2019-04-11 21:53:31|MADRID|BARCELONA|2019-05-21 20:30:00|2019-05-21 23:40:00|AVE|49.55|Turista|Promo|||
2019-04-11 21:53:31|MADRID|BARCELONA|2019-05-21 21:25:00|2019-05-21 23:55:00|AVE|58.15|Turista|Promo|||
2019-04-11 21:53:31|MADRID|BARCELONA|2019-04-24 06:10:00|2019-04-24 08:40:00|AVE|49.55|Turista|Promo|||
2019-04-11 21:53:31|MADRID|BARCELONA|2019-04-24 06:30:00|2019-04-24 09:20:00|AVE|58.15|Turista|Promo|||
2019-04-11 21:53:31|MADRID|BARCELONA|2019-04-24 07:00:00|2019-04-24 09:30:00|AVE|68.65|Turista|Promo|||
2019-04-11 21:53:31|MADRID|BARCELONA|2019-04-24 07:15:00|2019-04-24 16:37:00|R. EXPRES|43.25|Turista|Adulto ida|||
2019-04-11 21:53:31|MADRID|BARCELONA|2019-04-24 07:20:00|2019-04-24 09:50:00|AVE|68.65|Turista|Promo|||
2019-04-11 21:53:31|MADRID|BARCELONA|2019-04-24 07:30:00|2019-04-24 10:40:00|AVE|66.75|Turista|Promo|||
2019-04-11 21:53:31|MADRID|BARCELONA|2019-04-24 08:00:00|2019-04-24 10:30:00|AVE|68.65|Turista|Promo|||
2019-04-11 21:53:31|MADRID|BARCELONA|2019-04-24 08:20:00|2019-04-24 11:05:00|AVE|66.75|Turista|Promo|||
2019-04-11 21:53:31|MADRID|BARCELONA|2019-04-24 08:30:00|2019-04-24 11:15:00|AVE|75.4|Turista|Promo|||
2019-04-11 21:53:31|MADRID|BARCELONA|2019-04-24 09:00:00|2019-04-24 11:45:00|AVE|66.75|Turista|Promo|||
2019-04-11 21:53:31|MADRID|BARCELONA|2019-04-24 09:30:00|2019-04-24 12:34:00|AVE|85.1|Turista|Promo|||
2019-04-11 21:53:31|MADRID|BARCELONA|2019-04-24 10:30:00|2019-04-24 13:15:00|AVE|85.1|Turista|Promo|||
2019-04-11 21:53:31|MADRID|BARCELONA|2019-04-24 11:30:00|2019-04-24 14:40:00|AVE|107.7|Turista|Flexible|||
2019-04-11 21:53:31|MADRID|BARCELONA|2019-04-24 12:30:00|2019-04-24 15:30:00|AVE|66.75|Turista|Promo|||
2019-04-11 21:53:31|MADRID|BARCELONA|2019-04-24 13:25:00|2019-04-24 16:24:00|AVE-TGV|90.5|Turista Plus|Promo|||
2019-04-11 21:53:31|MADRID|BARCELONA|2019-04-24 14:00:00|2019-04-24 16:30:00|AVE|78.8|Turista|Promo|||
2019-04-11 21:53:31|MADRID|BARCELONA|2019-04-24 14:30:00|2019-04-24 17:21:00|AVE|85.1|Turista|Promo|||
2019-04-11 21:53:31|MADRID|BARCELONA|2019-04-24 15:00:00|2019-04-24 17:30:00|AVE|70.15|Turista Plus|Promo|||
2019-04-11 21:53:31|MADRID|BARCELONA|2019-04-24 15:30:00|2019-04-24 18:40:00|AVE|90.5|Turista Plus|Promo|||
2019-04-11 21:53:31|MADRID|BARCELONA|2019-04-24 16:00:00|2019-04-24 18:30:00|AVE|78.8|Turista|Promo|||
2019-04-11 21:53:31|MADRID|BARCELONA|2019-04-24 16:30:00|2019-04-24 19:15:00|AVE|107.7|Turista|Flexible|||
2019-04-11 21:53:31|MADRID|BARCELONA|2019-04-24 17:00:00|2019-04-24 19:30:00|AVE|57.95|Turista Plus|Promo|||
2019-04-11 21:53:31|MADRID|BARCELONA|2019-04-24 17:30:00|2019-04-24 20:40:00|AVE|102.15|Turista Plus|Promo|||
2019-04-11 21:53:31|MADRID|BARCELONA|2019-04-24 18:00:00|2019-04-24 20:30:00|AVE|127.1|Turista|Flexible|||
2019-04-11 21:53:31|MADRID|BARCELONA|2019-04-24 18:30:00|2019-04-24 21:20:00|AVE|107.7|Turista|Flexible|||
2019-04-11 21:53:31|MADRID|BARCELONA|2019-04-24 19:00:00|2019-04-24 21:30:00|AVE|127.1|Turista|Flexible|||
2019-04-11 21:53:31|MADRID|BARCELONA|2019-04-24 19:30:00|2019-04-24 22:40:00|AVE|75.4|Turista|Promo|||
2019-04-11 21:53:31|MADRID|BARCELONA|2019-04-24 20:00:00|2019-04-24 22:30:00|AVE|88.95|Turista|Promo|||
2019-04-11 21:53:31|MADRID|BARCELONA|2019-04-24 20:30:00|2019-04-24 23:40:00|AVE|90.5|Turista Plus|Promo|||
2019-04-11 21:53:31|MADRID|BARCELONA|2019-04-24 21:25:00|2019-04-24 23:55:00|AVE|58.15|Turista|Promo|||
2019-04-11 21:53:47|MADRID|VALENCIA|2019-04-30 06:08:00|2019-04-30 12:55:00|REGIONAL|28.35|Turista|Adulto ida|||
2019-04-11 21:53:47|MADRID|VALENCIA|2019-04-30 07:40:00|2019-04-30 09:20:00|AVE|57.75|Turista|Promo|||
2019-04-11 21:53:47|MADRID|VALENCIA|2019-04-30 08:40:00|2019-04-30 10:33:00|AVE|45.3|Turista|Promo|||
2019-04-11 21:53:47|MADRID|VALENCIA|2019-04-30 09:40:00|2019-04-30 11:24:00|AVE|39.45|Turista|Promo|||
2019-04-11 21:53:47|MADRID|VALENCIA|2019-04-30 10:40:00|2019-04-30 12:20:00|AVE|39.45|Turista|Promo|||
2019-04-11 21:53:47|MADRID|VALENCIA|2019-04-30 11:10:00|2019-04-30 13:25:00|INTERCITY|29.9|Turista|Promo|||
2019-04-11 21:53:47|MADRID|VALENCIA|2019-04-30 11:55:00|2019-04-30 13:35:00|AVE|33.65|Turista|Promo|||
2019-04-11 21:53:47|MADRID|VALENCIA|2019-04-30 12:21:00|2019-04-30 19:04:00|REGIONAL|28.35|Turista|Adulto ida|||
2019-04-11 21:53:47|MADRID|VALENCIA|2019-04-30 12:40:00|2019-04-30 14:20:00|AVE|33.65|Turista|Promo|||
2019-04-11 21:53:47|MADRID|VALENCIA|2019-04-30 14:10:00|2019-04-30 16:03:00|AVE|33.65|Turista|Promo|||
2019-04-11 21:53:47|MADRID|VALENCIA|2019-04-30 15:10:00|2019-04-30 17:20:00|INTERCITY|38.8|Turista|Promo|||
2019-04-11 21:53:47|MADRID|VALENCIA|2019-04-30 15:10:00|2019-04-30 17:20:00|INTERCITY|43.75|Turista|Promo|||
2019-04-11 21:53:47|MADRID|VALENCIA|2019-04-30 15:30:00|2019-04-30 22:31:00|AVE-MD|53.25|Turista con enlace|Promo +|||
2019-04-11 21:53:47|MADRID|VALENCIA|2019-04-30 15:40:00|2019-04-30 17:22:00|AVE|51.15|Turista|Promo|||
2019-04-11 21:53:47|MADRID|VALENCIA|2019-04-30 16:05:00|2019-04-30 22:47:00|REGIONAL|28.35|Turista|Adulto ida|||
2019-04-11 21:53:47|MADRID|VALENCIA|2019-04-30 16:45:00|2019-04-30 18:50:00|ALVIA||Turista|Flexible|||
2019-04-11 21:53:47|MADRID|VALENCIA|2019-04-30 16:55:00|2019-04-30 21:58:00|AVE-LD||Turista|Promo|||
2019-04-11 21:53:47|MADRID|VALENCIA|2019-04-30 17:40:00|2019-04-30 19:20:00|AVE|57.75|Turista|Promo|||
2019-04-11 21:53:47|MADRID|VALENCIA|2019-04-30 17:48:00|2019-04-30 21:58:00|INTERCITY|42.9|Turista|Flexible|||
2019-04-11 21:53:47|MADRID|VALENCIA|2019-04-30 18:10:00|2019-04-30 19:50:00|AVE|57.75|Turista|Promo|||
2019-04-11 21:53:47|MADRID|VALENCIA|2019-04-30 18:40:00|2019-04-30 20:20:00|AVE|57.75|Turista|Promo|||
2019-04-11 21:53:47|MADRID|VALENCIA|2019-04-30 19:40:00|2019-04-30 21:29:00|AVE|73.1|Turista|Flexible|||
2019-04-11 21:53:47|MADRID|VALENCIA|2019-04-30 20:40:00|2019-04-30 22:24:00|AVE|66.55|Preferente|Promo|||
2019-04-11 21:53:47|MADRID|VALENCIA|2019-04-30 21:10:00|2019-04-30 23:03:00|AVE|66.55|Preferente|Promo|||
2019-04-11 21:53:47|MADRID|SEVILLA|2019-05-04 07:00:00|2019-05-04 09:55:00|AV City|58.95|Turista Plus|Promo|||
2019-04-11 21:53:47|MADRID|SEVILLA|2019-05-04 08:00:00|2019-05-04 10:32:00|AVE|61.45|Preferente|Promo|||
2019-04-11 21:53:47|MADRID|SEVILLA|2019-05-04 08:30:00|2019-05-04 11:14:00|ALVIA||Turista|Flexible|||
2019-04-11 21:53:47|MADRID|SEVILLA|2019-05-04 09:00:00|2019-05-04 11:38:00|AVE|76.3|Turista|Flexible|||
2019-04-11 21:53:47|MADRID|SEVILLA|2019-05-04 09:45:00|2019-05-04 12:27:00|INTERCITY|62.2|Turista|Flexible|||
2019-04-11 21:53:47|MADRID|SEVILLA|2019-05-04 10:00:00|2019-05-04 12:32:00|AVE||Turista con enlace|Promo +|||
