000260049|CORINTH BAPTIST CHURCH||PO BOX 92|HOSFORD|FL|32334-0092|2024|03|9|7200|196908|1|10|059029000|5|01||0|0|06|0|12|||||
000360268|IGLESIA VICTORIA||1445 N BOONVILLE AVE|SPRINGFIELD|MO|65802-1894|1678|03|9|7000|196408|1|10|001002029|5|01||0|0|06|0|12|||||
000490336|EASTSIDE BAPTIST CHURCH||PO BOX 296|LABELLE|FL|33975-0296|2024|03|9|7200|196908|1|10|059029000|5|01||0|0|06|0|12|||||
002296179|RELIGIOUS SCIENCE CHURCH CENTER OF SAN DIEGO||4102 MARLBOROUGH|SAN DIEGO|CA|92105-1462|0000|03|3|7000|196204|1|10|001000000|1|01||0|0|06|0|03|||||
003140260|PILGRIM BAPTIST CHURCH||217 N GRANT ST|SAN MATEO|CA|94401-1833|3125|03|9|7000|195504|1|10|001000000|5|01||0|0|06|0|12|||||1910
003754390|LITTLE LEAGUE BASEBALL INC|% TONY GARCIA|36511 MILE END RD|SOLEDAD|CA|93960-9689|3158|03|9|1000|196701|1|15|321059000|1|01||0|0|01|0|09|||||4050914 SOLEDAD LL
010104976|SAINT ANDREW CHURCH||4050 KATELLA AVE STE 101|LOS ALAMITOS|CA|90720-3463|0000|03|3|1000|199507|1|10|001000000|1|01||0|0|06|0|12||||X21Z|
010137902|AMERICAN FEDERATION OF STATE COUNTY & MUNICIPAL EMPLOYEES|% STEVEN FELDMAN|1535 RUGBY CIR|THOUSAND OAKS|CA|91360-3534|1381|05|9|3000|195708|2|00|263264279|5|01|201612|0|0|02|0|12|0|0|0||L2006CA LA PROFESSIONAL MEDICAL EMP
010140283|PINE GROVE CEMETERY ASSOCIATION|% JAYNE PALMER|123 TESTING|SAN ANTONIO|TX|78251-0000|0000|13|3|1000|200809|1|00|900000000|1|01|201612|0|0|02|0|12|0|0|0|Y50|
010265029|NATIONAL SOCIETY OF THE SONS OF THE AMERICAN REVOLUTION|% THOMAS C PUCKETT|PO BOX 9531|BRECKENRIDGE|CO|80424-9012|0690|03|9|2000|194408|1|16|059908000|5|01|201412|0|0|02|0|12|0|0|0||MOUNT EVANS
010279698|WEST POLAND HIGHLAND CEMETERY CORPORATION|% JODOIN|357 KIRKHILL ST|OCOEE|FL|34761-5645|0000|13|3|2000|200102|1|00|000000000|1|01|201612|4|3|01|0|12|386886|55853|55853|Y50|
010303581|DEL LAGO ESTATES UTILITY COMPANY||PO BOX 1860|CONROE|TX|77305-1860|0000|01|0|1000|000000|0|00|000000000|0|01||4|3|07|0|12|||||
010345989|ALPHA OMICRON PI FRATERNITY INC|% CORP SERVICES|5390 VIRGINIA WAY|BRENTWOOD|TN|37027-7529|0190|07|9|1000|196109|2|00|036000000|5|01|201006|0|0|02|0|06|||||GAMMA CORPORATION
010359130|ETERNITY BAPTIST CHURCH||RR 3 BOX 289|MALVERY|AR|72104-9535|0000|03|3|0000|197903|1|10|001000000|5|01||0|0|06|0|06|||||
010363374|LA MAISON ACADIENNE INC|% AMANDA RAYBURN|1580 SAWGRASS CORP PKWY|FT LAUDERDALE|FL|33323-2859|0000|03|3|1000|197906|1|16|382000000|1|01|201509|6|5|01|0|09|1802200|570074|570074||
010363873|NATIONAL RURAL HEALTH ASSOCIATION||4501 COLLEGE BLVD SUITE 225|OVERLAND PARK|KS|66211-1921|0000|03|3|2000|197911|1|15|123531205|5|01|201612|6|6|01|0|12|1382043|4836832|4836832||
010365189|CELEBRATION INC|% ROBERT GASS|PO BOX 5160|ALPHARETTA|GA|30023-5160|0000|03|3|1000|197911|1|15|007029000|1|01|201612|7|7|01|0|12|8324782|6541791|4590033||
010368684|CHATEAU CUSHNOC INC||1580 SAWGRASS CORP PKWY|SUNRISE|FL|33323-2859|0000|03|3|1000|198004|1|15|160000000|1|01|201509|6|5|01|0|09|1302413|883831|883831|L22Z|
010376274|CHI EPSILON-093 UNIVERSITY OF MAINE|% CIVIL AND ENVIRONMENTAL ENGINEERI|PO BOX 19316|ARLINGTON|TX|76019-0001|0000|03|3|1000|201606|1|16|036000000|5|01|201607|0|0|02|0|12|0|0|0|P20|
010378060|ANCIENT ACCEPTED SCOTTISH RITE BODIES VALLEY OF AUGUSTA|% DAWSON OTIS|8260 SW 109TH PLACE RD|OCALA|FL|34481-9671|0259|10|9|1000|194012|1|00|279265319|5|01|201612|6|4|01|0|12|1374366|175382|43420||VALLEY OF AUGUSTA
010384282|ASSOCIATION OF TOURIST RAILROADS AND RAILWAY MUSEUMS INC|% ASSOCIATION OF RAILWAY MUSEU|PO BOX 1189|COVINGTON|GA|30015-1189|0000|06|3|2000|197409|0|00|000000000|5|01|201612|4|4|01|0|12|175579|137702|137702||
010387092|HOSANNA NEW TESTAMENT CHURCH|% D HENRY AND E HANSON|26760 HIGHWAY 41|RANGE|AL|36473-5515|1620|03|9|7000|196402|0|10|001029000|5|01||0|0|06|0|12|||||
010387306|OMEGA FOUNDATION|% LEO J BINETTE|PO BOX 368441|BONITA SPGS|FL|34136-8441|0000|03|3|1000|198306|1|15|007994006|1|01|201612|0|0|02|0|12|0|0|0||
010414382|DUCKS UNLIMITED INC|% DUCKS UNLIMITED INC|1 WATERFOWL WAY|MEMPHIS|TN|38120-2350|9352|03|9|2800|195606|1|15|000000000|1|01||0|0|02|0|06|||||ANDROSCOGGIN VALLEY CHAPTER
010414383|DUCKS ULIMITED INC|% DUCKS UNLIMITED INC|1 WATERFOWL WAY|MEMPHIS|TN|38120-2350|9352|03|9|2800|195606|1|15|000000000|1|01||0|0|02|0|06|||||PORTLAND CASCO BAY CHAPTER ME
010414384|DUCKS UNLIMITED INC|% DUCKS UNLIMITED INC|1 WATERFOWL WAY|MEMPHIS|TN|38120-2350|9352|03|9|2800|195606|1|15|000000000|1|01||0|0|02|0|06|||||WATERVILLE WINSLOW
010414385|DUCKS UNLIMITED INC|% DUCKS UNLIMITED INC|1 WATERFOWL WAY|MEMPHIS|TN|38120-2350|9352|03|9|2800|195606|1|15|000000000|1|01||0|0|02|0|06|||||KENNEBEC VALLEY CHAPTER
010414386|DUCKS UNLIMITED INC|% DUCKS UNLIMITED INC|1 WATERFOWL WAY|MEMPHIS|TN|38120-2350|9352|03|9|2800|195606|1|15|000000000|1|01||0|0|02|0|06|||||MID COAST CHAPTER
010414387|DUCKS UNLIMITED INC|% DUCKS UNLIMITED INC|1 WATERFOWL WAY|MEMPHIS|TN|38120-2350|9352|03|9|2800|195606|1|15|000000000|1|01||0|0|02|0|06|||||KATHDIN CHAPTER
010414460|DUCKS UNLIMITED INC|% DUCKS UNLIMITED INC|1 WATERFOWL WAY|MEMPHIS|TN|38120-2350|9352|03|9|2800|195606|1|15|000000000|1|01||0|0|02|0|06|||||SAINT CROIX CHAPTER
010414764|DUCKS UNLIMITED INC|% DUCKS UNLIMITED INC|1 WATERFOWL WAY|MEMPHIS|TN|38120-2350|9352|03|9|2800|195606|1|15|000000000|1|01||0|0|02|0|06|||||ACADIA CHAPTER
010415961|VETERANS FOR PEACE INC||1404 N BROADWAY|SAINT LOUIS|MO|63102-2303|9168|03|6|1000|198808|1|15|123000000|1|01|201512|4|4|01|0|12|334117|489600|489600|W30Z|
010416070|DUCKS UNLIMITED INC|% DUCKS UNLIMITED INC|1 WATERFOWL WAY|MEMPHIS|TN|38120-2350|9352|03|9|2800|195606|1|15|000000000|1|01||0|0|02|0|06|||||STATE COMMITTEE CHAPTER
010417251|DUCKS UNLIMITED INC|% DUCKS UNLIMITED INC|1 WATERFOWL WAY|MEMPHIS|TN|38120-2350|9352|03|9|2800|195606|1|15|000000000|1|01||0|0|02|0|06|||||SUNRISE CHAPTER
010418138|DUCKS UNLIMITED INC|% DUCKS UNLIMITED INC|1 WATERFOWL WAY|MEMPHIS|TN|38120-2350|9352|03|9|2800|195606|1|15|000000000|1|01||0|0|02|0|06|||||PISCATAQUIS CHAPTER
010418163|DUCKS UNLIMITED INC|% DUCKS UNLIMITED INC|1 WATERFOWL WAY|MEMPHIS|TN|38120-2350|9352|03|9|2800|195606|1|15|000000000|1|01||0|0|02|0|06|||||AROOSTOOK CHAPTER
010419015|DUCKS UNLIMITED INC|% DUCKS UNLIMITED INC|1 WATERFOWL WAY|MEMPHIS|TN|38120-2350|9352|03|9|2800|195606|1|15|000000000|1|01||0|0|02|0|06|||||MERRYMEETING BAY CHAPTER
010419161|DUCKS UNLIMITED INC|% DUCKS UNLIMITED INC|1 WATERFOWL WAY|MEMPHIS|TN|38120-2350|9352|03|9|2800|195606|1|15|000000000|1|01||0|0|02|0|06|||||SOUTHERN MAINE CHAPTER
010421753|REAL J DAIGLE EVANGELISTIC CORPORATION||PO BOX 78238|TUCSON|AZ|85703-8238|0000|03|3|1000|198909|1|16|006007000|1|01|201512|4|4|01|0|12|108392|125490|125490|Q330|
010426090|DUCKS UNLIMITED INC|% DUCKS UNLIMITED INC|1 WATERFOWL WAY|MEMPHIS|TN|38120-2350|9352|03|9|2800|195606|1|15|000000000|1|01||0|0|02|0|06|||||WESTERN MOUNTAINS CHAPTER
010430328|KANZEON INC||3575 SOUTH WEST TEMPLE|SALT LAKE CITY|UT|84115-4451|0000|03|3|7000|198809|1|10|001029000|1|01||0|0|06|0|12|||||
010431188|DUCKS UNLIMITED INC|% DUCKS UNLIMITED INC|1 WATERFOWL WAY|MEMPHIS|TN|38120-2350|9352|03|9|2800|195606|1|15|000000000|1|01||0|0|02|0|06|||||STATE COMMITTEE-ME 001
010452942|HAMILTON FOUNDATION|% JAMES F VIGUE|1004 RIDGEPOINT CV|LONGWOOD|FL|32750-4585|0000|03|3|1000|199106|1|04|602000000|2|01|201512|2|1|00|1|12|14970|1|||
010466645|SUPREME ASSEMBLY OF THE SOCIAL ORDER OF THE BEAUCEANT|% MRS TIMOTHY LIBBY|2303 FRANZ CT|RICHLAND|WA|99352-9791|2541|10|9|1000|197407|1|00|000000000|5|01|201612|0|0|02|0|12|0|0|0||262
010470711|DUCKS UNLIMITED INC|% DUCKS UNLIMITED INC|1 WATERFOWL WAY|MEMPHIS|TN|38120-2350|9352|03|9|2800|195606|1|15|000000000|1|01||0|0|02|0|06|||||ROYAL RIVER CHAPTER ME025
010478124|NEW ENGLAND SECTION OF THE NINETY-NINES INC|% BRENDA THIBODEAU|PO BOX 950374|OKLAHOMA CITY|OK|73195-0374|9220|03|9|1200|199210|1|16|123040603|5|01|201605|0|0|02|0|05|0|0|0||KATAHDIN WINGS CHAPTER
010482703|WHITE PINE LIFE LTD|% PROCESSING CENTER|3650 WHITE ALDER|SONOMA|CA|95476-8963|0000|15|3|1000|200205|2|00|000000000|1|01||4|4|01|0|12||||Y20|
010483770|MISSING CHILDREN ALERT PROGRAM|% ERVIN D SNYDER|PO BOX 3745|ST AUGUSTINE|FL|32085-3745|0000|03|3|1000|199408|1|15|327000000|1|01|201606|1|3|01|0|06|5046|66859|66859|I72Z|
010492538|WORLD VOICE OF HISTORIC ADVENTISM INC|% PATRICIA EDWARDS|PO BOX 1844|MT DORA|FL|32756-1844|0000|03|3|7000|199507|1|10|007121125|1|01||0|0|06|0|12||||Z99Z|
010494042|MAPLE FARMS FOUNDATION|% ORLOFF LOWENBACH STIFELMAN ET AL|4750 AUSTELL RD|AUSTELL|GA|30106-2004|0000|03|3|1200|201410|1|04|602000000|1|01|200910|6|3|00|1|10|1574323|72770||T20|ROLLINS E J
010500677|NORTHERN WINGS INC|% CHARLES R ENGHOLM|837 N LAKESHORE BLVD|LAKE WALES|FL|33853-3821|0000|03|3|2000|199511|1|15|994379000|1|01|201612|0|0|02|0|12|0|0|0|C99|
010514919|BLUE KNIGHTS MOTORCYCLE CLUB|% CHRIS CARNEY|PO BOX 888|MILLIGAN COLL|TN|37682-0888|9222|10|9|1000|198909|2|00|260000000|1|01|201612|0|0|02|0|12|0|0|0||TN VI
010515672|BLUE KNIGHTS MOTORCYCLE CLUB|% RICHARD KOLLER|5806 NEASSIE ST|COLUMBUS|GA|31909-5160|9222|10|9|1000|198909|2|00|260000000|1|01|201612|0|0|02|0|12|0|0|0||GEORGIA V
010520599|BLUE KNIGHTS MOTORCYCLE CLUB|% DOUGLAS LAMPLUGH|216 HEATHER LN|FAIRHOPE|AL|36532-7105|0000|10|3|1000|201402|2|00|000000000|5|01|201612|0|0|02|0|12|0|0|0|Y42|AL II
010525400|FRIENDS OF INCONTRI IN TERRA DI SIENA INC|% JUDITH RICE MILLION|2572 VIA TEJON|PLS VRDS EST|CA|90274-1348|0000|03|3|1200|199907|1|15|000000000|1|01|201606|3|3|01|0|06|82554|92990|92990|A122|
010527751|BLUE KNIGHTS MOTORCYCLE CLUB|% GEORGE CAMPBELL|PO BOX 1433|CLEVELAND|TN|37364-1433|9222|10|9|1000|198909|2|00|260000000|1|01|201612|0|0|02|0|12|0|0|0||TN VII
010528050|ORDER OF QUETZALCOATL PLUMED SERPENT|% HAROLD B GILBERT|PO BOX 547|FENTON|MO|63026-0547|8111|10|9|1000|199708|2|00|319000000|5|01|201612|0|0|02|0|12|0|0|0||59 EL CORAZON DE KORA
010530112|MARK SWIGER MINISTRIES|% MARK A SWIGER|PO BOX 1206|CROSSVILLE|TN|38557-1206|0000|03|3|7000|200012|1|15|000000000|1|01|201612|0|0|02|0|12|0|0|0|X20|
010530750|CHILDRENS PALLIATIVE CARE COMMUNITY|% KATIE EASTMAN|1909 SKYLINE WAY|ANACORTES|WA|98221-2992|0000|03|3|2000|200003|1|15|000000000|1|01|201512|0|0|02|0|12|0|0|0|P46|
010531628|AMERICAN CHESAPEAKE CLUB CHARITABLE TR|% DIANE MAZY|9934 PRATT CT|SANTEE|CA|92071-1530|0000|03|3|2000|200008|1|15|000000000|2|01|201612|4|1|02|0|12|108590|8807|8807|D05|MARK WALSH TREASURER
010534483|COVENANT CHAPEL|% REV JANE E DIBDEN SCHWAB|PO BOX 312|FORGAN|OK|73938-0312|1619|03|9|7000|196402|1|10|001030059|5|01||0|0|06|0|12|||||
010538668|NOVA ROMA|% ROBERT WOOLWINE|1241 N 48TH ST APT 110|PHOENIX|AZ|85008-5916|0000|03|3|1000|200102|1|16|000000000|1|01|201612|0|0|02|0|12|0|0|0|A80|
010539370|PI BETA PHI FRATERNITY||1154 TOWN AND COUNTRY COMMONS DR|CHESTERFIELD|MO|63017-8200|0544|07|9|1000|194205|2|00|036034319|5|01|201606|0|0|02|0|06|0|0|0||SOUTHERN MAINE ALUMNAE CLUB
010547893|ST CLOUD PROFESSIONAL FIREFIGHTERS|% CHRIS JONES|700826|SAINT CLOUD|FL|34770-0000|0160|05|9|3000|195903|2|00|263000000|5|01|201609|0|0|02|0|09|0|0|0|J03|L4153 SAINT CLOUD
010547956|GLOBAL CARE OUTREACH INC|% HARRY L GIBSON III CPA PC|2696 LONG LAKE TER NE|ROSWELL|GA|30075-4082|0000|03|3|1000|200210|1|16|000000000|1|01|201606|0|0|02|0|06|0|0|0|B99|
010548351|HEARTLAND BAPTIST FELLOWSHIP OF CASS COUNTY|% BRIAN HEDGES|21203 E 283RD ST|HARRISONVILLE|MO|64701-6338|0000|03|3|1000|200207|1|10|000000000|1|01||0|0|06|0|12||||X200|
010548371|MUSLIM LEGAL FUND OF AMERICA|% WASEEM NASRALLAH|833 E ARAPAHO RD STE 209|RICHARDSON|TX|75081-2269|0000|03|3|1000|200211|1|16|000000000|1|01|201512|4|6|01|0|12|388253|2200264|2200264|R20|
010548379|LIVING FOR CHRIST MINISTRIES|% PEGGY WEBSTER|PO BOX 29112|HONOLULU|HI|96820-1512|0000|03|3|7000|200302|1|10|000000000|1|01||0|0|06|0|12||||X21|
010548550|SOUTHERN LOW DESERT RESOURCE CONSERVATION AND DEV COUNCIL|% ANISA DIVINE|1405 N IMPERIAL AVE|EL CENTRO|CA|92243-6300|0000|03|3|1000|200206|1|15|000000000|1|01|201512|0|0|02|0|12|0|0|0|C27|
010548553|A C C L A I M YOUTH FOUNDATION|% JANET MANNING|PO BOX 40094|HOUSTON|TX|77240-0094|0000|03|3|1000|200205|1|15|000000000|1|01|201612|0|0|02|0|12|0|0|0|P30|
010548565|NATIONAL PRESERVATION AND CONSERVATION FOUNDATION|% NANCY J CLINE|24737 ARNOLD DR|SONOMA|CA|95476-9216|0000|03|3|1000|200212|1|17|000000000|1|01|201512|6|0|02|0|12|3891758|0|0|K25|
010548650|CAROLYN L DONIGAN PRIVATE FOUNDATION INC|% C/O FOUNDATION SOURCE|27 N RIVER RD|STUART|FL|34996-6631|0000|03|3|1000|200210|1|04|000000000|1|01|201612|4|4|00|1|12|272885|112534||T22|
010548679|TAK-KO LU FOUNDATION|% TAK-KO LU|1 DANA POINT CT|REDWOOD CITY|CA|94065-8427|0000|03|3|1000|200204|1|04|000000000|1|01|201611|3|1|00|1|11|79113|77||T22|
010548690|WENHUA FOUNDATION|% BIN ZHAO|1540 BIRCHMEADOW CT|SAN JOSE|CA|95131-3728|0000|03|3|1000|200202|1|04|000000000|1|01|201611|4|3|00|1|11|261339|25123||T20|
010548823|PRINCE AVENUE CHRISTIAN SCHOOL|% WILLIAM N PEVEY|2131 RUTH JACKSON RD|BOGART|GA|30622-5321|0000|03|3|2700|200506|1|11|000000000|1|01|201606|6|7|13|0|06|4183533|7717954|7685465|B20|
010549750|FLORIDA ASSISTED LIVING AFFILIATION||2447 MILL CREEK CT STE 3|TALLAHASSEE|FL|32308-8301|0000|06|3|1000|200211|2|00|000000000|1|01|201512|5|6|01|0|12|981707|1173490|1168009|S46|
010549867|SOUTHBAY KAGRO|% JOO WHA KIM|13746 HAWTHORNE BLVD|HAWTHORNE|CA|90250-7010|0000|06|3|2000|200404|2|00|000000000|1|01|201612|0|0|02|0|12|0|0|0|S41|
010550123|LOUISIANA OUTSIDE COUNSEL HEALTH AND ETHICS FOUNDATION|% DREW RANIER|1419 RYAN ST|LAKE CHARLES|LA|70601-5918|0000|03|3|1000|200207|1|04|000000000|1|01|201512|1|5|00|1|12|1|750000||T90|
010550293|RICE PLUS PROJECT INC|% REV SANDHYA KOLWAR|PO BOX 1264|CARMEL|CA|93921-1264|0930|03|9|7000|194604|1|10|001000000|5|01|201212|0|0|06|0|12|0|0|0||
010550309|LEXINGTON LOG CABINS & HERITAGE CENTER INC|% LEXINGTON LOG CABINS AND HERITAGE|PO BOX 546|LEXINGTON|TX|78947-0546|0000|03|3|1000|200211|1|15|000000000|1|01|201612|0|0|02|0|12|0|0|0|A80|
010550350|REGENTS ACADEMY OF NACOGDOCHES INC|% MICHAEL KUNK|200 NE STALLINGS DR|NACOGDOCHES|TX|75961-5943|0000|03|3|2000|200609|1|11|000000000|1|01|201612|6|5|01|0|12|1267104|832232|832232|B20|
010550415|NEW HOPE OUTREACH MINISTRIES|% HILDA HENDERSON|1000 HENDERSON RD NW|HUNTSVILLE|AL|35816-3512|0000|03|3|7000|200608|1|10|000000000|1|01||0|0|06|0|12||||X21|
010550471|H E L P INC-A HOME FOR EVERY LIVING PET|% JOYCE FOREST|28364 S WESTERN AVENUE 331|RANCHO PALOS VERDES|CA|90275-1434|0000|03|3|1000|200202|1|16|000000000|1|01|201512|1|2|02|0|12|9140|14265|14265|D20|
010550564|BISHOP NASH MINISTRY|% WILLIAM E NASH JR|PO BOX 790|CENTER|TX|75935-0790|0000|03|3|1000|200403|1|10|000000000|1|01||0|0|06|0|12||||X21|
010550649|UNITED LOT OWNERS OF CAMBRIA|% JAMES ENSLEY|4217 JORY TRL|LAS VEGAS|NV|89108-5210|0000|04|3|3000|200305|2|00|000000000|5|01|201612|0|0|02|0|12|0|0|0|L50|
010550656|HEALTH AND WELLNESS EDUCATIONAL CENTER||PO BOX 1247|LIVINGSTON|AL|35470-1247|0000|03|3|1000|201503|1|15|000000000|5|01|201012|1|4|01|0|12|4000|142000|142000|E60|
010550947|MELBOURNE ASSEMBLY OF BODY OF CHRIST CHURCH|% TECHELET TADOR|PO BOX 101384|PALM BAY|FL|32910-1384|0000|03|3|1700|200210|1|10|000000000|1|01||0|0|06|0|12||||X20|
010551364|TECH COAST ANGELS INC|% KATE HUNN|PO BOX 7131|LAGUNA NIGUEL|CA|92607-7131|0000|06|3|1000|200409|2|00|000000000|1|01|201612|5|4|01|0|12|700545|438589|438589|S41|
010551635|BOCA RATON ORCHID SOCIETY INC|% VERONICA RISKO|PO BOX 276367|BOCA RATON|FL|33427-6367|0000|03|3|2000|200202|1|15|000000000|1|01|201612|0|0|02|0|12|0|0|0|C42|
010551879|KIDS CANCER FOUNDATION INC||246 ROYAL PALM BEACH BLVD|ROYAL PLM BCH|FL|33411-7636|0000|03|3|1000|200204|1|15|000000000|1|01|201612|4|5|01|0|12|345896|512154|512154|E60|
010552147|GRACE & TRUTH HOLINESS DELIVERANCE CHURCH INC|% BISHOP LEE A OLIVER SR|556 PINEHURST CV|KISSIMMEE|FL|34758-3647|0000|03|3|7000|200707|1|10|000000000|1|01||0|0|06|0|12||||X20|
010552149|EDWARD K MARTIN FAMILY FOUNDATION INC|% WILLIAM H COLEMAN|11212 MENDOCINO AVE|CLOVIS|CA|93619-9702|0000|03|3|1000|200207|1|04|000000000|1|01|201611|6|5|00|1|11|4081738|819334||T20|
010552155|STARTING ARTS INC|% ANN L WATTS|525 PARROTT ST|SAN JOSE|CA|95112-4121|0000|03|3|1200|200403|1|15|000000000|1|01|201506|4|6|01|0|06|189715|1314617|1314493|O50|
010552271|FRIENDS OF OATLAND ISLAND INC|% CHRIS GENTILE|PO BOX 30959|SAVANNAH|GA|31410-0959|0000|03|3|1000|201511|1|16|000000000|1|01|201612|4|4|01|0|12|199482|196188|104667|B90|
010552300|ST CATHERINE OF SIENA CATHOLIC SCHOOL|% NANCY LEVIN|1618 BEN KING RD NW|KENNESAW|GA|30144-2945|0928|03|9|7000|194603|0|10|031150120|5|01||0|0|06|0|12|||||
010552750|ANIMAL SHELTER ADOPTION PARTNERS INC|% RANDY BRACHMAN|900 STAGECOACH RD|ARROYO GRANDE|CA|93420-4615|0000|03|3|1000|200204|1|15|000000000|1|01|201612|0|0|02|0|12|0|0|0|D20|
010552773|OCONEE VETERANS MEMORIAL FOUNDATION INC|% DAVID KILPATRICK|PO BOX 1836|WATKINSVILLE|GA|30677-0036|0000|03|3|1000|200306|1|16|000000000|1|01|201606|0|0|02|0|06|0|0|0|A80|
010552873|MARK HOWARD CEMETERY|% THOMAS HOWARD|306 POPLAR ST|PRATTVILLE|AL|36066-5353|0000|13|3|1000|200206|1|00|000000000|1|01|201612|0|0|02|0|12|0|0|0|Y50|
010552879|SPLENDORA YOUTH BASEBALL ASSOCIATION|% THE TREASURER|PO BOX 2216|SPLENDORA|TX|77372-2216|0000|03|3|1000|200410|1|15|000000000|1|01|201512|2|4|01|0|12|20865|139017|139017|N63|
010553066|SOUTHSIDE ATHLETIC ASSOCIATION|% OLIVER DIXON|12620-3 BEACH BLVD 316|JACKSONVILLE|FL|32246-7130|5653|03|9|2000|201003|1|16|000000000|1|01|201512|1|2|02|0|12|6692|13655|13655|N65|PABLO CREEK FOOTBALL & CHEERLEADING
010553077|LINKS OF HOPE INC||1535 COGSWELL ST STE C20|ROCKLEDGE|FL|32955-2740|0000|03|3|1000|200205|1|15|000000000|1|01|201606|3|4|01|0|06|59026|126784|126784|P30|
010553410|NEW LIFE MINISTRIES CHURCH OF GOD OF PROPHECY|% JOHN KIRBY|4127 WINDSOR CASTLE WAY|DECATUR|GA|30034-5363|2358|03|9|7000|197210|1|10|001000000|5|01||0|0|06|0|08|||||
010553460|EMORY MEDICAL LABORATORIES INC|% JAMES T HATCHER|1364 CLIFTON RD NE|ATLANTA|GA|30322-1059|0000|03|3|1000|200501|1|12|000000000|1|01|201608|3|0|02|0|08|50000|0|0|E30|
010553584|BLANDINA I DRAPIZA FOUNDATION|% ROY LIBDAN|6879 SHADOWCAST LN|LAKELAND|FL|33813-5126|0000|03|3|1000|200503|1|16|000000000|1|01|201612|3|3|02|0|12|95000|37527|37527|Q33|
010553690|THURBER FAMILY FOUNDATION INC|% ELEANOR B THURBER|2414 COVEMONT DR SE|HUNTSVILLE|AL|35801-2259|0000|03|3|1000|200210|1|04|000000000|1|01|201612|5|3|00|1|12|964845|96416||T22|
010553749|TARRANT EDUCATION FOUNDATION|% EVA HOBSON|PO BOX 170745|BIRMINGHAM|AL|35217-0745|0000|03|3|1000|200204|1|15|000000000|1|01|201612|0|0|02|0|12|0|0|0|B112|
010553804|HARRIS BARRETT SCHOOL INC|% C/O MEMPHIS BOSTON|1755 COUNTY ROAD 27|TUSKEGEE|AL|36083-3600|0000|03|3|2000|200605|1|15|000000000|1|01|201509|0|0|02|0|09|0|0|0|A80|
010553917|BETHEL|% MERNA FAIRCLOUGH|455 DATE PALM DR|LAKE PARK|FL|33403-3320|2358|03|9|7000|197210|1|10|001000000|5|01||0|0|06|0|08|||||12580
010554023|FAIRHOPE CAT COALITION INC|% GLENDA B TURNER|104 ASHTON CT|FAIRHOPE|AL|36532-3334|0000|03|3|1000|200204|1|16|000000000|1|01|201512|4|4|01|0|12|170258|132959|128772|D20|
010554139|BATON ROUGE CAPITAL CONFLICT OFFICE INC|% DAVID PRICE|525 FLORIDA ST STE 310|BATON ROUGE|LA|70801-1732|0000|03|3|1000|200205|1|15|000000000|1|01|201512|4|6|01|0|12|266741|1271513|1271513|I80|
010554145|LUCIAN A & JERRI JETER HARVEY FOUNDATION|% LUCIAN A HARVEY JR|2222 EASTOVER DR|JACKSON|MS|39211-6721|0000|03|3|1000|200205|1|04|000000000|1|01|201512|4|1|00|1|12|191946|98||T22|
010554310|SOUTHEAST REGIONAL INSTITUTE ON DEAFNESS INC|% REBECCA SILLS|5266 DURAND HWY|WARM SPRINGS|GA|31830-3024|0000|03|3|2000|200205|1|15|000000000|1|01|201606|4|4|01|0|06|156426|153745|153745|G03|
010554678|RESTORING HOPE MINISTRIES|% LAWRENCE JACKSON|1424 ROLLING RIDGE CIR|PLEASANT GRV|AL|35127-3530|0000|03|3|1700|200209|1|10|000000000|1|01||0|0|06|0|12||||X20|
010554709|FLORIDA PROTON THERAPY INSTITUTE INC|% C CRAIG TISHER MD|2015 JEFFERSON ST|JACKSONVILLE|FL|32206-3531|0000|03|3|1000|200206|1|15|000000000|1|01|201606|9|9|01|0|06|149814211|59432029|59288154|E24|
010554858|ANANDA FOUNDATION|% MOHAN ANANDA|PO BOX 3930|DANA POINT|CA|92629-8930|0000|03|3|1000|200207|1|04|000000000|1|01|201512|4|4|00|1|12|243190|170366||T22|
010554969|BLAZING FIRE CHURCH|% BRENT R LOKKER|PO BOX 1599|PLEASANTON|CA|94566-0159|0000|03|3|7000|200304|1|10|000000000|1|01||0|0|06|0|12||||X21|
010555028|THE CHRIS AND MELODY MALACHOWSKY FAMILY FOUNDATION||635 CAMPBELL TECHNOLOGY PKWY 100|CAMPBELL|CA|95008-5075|0000|03|3|1000|200210|1|04|000000000|1|01|201512|7|6|00|1|12|8509947|1336779||T20|
010555419|NEW LIFE EVANGELICAL MISSION CHURCH|% BEE RYONG KIM|2550 BEVERLY BLVD|LOS ANGELES|CA|90057-1019|0000|03|3|7000|200207|1|10|000000000|1|01||0|0|06|0|04||||X21|
010555491|UNITY TEMPLE OF DELIVERENCE OUTREACH CENTER INC||2351 NE 200TH AVE|WILLISTON|FL|32696-5239|0000|03|3|1000|200605|1|10|000000000|1|01|201512|0|0|06|0|12||||X20|
010555614|OKANOGAN REGIONAL SPAY NEUTER PROJECT OK-SNIP|% DOROTHY SCHANK|PO BOX 951|WINTHROP|WA|98862-0951|0000|03|3|4000|200202|1|15|000000000|1|01|201612|3|4|01|0|12|54140|104120|104120|D20|
010555772|HIGH COUNCIL OF BNEI NOAH INC|% STEVE CLAUS|4412 74TH ST STE B100|LUBBOCK|TX|79424-2308|0000|03|3|7000|200608|1|10|000000000|1|01||0|0|06|0|12||||X21|
010555813|JEFF SPOONEYBARGER MINISTRIES INC|% JEFF SPOONEYBARGER|203 CORDOBA ST|GULF BREEZE|FL|32561-4007|0000|03|3|2000|200209|1|15|000000000|1|01|201512|2|3|01|0|12|14566|75475|75475|N20|
010555919|GADDIS FAMILY FOUNDATION INC|% JESSE P GADDIS|PO BOX 950|FT LAUDERDALE|FL|33302-0950|0000|03|3|1000|200203|1|04|000000000|1|01|201612|6|4|00|1|12|3349296|222871||T22|
010556103|GENETIC RESEARCH INSTITUTE OF THE DESERT|% LAWRENCE A CONE|39000 BOB HOPE DRIVE|RANCHO MIRAGE|CA|92270-3221|0000|03|3|1000|200411|1|12|000000000|1|01|201512|4|4|01|0|12|142590|105122|105122|H80|THE LUCY CURCI CANCER CENTER 3118
010556260|ROCKVALE INDEPENDENT ORIGINAL CHURCH OF GOD|% JIMMY TYSON|PO BOX 95|ROCKVALE|TN|37153-0095|0000|03|3|7000|200606|1|10|000000000|1|01||0|0|06|0|12||||X20|
010556405|HELPING HANDS OF HARBOUR TOWNE INC||801 NE 3RD ST|DANIA BEACH|FL|33004-3401|0000|03|3|1000|200212|1|16|000000000|1|01|201612|1|0|02|0|12|2321|0|0|B90|
010556416|NURSING HOME GIFT FUND OF FAULKNER COUNTY INC|% BEVERLEY J BERGSTROM|PO BOX 9|CONWAY|AR|72033-0009|0000|03|3|1000|200208|1|16|000000000|1|01|201612|0|0|02|0|12|0|0|0|P58|
010556794|TEMPLE SHIR SHALOM OF OVIEDO INC|% KEITH GOLDBERG|PO BOX 623182|OVIEDO|FL|32762-3182|0000|03|3|7000|201408|1|10|000000000|1|01||3|3|06|0|06||||X30|
010556855|MINORITY ORGAN & TISSUE TRANSPLANT & EDUCATION PROGRAM OF TENNESSEE|% STEVEN AARON|PO BOX 331191|NASHVILLE|TN|37203-7511|0000|03|3|1200|200206|1|15|000000000|1|01|201512|0|0|02|0|12|0|0|0|E70|MOTTEP OF TENNESSEE
010556915|GEORGIE PORGIE KIDS & COMPANY PROJECT INC|% TERRI HARP|3499 STANFORD CIR|DECATUR|GA|30034-6130|0000|03|3|1000|200209|1|15|000000000|1|01|201512|0|0|02|0|12|0|0|0||
010557552|WORLD CAFE COMMUNITY FOUNDATION|% BARBARA KROHN|336 BON AIR CENTER SUITE 149|GREENBRAE|CA|94904-3017|0000|03|3|1000|200311|1|03|000000000|1|01|201512|3|3|00|1|12|30222|63160||T23|
010557719|MACNEAL FOUNDATION|% ASPIRIANT|11100 SANTA MONICA BLVD STE 600|LOS ANGELES|CA|90025-3328|0000|03|3|1000|200205|1|04|000000000|2|01|201612|6|6|00|1|12|2123177|1029881||T22|
010557958|LEMMIE AND MABLE ANDREWS CHARITABLE FOUNDATION|% ARTHUR E FAULK|6811 JEFFERSON HWY|BATON ROUGE|LA|70806-8108|0000|03|3|1000|200311|1|04|000000000|1|01|201606|1|1|00|1|06|4108|1||T50|
010558388|LINK A COMMUNITY ASSESMENT AND RESOURCE CENTER||8461 DELAWARE ST|THORNTON|CO|80260-4821|0000|03|3|1000|200404|1|15|000000000|1|01|201512|5|5|01|0|12|644914|858947|832606|O50|VALORIE LAGWIG
010558393|DREAMLAND PRESCHOOL INC|% JONG SOO HAN|5101 WALNUT AVE|IRVINE|CA|92604-2469|0000|03|3|1200|200308|1|16|000000000|1|01|201609|3|6|01|0|09|61802|1458545|1458545|P33|
010558440|FRIENDS OF ARTS COUNCIL OF GREATER DENHAM SPRINGS INC|% PART HAUSSLER|12046 JUSTICE AVE STE B|BATON ROUGE|LA|70816-5305|0000|03|3|1000|200304|1|15|000000000|1|01|201512|3|4|01|0|12|31452|126081|29082|A26|GREATER DENHAM SPRINGS INC ART CNCL
010558682|DOC-DHL INC||345 GRANDPRE ST|BATON ROUGE|LA|70802-5919|0000|03|3|1000|200501|1|15|000000000|1|01|201612|0|0|02|0|12|0|0|0|P33|JACKSON CARL J
010558752|PARROT ADOPTION AND RESCUE RESOURCE OF THE SOUTH INC|% MARGARET DWYER|PO BOX 1942|LEHIGH ACRES|FL|33970-1942|0000|03|3|1000|200202|1|16|000000000|1|01|201612|0|0|02|0|12|0|0|0|D20|
010558961|HARRISBURG CULTURAL AND SOCIAL SERVICES CENTER INC||1800 W MAIN ST STE 12 # 12|TUPELO|MS|38801-3256|0000|03|3|1000|200304|1|15|000000000|1|01|201512|6|4|01|0|12|1328486|340921|240760|P80|
010558998|INTERFAITH COUNCIL ON NEEDS ST LANDRY INC|% DANA REED|186 CYPRESS DR|OPELOUSAS|LA|70570-8118|0000|03|3|1000|200203|1|15|000000000|1|01|201512|3|3|01|0|12|25287|69037|69037|P60|
010559251|KANZA HOUSE GENEALOGY HISTORY & RESOURCE LIBRARY ASSOCIATION|% JOYCE JONES|106 PINE ST|LEBANON|KS|66952-8808|0000|03|3|2000|200203|1|16|000000000|1|01|201406|0|0|02|0|06|0|0|0|A80|
010559509|PETRELLO FAMILY FOUNDATION|% ANTHONY G PETRELLO|515 W GREENS RD STE 1200|HOUSTON|TX|77067-4536|0000|03|3|1000|200210|1|04|000000000|1|01|201606|7|7|00|1|06|5187050|5839512||T20|
010560144|ALLIANCE OF DIVINE LOVE CHAPEL 1274|% SHIRLEY CHOATE|11830 DONLIN DR|WELLINGTON|FL|33414-6238|3054|03|9|7000|197702|1|10|001000000|5|01||0|0|06|0|12|||||
010560241|COMUNIDAD CRISTIANA ETERNO PACTO INC|% FORTUNATO PICON JR|948 S SEMORAN BLVD|ORLANDO|FL|32807-3001|0000|03|3|7000|200306|1|10|000000000|1|01||0|0|06|0|12||||X20|
010560277|LABORERS ABOUT THE MASTERS BUSINESS MINISTRIES INTERNATIONAL||5127 LAUREL ST|NEW ORLEANS|LA|70115-1837|0000|03|3|1000|200712|1|15|000000000|1|01|201612|1|3|01|0|12|8677|58867|58867||MCENERY HENRY A III
010560289|ONE WAY INTERNATIONAL|% JOYCE VELAZQUEZ|PO BOX 790386|SAN ANTONIO|TX|78279-0386|0000|03|3|7000|200203|1|15|000000000|1|01|201612|3|3|01|0|12|29990|88114|88114|X20|
010560311|WESTERN BAND ASSOCIATION||1710 SAN LUIS RD|WALNUT CREEK|CA|94597-3116|0000|03|3|1000|200303|1|16|000000000|1|01|201606|4|4|01|0|06|204098|332957|332957|A6C|
010560706|RIVER OF LIGHT LUTHERAN CHURCH|% J STEVEN BECKHAM|17032 VAN BUREN BLVD|RIVERSIDE|CA|92504-5939|9386|03|9|7000|198804|1|10|001000000|1|01||0|0|06|0|12|||||
010560970|TUNNEY FOUNDATION|% DORIS F TUNNEY MD DIRECTOR|PO BOX 3873|KETCHUM|ID|83340-3873|0000|03|3|1000|200203|1|04|000000000|1|01|201612|5|4|00|1|12|729931|268784||T22|
010560985|DR STUART AND ADRIENNE GREEN FAMILY FOUNDATION||6371 E BIXBY HILL RD|LONG BEACH|CA|90815-4751|0000|03|3|1000|200202|1|04|000000000|1|01|201612|5|3|00|1|12|960935|93990||T22|
010561114|POST TRANSPLANT FOUNDATION|% VICKY S LYLES|1072 S DE ANZA BLVD|SAN JOSE|CA|95129-3500|0000|03|3|2000|200212|1|15|000000000|1|01|201612|1|1|02|0|12|975|3070|3070|E05|
010561262|SOUTHWEST CHARTER FOUNDATION INC|% LORRIE DAVIDSON VP FINANCE|800 CORPORATE DR STE 124|FT LAUDERDALE|FL|33334-3618|0000|03|3|1200|200411|1|11|000000000|1|01|201606|9|9|01|0|06|89574344|55117978|55117978|B29|
010561348|PHI THETA KAPPA FRATERNITY|% CHIEF FINANCIAL OFFICER|PO BOX 13729|JACKSON|MS|39236-3729|1350|03|9|2000|195609|1|15|059000000|1|01|201612|0|0|02|0|12|0|0|0||BETA KAPPA IOTA CHAPTER
010561988|ASSESS THE NEED|% TROY D JONES CPA|PO BOX 307|LIVINGSTON|LA|70754-0307|0000|03|3|1000|200302|1|15|000000000|1|01|201612|3|3|01|0|12|72240|96445|96445|B99|
010562703|KNIGHTS OF COLUMBUS|% PAUL MICHALKA|9820 CHAPEL RD|WACO|TX|76712-8141|0188|08|9|1000|194010|1|00|036029265|1|01|201612|0|0|02|0|12|0|0|0||13005 ST JEROME COUNCIL
010562781|TORTIE FOUNDATION|% STEPHEN F WITORT|6554 CHAMPETRE CT|RENO|NV|89511-5077|0000|03|3|1000|200305|1|04|000000000|1|01|201609|3|1|00|1|09|42492|4||T20|
010563036|GODS CLIP CHRISTIAN LADIES IN PRAYER|% ADA TORRES|5240 GENOA ST|DENVER|CO|80249-7581|0000|03|1|1000|200306|1|15|000000000|1|01|201612|0|0|02|0|12|0|0|0|F30|
010563060|VENTURA VINEYARD CHRISTIAN FELLOWSHIP|% ROBERT HARPER|1956 PALMA DR STE A|VENTURA|CA|93003-8092|0000|03|3|7000|200204|1|10|000000000|1|01||0|0|06|0|12||||X21|
010563151|MILITARY ORDER OF THE PURPLE HEART OF THE USA|% JOHN W TROTTER|85 GIN ST|SPRINGVILLE|AL|35146-4042|1495|19|9|1000|196008|1|00|908907000|5|01|201612|0|0|02|0|12|0|0|0||2212 CHAPTER
010563236|AAUW DEL MAR-LEUCADIA CALIFORNIA BRANCH|% BETTY REED|PO BOX 543|SOLANA BEACH|CA|92075-0543|0000|03|3|1000|200211|1|16|000000000|1|01|201606|0|0|02|0|06|0|0|0|B21|
010563501|THE E-PROJECT|% RICHARD YACONIS|233 S WASHINGTON ST|DENVER|CO|80209-2113|0000|03|3|1000|200211|1|15|000000000|1|01|201612|3|4|01|0|12|31662|207992|207992|A65|
010563744|CORAL GABLES POLICE ATHLETIC LEAGUE INC|% JOSE FLOREZ|2801 SALZEDO STREET|CORAL GABLES|FL|33134-6638|0000|03|3|1200|200305|1|15|000000000|1|01|201512|2|2|02|0|12|10333|18558|18558|O50|
010563786|WILSON CENTRAL NJROTC BOOSTER CLUB|% JENNIPHER LANCASTER|PO BOX 867|MOUNT JULIET|TN|37121-0867|0000|03|3|1000|200706|1|15|000000000|1|01|201506|0|0|02|0|06|0|0|0|B112|
010563929|FIRE OF GOD MINISTRIES INC|% ARNOLD LIVERMAN|PO BOX 5115|GAINESVILLE|FL|32627-5115|0000|03|3|7000|200609|1|10|000000000|1|01||0|0|06|0|12||||X20|
010563949|STERNBERGH FOUNDATION LTD|% ROBIN W STERNBERGH|6948 SE HARBOR CIR|STUART|FL|34996-1915|0000|03|3|1000|200203|1|04|000000000|1|01|201612|4|4|00|1|12|274429|339417||T20|
010564032|INSTITUTE FOR GIS STUDIES INC|% MATTHEW A PRICE|357 RIVERSIDE DR STE 100|FRANKLIN|TN|37064-8958|0000|03|3|2000|200504|1|15|000000000|1|01|201612|1|0|02|0|12|1|0|0|B60|
010564177|SAP INC CDC-SERVING ALL PEOPLE|% LAWRENCE C SMITH|PO BOX 662|BROOKHAVEN|MS|39602-0662|0000|03|3|1270|200209|1|15|000000000|1|01|201512|0|0|02|0|12|0|0|0|P50|
010564319|CATHOLIC DAUGHTERS OF THE AMERICAS|% SUSANNA GARZA MARTINEZ|PO BOX 505|FLORESVILLE|TX|78114-0505|0928|03|9|1700|194603|1|10|031150120|5|01||0|0|13|0|07|||||2497 MARY QUEEN OF PEACE
010564368|LIVING HOPE MINISTRIES INTERNATIONAL INC||70 SHARP MOUNTAIN LN|JASPER|GA|30143-4809|0000|03|3|1000|200210|1|15|000000000|1|01|201612|4|4|01|0|12|302873|193408|193408|P70|
010564483|HCKC INC|% LES THOMSEN|PO BOX 310705|NEW BRAUNFELS|TX|78131-0705|0000|03|3|1000|200302|1|16|000000000|1|01|201412|0|0|02|0|12|0|0|0|N70|
010564544|SAINTSVILLE BAPTIST CHURCH INC||4232 WICHITA ST|FORT WORTH|TX|76119-3323|0000|03|3|7000|200212|1|10|000000000|1|01||0|0|06|0|12||||X21|
010564549|SECOND MISSIONARY BAPTIST CHURCH OF PAHRUMP||3651 HOMESTEAD RD|PAHRUMP|NV|89048-6416|0000|03|3|7000|200205|1|10|000000000|1|01||0|0|06|0|12||||X21|
010564634|ALLIANCE FINANCIAL MINISTRIES|% LONNIE MATHEWS|8325 BROADWAY STE 202-66|PEARLAND|TX|77581-5772|0000|03|3|1000|200210|1|15|000000000|1|01|201512|1|3|02|0|12|8596|39289|39289|P51|
010564677|TEXAS OILMANS CHARITY INVITATIONAL FISHING TOURNAMENT INC|% CURTIS DENISON|935 ELDRIDGE RD PMB 610|SUGAR LAND|TX|77478-2809|0000|03|3|1000|200303|1|16|000000000|1|01|201512|4|5|01|0|12|111300|862066|399597|P99|
010564885|VALDEZ JUNIOR RIFLE CLUB|% JILL YRJANA|PO BOX 3008|VALDEZ|AK|99686-3008|0000|03|3|1200|200305|1|15|000000000|5|01|201512|0|0|02|0|12|0|0|0|N99|
010564933|AUSTIN HINDU TEMPLE AND COMMUNITY CENTER|% SUNDARESAN SUBRAMANIAN|9801 DECKER LAKE RD|AUSTIN|TX|78724-7010|0000|03|3|1000|200211|1|15|000000000|1|01|201512|7|6|01|0|12|6524190|1013812|1013812|X70|
010565071|SWEETWATER BAPTIST CHURCH||189 SWEETWATER CHURCH RD|DAWSONVILLE|GA|30534-0000|1702|03|9|7000|196412|1|10|000000000|5|01||0|0|06|0|12|||||
010565510|SOUTHERN OAKS VOLUNTEER FIRE DEPARTMENT||120 SOUTHERN OAKS DR|STREETMAN|TX|75859-3123|0000|03|3|1000|201401|1|15|000000000|1|01|201612|4|4|01|0|12|260027|199550|197628|M24|
010565518|DESERT LIGHT CHRISTIAN CHURCH||541 UTAH ST NE|ALBUQUERQUE|NM|87108-2491|0000|03|3|7000|200306|1|10|000000000|1|01||0|0|06|0|12||||X21|
010565588|BAKES FAMILY FOUNDATION|% CHARLES BAKES L|425 WORTH AVENUE APT D|PALM BEACH|FL|33480-4598|0000|03|3|1200|200204|1|04|000000000|1|01|201512|4|3|00|1|12|141605|42332||T20|
010565660|NOBLE PURPOSE INC|% STEPHEN SCHROEDER|13111 DOWNEY AVE|PARAMOUNT|CA|90723-2412|0000|03|3|1000|200209|1|15|000000000|1|01|201512|0|0|02|0|12|0|0|0|X20|
010565671|SAN DIEGO RIVER PARK FOUNDATION|% ROB HUTSEL|4891 PACIFIC HWY STE 114|SAN DIEGO|CA|92110-4026|0000|03|3|1000|200210|1|15|000000000|1|01|201512|8|8|01|0|12|17724559|12524222|12524222|N32|
010565680|HARVEST MISSION INTERNATIONAL|% HAI JOON KIM|8847 RHINE RIVER AVE|FOUNTAIN VLY|CA|92708-5606|0000|03|3|1000|201301|1|15|000000000|1|01|201512|1|4|01|0|12|1|157600|157600|X20|
010565752|CANOPY|% CATHERINE MARTINEAU|3921 EAST BAYSHORE RD|PALO ALTO|CA|94303-4326|0000|03|3|2100|200204|1|15|000000000|1|01|201606|5|5|01|0|06|510982|728128|728128|C27|
010565779|TRIUMPH FUTBOL CLUB INC|% RICHARD SMITH|2548 JACOBSON DR|LEWISVILLE|TX|75067-8200|0000|03|3|2000|200212|1|16|000000000|1|01|201512|3|4|01|0|12|83443|287498|241826|O50|
010565782|CHINA TRAINING NETWORK||PO BOX 11032|SPRINGFIELD|MO|65808-1032|0000|03|3|7000|200203|1|15|000000000|1|01|201512|3|4|01|0|12|47646|193300|193300|X20|
010566012|ANAHUAK YOUTH SOCCER ASSOCIATION|% RAUL MACIAS|5317 N FIGUEROA ST STE 10|LOS ANGELES|CA|90042-4066|0000|03|3|2000|200206|1|15|000000000|1|01|201612|1|4|01|0|12|2796|201781|201781|O50|
010566033|ISRAEL EMERGENCY ALLIANCE|% MARTIN B JANNOL|6505 WILSHIRE BLVD|LOS ANGLELES|CA|90048-4906|0000|03|3|2000|200206|1|15|000000000|1|01|201512|7|8|01|0|12|7508025|12454702|11027836|Q01|STANDWITHUS
010566082|OROMO CULTURAL CENTER|% ADAM TAHIR|8819 RENTON AVE S|SEATTLE|WA|98118-4918|0000|03|3|1200|200612|1|15|000000000|1|01|201612|3|3|02|0|12|66161|42000|42000|A23|
010566327|HELEN AND VINCENT W SHIEL PRIVATE FOUNDATION INC||37710 PINWOOD CT|MAGNOLIA|TX|77354-8464|0000|03|3|1000|200303|1|04|000000000|1|01|201612|6|6|00|1|12|3174749|1390443||T22|
010566706|OASIS INTERNATIONAL INC|% REV SHERRY MCGEE|8101 GLENMOOR DR|WEST PALM BCH|FL|33409-2776|0000|03|3|7100|200209|1|10|000000000|1|01||0|0|06|0|12||||X20|
010566773|DELIVERANCE TABERNACLE OF PRAISE|% GWENDOLYN L WATTS|1572 HIGHWAY 85 N STE 336|FAYETTEVILLE|GA|30214-7729|0000|03|3|7000|200706|1|10|000000000|1|01||0|0|06|0|12||||X20|
010567148|GRACEWAY COMMUNITY CHURCH A SOUTHERN BAPTIST CHURCH|% SMITH MILTON PASTOR|15873 COUNTY ROAD 6 E|JASPER|FL|32052-6570|2024|03|9|7200|196908|1|10|059029000|5|01||0|0|06|0|09|||||
010567224|SUNNY MEADOWS FOUNDATION|% J RICHARD ROSSIE|4066 NEW GETWELL RD|MEMPHIS|TN|38118-6017|0000|03|3|1000|200302|1|03|000000000|1|01|201612|4|5|00|1|12|110947|529259||D20|
010567480|MISSIONARIES OF THE VIRGIN MARY AND ST JOHN BOSCO|% EMMA DEL FORN|4135 SW 97TH AVE|MIAMI|FL|33165-5114|0000|03|3|1000|201411|1|16|000000000|1|01|201512|0|0|02|0|12|0|0|0|P30|
010567486|THE SAIN ORR ROYAK DEFOREST STEADMAN FOUNDATION|% JACK G ADMIRE|2555 PONCE DE LEON BLVD|CORAL GABLES|FL|33134-6010|0000|03|3|1000|200206|1|04|000000000|2|01|201704|6|5|00|1|04|1523998|923497||T20|
010567754|BUDDHIST COMMUNITY OF MEMPHIS & VICINITY INC|% BAY PINH NGUYEN|3500 S GOODLETT ST|MEMPHIS|TN|38118-5014|0000|03|3|7000|200311|1|10|000000000|1|01||4|4|06|0|12||||X21|
010567777|AUSTIN DRIVE COMMUNITY DEVELOPMENT INC||1989 AUSTIN DR|DECATUR|GA|30032-5120|0000|03|3|1000|200210|1|16|000000000|1|01|201512|3|2|02|0|12|25762|20292|20292|B60|
010567964|CALIFORNIA TAMIL ACADEMY|% VETRISELVI RAJAMANICKMAN|14435 C BIG BASIN WAY 179|SARATOGA|CA|95070-6082|0000|03|3|2000|200210|1|16|000000000|1|01|201607|5|5|01|0|07|945498|842582|842582|B99|
010568323|WEAVER FOR WOMEN INC|% PATRICIA RUMPH|5904 LEMOS CT|ORLANDO|FL|32808-1423|0000|03|3|1200|200305|1|15|000000000|1|01|201612|0|0|02|0|12|0|0|0|I40|
010568355|ALAMEDA CONTRA COSTA TRIAL LAWYERS ASSOCIATION|% ACCTLA|4450 MIRA LOMA DR|PITTSBURG|CA|94565-6451|0000|06|3|2000|200211|2|00|000000000|1|01|201612|3|4|01|0|12|30890|109443|109443|S41|
010568360|BOONSLICK AREA TOURISM COUNCIL|% CONNIE SHAY|341 STATE ROUTE J|FAYETTE|MO|65248-9552|0000|06|3|3000|200211|2|00|000000000|1|01|201512|0|0|02|0|12|0|0|0|S41|
010568603|GLOBAL GATEWAY NETWORK|% MICAH A SMITH|PO BOX 1207|RICHLAND|WA|99352-1207|0000|03|3|1700|200206|1|15|000000000|1|01|201512|4|4|01|0|12|102547|169550|169550|X20|
010568722|KOL SIMCHA OF CALABASAS|% LAUREN RAISSEN|25755 SIMPSON PL STE 100|CALABASAS|CA|91302-3155|0000|03|3|7000|200306|1|10|000000000|1|01||0|0|06|0|12||||X30|
010568831|STROKE CHECK|% SCOTT AGRAN|6226 E CHOLLA ST|SCOTTSDALE|AZ|85254-4951|0000|03|3|1200|201405|1|15|000000000|1|01|201612|0|0|02|0|12|0|0|0|E99|
010568833|BLACK BRANT GROUP|% GARY LOWENS|1181 3RD ST|LOS OSOS|CA|93402-1113|0000|03|3|1200|200210|1|16|000000000|1|01|201612|0|0|02|0|12|0|0|0|C12|
010568840|MINDFUL EDUCATION INC|% CURTIS STAPP|1000 MEZGER DR|WOODLAND|CA|95776-5196|0000|03|3|2000|200204|1|16|000000000|1|01|201612|0|0|02|0|12|0|0|0|B90|
010568855|ROTARY CLUB OF LIBERTY MISSOURI FOUNDATION|% MICHELLE LARSON|906 WILDBRIAR DR|LIBERTY|MO|64068-1244|0000|03|3|1000|200203|1|15|000000000|1|01|201606|0|0|02|0|06|0|0|0|B82|
010569087|CHURCH OF CHRIST CHRISTIAN CNTR NON-DENOMINATIONAL EST 2002||6731 SANDBOURNE W|OLIVE BRANCH|MS|38654-7543|0000|03|3|7000|200207|1|10|000000000|1|01||0|0|06|0|12||||X20|
010569248|GREG CROWE MINISTRIES INC||14042 PHARES HINTON RD|TUSCALOOSA|AL|35405-9587|0000|03|3|7000|200207|1|15|000000000|1|01|201612|0|0|02|0|12|0|0|0|X21|
010569366|JESUSIS4 FOUNDATION|% CATHERINE STEVENS|11330 HIGHWAY 40 E|INGLIS|FL|34449-3706|0000|03|3|7000|200207|1|16|000000000|1|01|201701|0|0|02|0|01|0|0|0|X99|
010569386|HISTORIC FERNANDINA BUSINESS ASSOCIATION INC|% BONNIE JOHNSON|PO BOX 473|FERNANDINA|FL|32035-0473|0000|06|3|2000|200808|2|00|000000000|1|01|201612|0|0|02|0|12|0|0|0|S41|
010569451|SUMMERFIELD BASKETBALL INC|% JOHN ADEJUNMOBI|PO BOX 535|RIVERVIEW|FL|33568-0535|0000|03|3|1000|200202|1|16|000000000|1|01|201612|1|3|01|0|12|258|89346|89346|N62|
010569668|ST ATHANASIOS THE GREAT GREEK ORTHODOX CHURCH INC|% GREER ELIAS T|PO BOX 89|SAN ANGELO|TX|76902-0089|0000|03|3|7000|200204|1|10|000000000|1|01||0|0|06|0|12||||X21|
010569736|WOMENS RESTORATIONS & DELIVERANCE MINISTRIES INC|% LONIE M LINDSEY|1289 W 35TH ST|RIVIERA BEACH|FL|33404-2917|0000|03|3|2100|200505|1|15|000000000|1|01|201512|0|0|02|0|12|0|0|0|P20|
010569967|COCHISE HEALTH NETWORK|% MARIE TAMAYO|101 COLE AVE|BISBEE|AZ|85603-1327|0000|03|3|2000|200408|1|15|000000000|1|01|201609|1|4|01|0|09|179|209152|209152|E60|
010570179|BROADVIEW CHURCH OF CHRIST INC||6080 SW 17TH ST|N LAUDERDALE|FL|33068-4616|0000|03|3|7000|201502|1|10|000000000|1|01||0|0|06|0|12||||X20|BROADVIEW CHURCH OF CHRIST INC
010570430|ARAMCO BRATS INC|% DIANA RYRHOLM-GEERDES|6810 HEARTHSIDE DR|SUGAR LAND|TX|77479-6041|0000|07|3|1000|200206|2|00|000000000|1|01|201612|3|1|02|0|12|94389|6927|6302|N50|RYRHOLM-GEERDES DIANA PRESIDENT
010570536|THE FRY FOUNDATION|% DAVID L FREY|PO BOX 20670|OAKLAND|CA|94620-0670|0000|03|3|1000|200206|1|04|000000000|1|01|201612|6|5|00|1|12|3092902|972122||T22|
010570543|EAST ARKANSAS ENTERPRISE COMMUNITY||PO BOX 2212|FORREST CITY|AR|72336-2212|0000|03|3|1000|200303|1|15|000000000|1|01|201512|5|5|01|0|12|503542|505593|505593|S20|
010570727|RIVER OF GRACE FELLOWSHIP|% FRED GALLIER|5048 ROUNDTREE CT|HALTOM CITY|TX|76137-2193|1620|03|9|7000|196402|1|10|001029000|5|01||0|0|06|0|12|||||
010570996|TRI COUNTY FAIR BOARD|% AMANDA PEMBERTON|PO BOX 928|RICHLAND|MO|65556-0928|0000|03|3|2000|200308|1|16|000000000|1|01|201512|3|3|01|0|12|41879|71101|18771|N52|
010571164|KEITH FAMILY FOUNDATION INC|% DIANA KEITH|20755 MONTE SUNSET DR|SAN JOSE|CA|95120-1102|0000|03|3|1000|200204|1|04|000000000|1|01|201512|2|2|00|1|12|18201|22694||T22|
010571193|INDEPENDENT RADIO CLUB INC|% KEN CHAFIN|3624 FOOTHILL BLVD 1|LA CRESCENTA|CA|91214-1738|0000|07|3|1000|200209|2|00|000000000|1|01|201612|0|0|02|0|12|0|0|0|N50|
010571276|ROGERS WILDLIFE REHABILITATION INC|% KATHY ROGERS|1430 E CLEVELAND ST|HUTCHINS|TX|75141-4004|0000|03|3|2100|200202|1|15|000000000|1|01|201512|4|4|01|0|12|156230|323980|323980|D34|
010571299|HILLSIDE CHURCH|% TERESA PARKER|5685 HWY 93 S|WHITEFISH|MT|59937-8523|1489|03|9|7000|196007|1|10|001268000|1|01||0|0|06|0|12|||||
010571302|MARTIN LUTHER KING STREET CHURCH OF CHRIST|% LEE ROBINSON|1104 E MARTIN LUTHER KING JR ST|BRYAN|TX|77803-3455|0000|03|3|7000|200304|1|10|000000000|1|01||0|0|06|0|12||||X21|
010571444|IGLESIA NUEVA VIDA DE ORLANDO INC|% REV RAMON DAVILA|3420 CIRQUE CIR|ORLANDO|FL|32817-2083|0000|03|3|7000|200301|1|10|000000000|1|01||0|0|06|0|12||||X20|
010571455|DAGUPENOS CHARITABLE FOUNDATION INTERNATIONAL INC|% REYNALDO T LLAMAS|2261 CAYUGA AVE|SAN FRANCISCO|CA|94112-3901|0000|03|3|1000|200304|1|16|000000000|1|01|201612|1|0|02|0|12|6069|0|0|B82|
010571515|ESTHER MINISTRIES|% VEDA MORALES|PO BOX 16774|ENCINO|CA|91416-6774|0000|03|3|7000|200207|1|15|000000000|1|01|201412|0|1|02|0|12|0|350|0|X21|
010571640|ALLIANCE OF DIVINE LOVE INC|% REV HANNA KINO|511 BAY COLONY DR N|JUNO BEACH|FL|33408-2151|3054|03|9|7000|197702|1|10|001000000|5|01||0|0|06|0|12|||||1265 CHAPEL
010571689|INTERNATIONAL ASSOCIATION OF FIRE FIGHTERS|% ROCKY LEE LAMBERT|PO BOX 11647|FORT SMITH|AR|72917-1647|0160|05|9|3000|195903|2|00|263000000|5|01|201603|0|0|02|0|03|0|0|0|Y99|S0024 WESTERN ARKANSAS STATE
010571980|KIWANIS INTERNATIONAL INC|% TIMOTHY J HEINRICH|6303 KURY LN|HOUSTON|TX|77008-3225|0026|04|9|1300|194007|2|00|040042000|5|01|201609|0|0|02|0|09|0|0|0||K14210 HOUSTON SUNRISE BREAKFAST
010571984|KIWANIS CLUB OF HOUSTON SUNRISE BREAKFAST OF TEXAS FOUNDATION|% TIMOTHY J HEINRICH|6303 KURY LN|HOUSTON|TX|77008-3225|0000|03|3|1200|200207|1|15|000000000|1|01|201609|0|0|02|0|09|0|0|0|B82|
010572077|ENABLE AMERICA INC||101 E KENNEDY BLVD STE 3250|TAMPA|FL|33602-5151|0000|03|3|1200|200205|1|15|000000000|1|01|201512|3|4|01|0|12|51752|184065|160523|P80|
010572107|TENNESEE AQUADIC PROJECT AND DEVELOPEMENT GROUP INC|% KENNETH STEWART|1309 JACKSON ST|NASHVILLE|TN|37208-3000|0000|03|3|1200|200402|1|15|000000000|1|01|201512|0|0|02|0|12|0|0|0|N20|
010572409|REDDING POLICE CHAPLAINCY PROGRAM|% DEBBIE IVEY|777 CYPRESS AVE|REDDING|CA|96001-2718|0000|03|3|1700|200301|1|15|000000000|1|01|201606|0|0|02|0|06|0|0|0|F60|
010572441|EGYPTIAN STUDY SOCIETY INC|% CAROL PHILLIPS|9056 E FLOYD PL|DENVER|CO|80231-4670|0000|03|3|2000|200202|1|16|000000000|1|01|201612|0|0|02|0|12|0|0|0|B60|
010572467|TOASTMASTERS INTERNATIONAL|% CATHOLIC COMMUNICATION TOASTMASTE|817 SUMMIT DR|S PASADENA|CA|91030-4332|0820|03|9|2000|194505|0|16|059319000|5|01|201612|0|0|02|0|12|0|0|0||2754 CATHOLIC COMMUNICATION TOASTMA
010572814|HOUSTON TEXANS FOUNDATION|% JAMES M KENDRIGAN|109 N POST OAK LN STE 600|HOUSTON|TX|77024-7753|0000|03|3|1000|200210|1|15|000000000|1|01|201512|6|6|01|0|12|1220738|2502419|1976526|O54|
010572981|UNITY EASTSIDE||8551 BUCK LAKE RD|TALLAHASSEE|FL|32317-8511|2062|03|9|2700|197002|1|10|059029000|5|01||0|0|06|0|12|||||
010573059|KAI ELUA OUTRIGGER CANOE CLUB|% KATE GODFREY|1804 GARNET AVENUE SUITE 107|SAN DIEGO|CA|92109-3352|0000|03|3|1200|201005|1|16|000000000|1|01|201510|3|3|01|0|10|69656|70468|70468|N67|A CALIFORNIA NON PROFIT CORPORATION
010573158|POTTERS VESSEL MINISTRIES INC|% BRIAN DODD|124 WILDWOOD DR|WACO|TX|76705-1751|0000|03|3|1000|200206|1|15|000000000|1|01|201212|1|1|00|0|12|5670|8000|8000|E90|
010573492|SW WASHINGTON HIGH TECHNOLOGY COUNCIL|% CASEY ODELL|5700 NW PACIFIC RIM BLVD|CAMAS|WA|98607-9489|0000|06|3|2000|201305|2|00|000000000|1|01|201612|0|0|02|0|12|0|0|0|S41|
010573502|COMMUNITY EMPOWERMENT DEVELOPMENT INC|% EFFELL WILLIAMS|PO BOX 969|SELMA|AL|36702-0969|0000|03|3|1200|200209|1|15|000000000|1|01|201512|0|0|02|0|12|0|0|0|O50|
010573756|SWEET SERENITY HOUSE|% RUBY JEAN BRIDGES|5106 KITTIE LEE LN|MEMPHIS|TN|38118-4523|0000|03|3|1000|200206|1|15|000000000|1|01|201512|0|0|02|0|12|0|0|0|F20|
010573990|BARNABAS MINISTRIES|% GORDON R HUTCHISON|21070 MEADOW RD W|LENOIR CITY|TN|37772-4756|0000|03|3|1000|200210|1|15|000000000|1|01|201512|3|4|01|0|12|36194|144949|144949|L20|
010573996|COVENANT CHARITIES|% LAVON W BRACY|2210 S RIO GRANDE AVE|ORLANDO|FL|32805-5262|0000|03|3|1000|200209|1|15|000000000|1|01|201512|1|4|01|0|12|6352|137219|137219|P60|
010574059|FRIENDS OF COMMUNITY ANIMAL SERVICES|% BRENDA MURDOCK|PO BOX 7487|SPRECKELS|CA|93962-7487|0000|03|3|1000|200202|1|15|000000000|1|01|201608|4|3|02|0|08|371141|28622|25569|D12|
010574128|JOHN AND VONCILLE WILBERT FOUNDATION|% JOHN WILBERT|207 N T AVE|NATIONAL CITY|CA|91950-1848|0000|03|3|1000|200202|1|04|000000000|1|01|201612|1|1|00|1|12|1764|560||T22|
010574137|YUMA SOUTHWEST CONTRACTORS ASSOCIATION||350 W 16TH SL 428|YUMA|AZ|85364-0000|0000|06|3|2000|200305|2|00|000000000|1|01|201612|4|4|01|0|12|171471|272364|272364|S41|
010574268|PLEASANT VALLY MENNONITE SCHOOL|% CHRIS GEARIG|3655 HIGHWAY 360|BRADLEY|AR|71826-8889|1971|03|9|7000|196908|1|10|059150001|5|01||0|0|06|0|01|||||
010574366|GET REAL MINISTRIES|% DEBBIE BELLAMY|PO BOX 293|BALDWIN|GA|30511-0293|0000|03|3|1000|200302|1|15|000000000|1|01|201512|2|4|01|0|12|20098|100058|100058|X20|
010574426|CHRIST FOR THE NATIONS CHURCH|% CORNELIUS GRAHAM|9762 N GRANDUKE CIR|TAMARAC|FL|33321-6308|0000|03|3|7000|200305|1|10|000000000|1|01||0|0|06|0|12||||X20|
010574486|CALIFORNIA GREENWORKS INC||3438 W 43RD ST|LOS ANGELES|CA|90008-4906|0000|03|3|1000|200304|1|15|000000000|1|01|201612|0|0|02|0|12|0|0|0|C99|
010574719|CARVER HEIGHTS MINISTRIES INC||1014 GEORGIA AVE|LEESBURG|FL|34748-3708|0000|03|3|1200|200302|1|15|000000000|1|01|201512|4|3|02|0|12|190269|34801|34801|O20|
010574855|METROPOLITAN ENVIRONMENTAL TRAINING ALLIANCE|% LU BURSON|3319 MAGUIRE BLVD STE 232|ORLANDO|FL|32803-3767|0000|03|3|1000|200903|1|16|000000000|1|01|201512|2|2|02|0|12|11745|17593|7808|C193|
010575126|FRIENDS OF NELHA||73 4460 QUEEN KAAHUMANU HWY ROOM 10|KAILUAKONA|HI|96740-2632|0000|03|3|1000|200309|1|16|000000000|1|01|201612|3|4|01|0|12|33508|171528|171528|C30|
010575214|HUMANITY PLUS INC|% HUMANITY PLUS INC|5042 WILSHIRE BLVD|LOS ANGELES|CA|90036-4305|0000|03|3|2000|200302|1|16|000000000|1|01|201506|0|0|02|0|06|0|0|0|U50|
010575509|IMPACT PARTNERS INC|% WAYNE B ANTHONY|5830 WILTSHIRE DR|COLUMBUS|GA|31909-4748|0000|03|3|7000|200303|1|16|000000000|1|01|201512|1|1|02|0|12|992|1000|1000|X21|
010575533|WE BELIEVE IN YOU SCHOLARSHIP|% ROBIN W FORT|1501 HARLIN DR|CLEBURNE|TX|76033-7039|0000|03|3|1000|200206|1|15|000000000|1|01|201408|0|0|02|0|08|0|0|0|B82|
010575589|THE UNIVERSAL BUDDHIST CONGREGATION QUANG PHAP RELIGIOUS MONASTIC INST|% THAU NGUYEN|5232 BULWER AVE|SAINT LOUIS|MO|63147-3110|0000|03|3|7000|200207|1|10|000000000|1|01||3|3|06|0|12||||X50|
010575727|HERITAGE ACADEMY|% JOHN SCHIRMER|606 RIDGEWAY AVE|COLUMBIA|MO|65203-2484|0000|03|3|2000|200312|1|11|000000000|1|01|201606|4|4|01|0|06|165593|301550|299963|B20|GRACE BIBLE CHURCH
010575932|SOCIETY FOR PRESERVATION & ENCOURMT OF BARBERSHOP QUARTET SINGING AMER|% ROBERT POLK|9281 PENELOPE DR|WEEKI WACHEE|FL|34613-4012|0943|03|9|1200|194605|1|16|119602281|5|01|201612|0|0|02|0|12|0|0|0||P-047 HERNANDO COUNTY CHAPTER
010575998|FAMILY MOTOR COACH ASSOCIATION|% PAM MCGASKILL|317 SIDNEY BAKER S SUITE 400-266|KERRVILLE|TX|78028-5948|2609|07|9|1000|197501|2|00|299318000|5|01|201512|0|0|02|0|12|0|0|0||COUNTRY COACH TEXANS
010576305|ANNALS OF FAMILY MEDICINE INC|% STEPHANIE HANAWAY|11400 TOMAHAWK CREEK PARKWAY|LEAWOOD|KS|66211-2680|0000|03|3|1200|200307|1|17|000000000|1|01|201512|4|5|01|0|12|422559|785953|785953|A33|
010576324|STEVAN & CYNTHIA PEARCE CHARITABLE FOUNDATION|% STEVAN PEARCE|PO BOX 1830|HOBBS|NM|88241-1830|0000|03|3|2000|200305|1|04|000000000|1|01|201609|6|6|00|1|09|1121460|4712493||T30|
010576406|ALSUM MISSIONARY BAPTISE CHURCH INC||2443 N PEORIA AVE|TULSA|OK|74106-3944|0000|03|3|7000|200202|1|10|000000000|1|01||0|0|06|0|12||||X20|
010576849|LIVADA ORPHAN CARE INC||2001 W PLANO PKWY STE 3430|PLANO|TX|75075-8654|0000|03|3|1000|200206|1|15|000000000|1|01|201512|4|6|01|0|12|211395|1156014|1134280|P70|
010576951|GOOD NEWS FOR ALL NATIONS INC|% MYUNG HEE YUN|647 RIDGEMONT CIR|HGHLNDS RANCH|CO|80126-5502|0000|03|3|1000|200211|1|16|000000000|1|01|201612|0|0|02|0|12|0|0|0|X20|
010577001|MEDICAL NETWORK FOR EDUCATION AND RESEARCH INC|% LORETTA PATRICK|PO BOX 372432|DECATUR|GA|30037-2432|0000|03|3|1000|200207|1|16|000000000|1|01|201612|1|3|01|0|12|2807|82380|82380|H99|
010577012|CINCO RANCH HIGH SCHOOL ROBOTICS BOOSTER CLUB|% STEVEN FISH|23440 CINCO RANCH BLVD|KATY|TX|77494-2881|0000|03|3|2100|200207|1|16|000000000|1|01|201606|3|3|01|0|06|85108|70380|61701|B11|
010577368|CORNERSTONE CHURCH|% CHARLES E HODGES SR|1368 JOHN WILKES RD|LYONS|GA|30436-2335|0000|03|3|1000|200307|1|10|000000000|1|01||0|0|06|0|12||||X20|
010577626|CHRISTIAN METHODIST EPISCOPAL CHURCH||430 W GILMORE ST|SENATOBIA|MS|38668-2523|8511|03|9|7000|198009|1|10|001002000|5|01||0|0|06|0|12|||||MOUNT OLIVE CME CHURCH
010578128|GRACE OUTREACH FAMILY CHURCH|% TOMMY WILBORN|4504 VISTA ESTATES CT|SPICEWOOD|TX|78669-6812|1678|03|9|7000|196408|1|10|001002029|5|01||0|0|06|0|12||||X21|
010578178|OAKS MIDDLE SCHOOL|% TERI BICKHAM|43293 RANGE RD|HAMMOND|LA|70403-0000|0000|03|3|2000|200207|1|11|000000000|1|01|201706|0|0|02|0|06|0|0|0|B25|
010578289|LIVING CHRISTIAN FELLOWSHIP|% DONALD F GINKEL|7818 W OXFORD CIR|LAKEWOOD|CO|80235-1936|9402|03|9|7000|198907|1|10|002000000|1|01||0|0|06|0|12|||||
010578450|HOUSE OF PRAYER AND DELIVERANCE OUTREACH MINISTRIES INC|% GREGORY M HANDY SR|PO BOX 620502|OVIEDO|FL|32762-0502|0000|03|3|7000|200508|1|10|000000000|1|01||0|0|06|0|12||||X20|
010578548|DON LUGO HIGHSCHOOL SPORTS BOOSTERS CLUB INC|% CONNIE CASTANEDA|13400 PIPELINE AVE|CHINO|CA|91710-4959|0000|03|3|1000|200203|1|16|000000000|1|01|201703|2|3|01|0|03|17533|99568|25564|B94|
010578638|EGLISE DE DIEU LA FOI CHRETIENNE|% GUY VEILLARD|3336 CENTRAL AVE|FORT MYERS|FL|33901-7309|0000|03|3|7000|200711|1|10|000000000|1|01||0|0|06|0|12||||X20|VEILLARD CLAUDE
010578996|CENTRO INTERNACIONAL DE ALABANZA|% EMELY PAGAN|5355 25TH AVE SW|NAPLES|FL|34116-7605|0000|03|3|7000|200212|1|10|000000000|1|01||0|0|06|0|12||||X20|
010579209|SAND HILL BAPTIST CHURCH|% PAM ADAMS|PO BOX 1840|BRONSON|FL|32621-1840|2024|03|9|7200|196908|0|10|000000000|0|01||0|0|06|0|09|||||
010579327|ROTARY INTERNATIONAL|% DENNIS MERRIFIELD|PO BOX 743|ESTERO|FL|33928-0743|0573|04|9|3000|194209|2|00|520349200|1|01|201606|2|3|01|0|06|14732|56901|56901||ESTERO ROTARY CLUB
010579687|FRIENDS OF PUBLIC RADIO ARIZONA|% SUSAN EDWARDS|2323 WEST 14TH STREET|TEMPE|AZ|85281-6948|0000|03|3|1200|200203|1|15|000000000|1|01|201606|8|7|01|0|06|10851427|6215434|6011213|A11|
010579792|FRIENDS OF MOUNTAINVIEW CEMETARY||5000 PIEDMONT AVE|OAKLAND|CA|94611-4220|0000|03|3|1000|200203|1|15|000000000|1|01|201512|3|4|01|0|12|48685|191650|191650|A50|
010580484|SONS OF ITALY IN AMERICA|% STEFAN MELNICK|261 SAN NICOLAS WAY|ST AUGUSTINE|FL|32080-7716|3610|08|9|1000|194106|1|00|000000000|5|01|201612|0|0|02|0|12|0|0|0||2780 ST AUGUSTINE
010580490|FRATERNAL ORDER OF POLICE|% CHARLES CARTY|PO BOX 2122|BENTON|AR|72018-2122|1199|08|9|1000|195210|1|00|000000000|5|01|201612|0|0|02|0|12|0|0|0||63 BENTON MUNICIPAL FOP
010580718|INDIAN WELLS HISTORIC PRESERVATION FOUNDATION|% ADELE RUXTON|74923 HIGHWAY 111 PMB 129|INDIAN WELLS|CA|92210-0000|0000|03|3|1000|200207|1|15|000000000|1|01|201609|0|0|02|0|09|0|0|0|A80|
010580854|CASCADE COMMUNITY SERVICES INC|% MARVIN A MOSS|3144 CASCADE RD SW|ATLANTA|GA|30311-3616|0000|03|3|1000|200212|1|15|000000000|1|01|201512|0|0|02|0|12|0|0|0|P80|
010580938|FUTURE PERFECT INCORPORATED|% JILL OBRIEN MACDOUGAL|4007 MCCULLOUGH 611|SAN ANTONIO|TX|78212-2420|0000|03|3|2000|200306|1|15|000000000|1|01|201412|0|0|02|0|12|0|0|0|B90|
010581038|CENTRO ESPIRITUAL FE ESPERANZA Y CARIDAD - ALLAN KARDEC|% RUTH SOSA|1062 OLD HWY 90 W|SAN ANTONIO|TX|78237-2436|0000|03|3|7000|200207|1|10|000000000|1|01||0|0|06|0|09||||X20|
010581159|SHAHROKH TANGESTANI NEJAD FOUNDATION|% ARDESHIR TANGESTANI-NEJAD|23785 EL TORO ROAD 440|LAKE FOREST|CA|92630-4762|0000|03|3|1000|200401|1|04|000000000|1|01|201612|6|4|00|1|12|2047589|477078||E60|
010581184|INLAND EMPIRE CHAPTER 109 STAR TOURING & RIDING|% MARK MADDEN|PO BOX 8164|RCH CUCAMONGA|CA|91701-0164|0000|07|3|1000|201505|2|00|000000000|5|01|201612|0|0|02|0|12|0|0|0|N50|
010581489|NEIGHBORHOOD LENDING PARTNERS INC||3615 W SPRUCE ST|TAMPA|FL|33607-2504|3890|03|6|1000|200209|1|16|000000000|1|01|201603|8|4|01|0|03|15719193|175643|175643|L80|
010581591|NEW LITE COUNSELING CENTER INC|% THEOPHILIS A NATTER|4625 NORTH FWY STE 115|HOUSTON|TX|77022-2929|0000|03|3|1200|200311|1|16|000000000|1|01|201412|3|4|01|0|12|40598|336849|336849|F60|
010581866|INTERNAL MARTIAL ARTS ASSOCIATION FOR HEALTH AND ENLIGHTENMENT|% IRWAN TANADI|PO BOX 365|WALNUT CREEK|CA|94597-0365|0000|03|3|1000|200210|1|15|000000000|1|01|201610|0|0|02|0|10|0|0|0|B99|
010582036|FO GUANG SHAN SAINT LOUIS BUDDHIST CENTER|% VEN YUNG HAN|3109 SMILEY RD|BRIDGETON|MO|63044-3043|0000|03|3|7000|200408|1|10|000000000|1|01||0|0|06|0|12||||X50|
010582163|TIBETAN HEALING FUND||4827 43RD AVE S|SEATTLE|WA|98118-1804|0000|03|3|1000|200209|1|15|000000000|1|01|201512|0|0|02|0|12|0|0|0|Q33|
010582284|COMMUNITY CONNECTIONS INC|% LINDA COIL|2300 W PARK PLACE BLVD STE 114|STONE MTN|GA|30087-3561|0000|03|3|1000|200205|1|15|000000000|1|01|201612|5|6|01|0|12|862462|2850644|2850644|P32|
010582371|SUNSHINE SOCIAL SERVICES INC|% MARK KETCHAM|2312 WILTON DR|WILTON MANORS|FL|33305-1249|0000|03|3|1000|200203|1|15|000000000|1|01|201612|4|6|01|0|12|431910|2110427|2105274|P81|
010582436|PROTECTION OF THE HOLY THEOTHOKOS||1701 PERIDOT RD|PFLUGERVILLE|TX|78660-8139|0000|03|3|7000|200309|1|10|000000000|5|01||0|0|06|0|12||||X21|
010582508|ST HOPE PUBLIC SCHOOLS||2315 34TH ST|SACRAMENTO|CA|95817-1211|0000|03|3|2000|200208|1|11|000000000|1|01|201606|6|8|01|0|06|3417454|19308185|19291027|B29|
010583056|LARSEN & LARSEN MINISTRIES INC||155 SWANSON VALLEY DR|TYRONE|GA|30290-1850|0000|03|3|7000|200203|1|15|000000000|1|01|201612|3|3|01|0|12|31495|62548|62548|X20|
010583354|AQUILA ASSOCIATION OF MINISTRIES INC|% JIMMIE LEE ERVIN|115 LANDING LN|COVINGTON|GA|30016-8875|0000|03|3|1000|200206|1|10|000000000|1|01||0|0|06|0|03||||X21|
010583485|SOUTH MARTIN CONSERVATION ALLIANCE INC|% SILAS S CATHCART|8985 SE BRIDGE RD|HOBE SOUND|FL|33455-5312|0000|03|3|1000|200208|1|15|000000000|1|01|201512|8|0|02|0|12|15337341|0|0|D34|
010583526|NEW HOPE FELLOWSHIP INTERNATIONAL CHURCH INC|% MOCK CURTIS R SR|16701 JENNY LN|LOXAHATCHEE|FL|33470-4127|1619|03|9|7000|000000|0|10|001030059|5|01||0|0|06|0|12|||||
010583569|THE UNITED STATES PONY CLUBS INC|% WEKIVA BASIN PONY CLUB|20701 COUNTY ROAD 44A|EUSTIS|FL|32736-9050|3887|03|9|1200|200209|1|15|000000000|5|01|201612|0|0|02|0|12|0|0|0|N70|WEKIVA BASIN PONY CLUB
010583754|FAITH LUTHERAN CHURCH||1416 BENDER LN|HOLT|FL|32564-9534|1709|03|9|7000|194107|1|10|001029000|5|01||0|0|06|0|12|||||
010583761|THE LASUNG BETHLEHEM PRESBYTERIAN CHURCH|% PAUL KIM|323 S LA FAYETTE PARK PL APT 307|LOS ANGELES|CA|90057-4643|0000|03|3|7000|200206|1|10|000000000|1|01||0|0|06|0|12||||X21|
010583838|ROCKPOINTE CHURCH||4503 CROSS TIMBERS RD|FLOWER MOUND|TX|75028-3104|3779|03|9|7000|200108|1|10|000000000|1|01||0|0|06|0|12||||X20|
010583932|WATER ENHANCEMENT & RESTORATION COALITION INC|% SHARON ARNOLD|12474 BRANTLEY COMMONS COURT|FORT MYERS|FL|33907-5688|0000|04|3|1000|200301|2|00|000000000|1|01|201612|0|0|02|0|12|0|0|0|C20|
010584091|GRANT ONE CHILD A WISH FOUNDATION|% GRANT ONE CHILD A WISH|2026 CANELO DR|DALLAS|TX|75232-1022|0000|03|3|1000|200210|1|15|000000000|1|01|201612|0|0|02|0|12|0|0|0|P30|
010584107|YOUTH DRIVING FOR VALUES|% PAUL PUGMIRE|680 W 3300 S|S SALT LAKE|UT|84119-3320|0000|03|3|1000|200209|1|15|000000000|1|01|201512|2|4|01|0|12|24122|176417|176417|N6A|
010584192|M & L HONG FOUNDATION INC||5361 VIA RICARDO|RIVERSIDE|CA|92509-2414|0000|03|3|1200|200208|1|15|000000000|1|01|201512|4|5|01|0|12|131884|720000|720000|A23|
010584466|LIFELINE RESOURCE CENTER INC|% CLAUDE WATTERS|3591 CAPE ROMAIN DR|COLORADO SPGS|CO|80920-4801|0000|03|3|1000|200207|1|15|000000000|1|01|201612|0|0|02|0|12|0|0|0|P20|
010584486|ST LOUIS SENIOR DOG PROJECT|% ELLEN ELLICK|7488 RIVERMONT TRL|HOUSE SPRINGS|MO|63051-2033|0000|03|3|1000|200212|1|16|000000000|1|01|201612|3|4|01|0|12|46151|191393|191393|D20|
010584670|GEORGIA CHEMISTRY COUNCIL|% RUDY UNDERWOOD|1995 N PARK PL SE STE 240|ATLANTA|GA|30339-2072|0000|03|3|2000|201507|1|15|000000000|1|01|201612|0|0|02|0|12|0|0|0|U03|
010584930|RICHMOND COUNTY MEDICAL SOCIETY PROJECT ACCESS INC||2612 COMMONS BLVD|AUGUSTA|GA|30909-2080|0000|03|3|1000|200206|1|15|000000000|1|01|201512|4|4|01|0|12|353091|338715|338715|P99|
010585206|DOMINION INTERNATIONAL NETWORK OF MINISTRIES & CHURCHES|% RAYMOND WADE VINSON|1228 GRAPE ST|ABILENE|TX|79601-3404|0000|03|3|2700|200309|1|15|000000000|1|01|201512|1|3|02|0|12|5301|44150|44150|X99|VINSON RAYMOND WADE
010585443|V O W FOUNDATION|% ALICIA CHAMPION|1345 ENCINITAS BLVD 222|ENCINITAS|CA|92024-2845|0000|03|3|1000|201204|1|15|000000000|1|01|201612|0|0|02|0|12|0|0|0|O50|ROCK TO STOP VIOLENCE
010585684|COMPASSIONATE BRIDGES WORLDWIDE CULTURAL AWARENESS|% NO|PO BOX 17268|IRVINE|CA|92623-7268|0000|03|3|7000|200206|1|16|000000000|1|01|201612|0|0|02|0|12|0|0|0|X12|
010585828|VANCOUVER LAKE CREW|% CHRIS HICKEY|PO BOX 421|VANCOUVER|WA|98666-0421|0000|03|3|1000|200206|1|16|000000000|1|01|201512|4|4|01|0|12|141818|129977|129977|N67|
010585886|CHRIST CHAPEL AT SPORTSTOWNE|% JOHN C WOOD|170 STARCADIA CIR|MACON|GA|31210-6502|1678|03|9|7000|196408|1|10|001002029|5|01||0|0|06|0|12|||||
010586274|GRACE HARBOR MINISTRIES INC||1628 S BAYA DRIVE SUITE 101|LAKE CITY|FL|32025-0000|0000|03|3|7000|200301|1|10|000000000|1|01||0|0|06|0|12||||X21|
010586306|BARCEDA FAMILIES|% JAMIE HILLMAN|413 W WATER ST|GREENFIELD|MO|65661-1353|0000|03|3|1000|200208|1|15|000000000|1|01|201606|1|2|02|0|06|1649|10636|10636|P20|
010586552|AGAPE FAMILY OF CHURCHES OF AUSTIN INCORPORATED|% LAWRENCE A WILKERSON|6215 MANCHACA RD|AUSTIN|TX|78745-4927|0000|03|3|7000|200608|1|10|000000000|1|01||0|0|06|0|12||||X21|
010586820|INTERNATIONAL FEDERATION OF FLY FISHERS INC|% JOEL ARONOFF|15630 MCGREGOR BLVD STE 105|FT MEYERS|FL|33908-2553|9453|03|9|2000|196909|1|16|059350349|1|01|201612|0|0|02|0|12|0|0|0||SANIBEL FLY FISHERS
010586840|UNICORN RESEARCH FOUNDATION|% LYDIA DEMSKI|PO BOX 715|CAYUCOS|CA|93430-0715|0000|03|3|1000|200206|1|03|000000000|1|01|201512|4|4|00|1|12|132151|250604||K26|
010587057|WORSHIP ALLIANCE MINISTRIES|% ROBERT & ANN SCHULTZ|1486 MANOR PL|MONTEREY|CA|93940-4911|0000|03|3|7000|200401|1|15|000000000|1|01|201612|3|3|02|0|12|35944|47170|47170|X21|
010587171|TABERNACLE OF PRAISE|% HERMAN HICKS|10 RACETRACK RD NW|FT WALTON BCH|FL|32547-1642|0000|03|3|7000|200309|1|10|000000000|1|01||0|0|06|0|12||||X21|CHURCH OF GOD AND CRIST
010587209|T L T CHEER AND DANCE COMPANY INC||PO BOX 491972|COLLEGE PARK|GA|30349-9331|0000|03|3|1000|200207|1|04|000000000|1|01|201612|1|1|00|3|12|1|1||N99|
010587326|BRUCE GALLOWAY MINISTRY INC|% REV BRUCE GALLOWAY|3702 CHANTERWAY ST|BACLIFF|TX|77518-2146|0000|03|3|7000|200205|1|15|000000000|1|01|201612|0|0|02|0|12|0|0|0|X99|
010587441|NEW COVENANT CHRISTIAN CENTER|% LIONELL S ASLAHA|4139 KEWANEE ST|HOUSTON|TX|77051-2443|0000|03|3|7000|200601|1|10|000000000|1|01||0|0|06|0|12||||X21|
010587847|TOTAL ARMOUR OF GOD|% JAMES K MILLSAPS|PO BOX 2061|HARVEY|LA|70059-2061|0000|03|3|7000|200304|1|10|000000000|1|01||0|0|06|0|12||||X20|
010588006|NEVADA ROCK ART FOUNDATION||641 JONES ST|RENO|NV|89503-5624|0000|03|3|1200|200206|1|15|000000000|1|01|201512|4|3|01|0|12|161602|82892|79259|A40|
010588122|HISPANIC CHAMBER OF COMMERCE OF ANTELOPE VALLEY||819 E AVENUE Q9|PALMDALE|CA|93550-4732|0000|06|3|3000|200206|2|00|000000000|1|01|201512|1|3|01|0|12|2925|73910|73910|S41|
010588239|KNIGHTS OF COLUMBUS|% DEAN R VETTER|2121 BARBOSA CT|THE VILLAGES|FL|32159-9536|0188|08|9|1000|194010|2|00|036029265|5|01|201706|0|0|02|0|06|0|0|0||2722 QUEEN OF THE ROSARY ASSEMBLY
010588554|KEEP CHARLOTTE BEAUTIFUL INC||25550 HARBORVIEW RD STE 2|PT CHARLOTTE|FL|33980-2503|0000|03|3|1000|201604|1|15|000000000|1|01|201609|3|3|01|0|09|41499|50514|46836|C50|
010589163|GIMMESHELTER ANIMAL RESCUE INC||12100 US HIGHWAY 1|NORTH PALM BEACH|FL|33408-2658|0000|03|3|1200|200304|1|15|000000000|1|01|201612|1|3|01|0|12|4395|54326|49162|B99|
010589194|BRAZILIAN ARTS FOUNDATION|% MAURICIO BATANERO CAMPOS|316 PECORE STREET|HOUSTON|TX|77009-0000|0000|03|3|1200|200308|1|15|000000000|1|01|201512|2|4|01|0|12|10642|167505|167505|A23|
010589514|GREEN POWER EMC||2100 E EXCHANGE PL 556|TUCKER|GA|30084-5342|0000|12|3|1000|200306|2|00|000000000|1|01|201512|6|8|01|0|12|2494516|18215057|18215057|W800|
010589520|TEXAS 4-H|% JAMIE SUGG|113 E FORDALL ST|HENDERSON|TX|75652-3128|5932|03|9|1200|201111|0|15|000000000|5|01|201608|0|0|02|0|08|0|0|0||RUSK COUNTY 4-H COUNCIL
010589836|YANCEY FAMILY FOUNDATION INC|% DAVID H KNOPF PC|PO BOX 4769|COLUMBUS|GA|31914-0769|0000|03|3|1000|200304|1|04|000000000|1|01|201612|5|4|00|1|12|597797|285817||T22|
010589965|SHERMAN THOMAS CHARTER SCHOOL|% ROGER D LEACH|101 W ADELL ST|MADERA|CA|93638-0877|0000|03|3|1000|200304|1|11|000000000|1|01|201606|5|6|01|0|06|840735|2592217|2592217|B29|
010589975|BLANDING COMMUNITY LEGACY TRUST|% BRETT HOSLER|50 W 100 S|BLANDING|UT|84511-3743|0000|03|3|1000|200206|1|15|000000000|1|01|201606|0|0|02|0|06|0|0|0|T31|
010590146|ABILENE ASSOCIATION OF INDEPENDENT BUSINESS OWNERS|% RANDALL BIBB|PO BOX 7062|ABILENE|TX|79608-7062|0000|06|3|3000|200501|2|00|000000000|1|01|201612|0|0|02|0|12|0|0|0|S40|
010590233|BRAZOS VALLEY FOOTBALL ASSOCIATION|% ROBERT HOUCHIN|PO BOX 2305|BURLESON|TX|76097-2305|0000|03|3|2000|200308|1|16|000000000|1|01|201612|0|0|02|0|12|0|0|0|N65|
010590491|PTA CALIFORNIA CONGRESS OF PARENTS TEACHERS & STUDENTS INC|% GARRISON ELEMENTARY PTA|1811 TERESA ST|MODESTO|CA|95350-3748|0646|03|9|2000|194311|1|16|059035000|5|01|201606|0|0|02|0|06|0|0|0||GARRISON ELEMENTARY PTA
010590534|HAND OF GOD MINISTRIES INC|% BARUCH CHRISTIAN FELLOWSHIP|2933 SE 2ND DR UNIT 5|HOMESTEAD|FL|33033-7315|0000|03|3|1278|201702|1|15|000000000|1|01|201612|0|0|02|0|12|0|0|0|P20|
010590635|SAR DOG FOUNDRY|% CHRISTOPHER BOYER|712 BANCROFT RD SUITE 310|WALNUT CREEK|CA|94598-1531|0000|03|3|1200|200203|1|15|000000000|1|01|201612|0|0|02|0|12|0|0|0|M40|
010590704|VOLUNTEERS IN MEDICINE OF THE OLYMPICS|% CLINIC MANAGER|819 GEORGIANA ST|PORT ANGELES|WA|98362-3511|0000|03|3|1000|200203|1|15|000000000|1|01|201512|5|5|01|0|12|509937|607315|607315|E30|
010590716|BOXER RESCUE FOUNDATION|% MARYANN WATKINS|PO BOX 1203|NEWBERRY|FL|32669-1203|0000|03|3|1000|200211|1|15|000000000|1|01|201612|0|0|02|0|12|0|0|0|D20|
010591005|ONE ACCORD CHURCH OF PLANT CITY INC|% FRED HARROLD JR|PO BOX 3418|PLANT CITY|FL|33563-0008|0000|03|3|7000|200206|1|10|000000000|1|01||0|0|06|0|12||||X20|
010591016|CRAWFORD CHRISTIAN CENTER INC|% SIDNEY CRAWFORD JR|8201 NW 45TH ST|LAUDERHILL|FL|33351-5547|0000|03|3|7000|200312|1|10|000000000|1|01||0|0|06|0|12||||X21|
010591299|MCCA INC|% SHANNON MCNEAL|PO BOX 930506|NORCROSS|GA|30003-0506|0000|03|3|2700|200309|1|15|000000000|1|01|201512|0|0|02|0|12|0|0|0|X40|
010591447|OLIVER GROVE LAOTIAN BAPTIST CHURCH|% OUDONE THIRAKOUNE|2620 SULLIVAN RD|COLLEGE PARK|GA|30337-6206|1702|03|9|7000|196412|1|10|001029000|5|01||0|0|06|0|12|||||FAIRBURN
010591699|JASPER COUNTY HUMANE SOCIETY INC|% SHELBA MORRISON|PO BOX 463|MONTICELLO|GA|31064-0463|0000|03|3|4000|200209|1|15|000000000|1|01|201512|0|0|02|0|12|0|0|0|D20|
010591774|WELL OF LIFE FOUNDATION|% LUCIA S CHANG|9811 SW 96TH ST|MIAMI|FL|33176-2802|0000|03|3|1000|200207|1|04|000000000|1|01|201512|1|1|00|1|12|1|1||T22|
010592028|ROCK BRIDGE COMMUNITY CHURCH|% WILLIAM EVANS|121 W CRAWFORD ST|DALTON|GA|30720-4202|1702|03|9|7000|196412|1|10|001029000|5|01||0|0|06|0|12|||||NORTH GEORGIA
010592052|LIFE FOUNDATION MINISTRIES|% JAMES HUMPAL|PO BOX 1160|BERNALILLO|NM|87004-1160|0000|03|3|1000|200312|1|15|000000000|3|01|201612|0|0|02|0|12|0|0|0|X990|
010592271|RK MINISTRIES|% KEN SCHLENKER|1127 ELDRIDGE PKWY STE 300 # 101|HOUSTON|TX|77077-1772|0000|03|3|1000|200305|1|16|000000000|1|01|201612|3|3|01|0|12|72971|75357|75357|X20|
010592335|JUST JESUS MINISTRIES||934 N GARFIELD ST|SANTA ANA|CA|92701-3884|0000|03|3|1270|201501|1|10|000000000|1|01||0|0|06|0|12||||X21|
010592377|LIGHTHOUSE OF FAITH MINISTRIES|% JUAN GUTIERREZ|PO BOX 363406|N LAS VEGAS|NV|89036-7406|0000|03|3|7000|200506|1|10|000000000|1|01||0|0|06|0|12||||X20|
010592454|PTA FLORIDA CONGRESS|% AUDRA TURNER|100 WOLF PACK RUN|DELTONA|FL|32725-2923|2149|03|9|2000|197102|0|15|000000000|0|01|201606|0|0|02|0|06|0|0|0||DELTONA HIGH PTSA
010592965|W A U MISSION INC WHAT ABOUT YOU|% PO BOX 182|4230 N ORANGE BLOSSOM TRAIL STE B|ZELLWOOD|FL|32798-0000|0000|03|3|1000|200206|1|10|000000000|1|01||0|0|06|0|12||||X20|
010593010|AVALON KIDS BASEBALL|% RICHARD HERNANDEZ|PO BOX 1126|AVALON|CA|90704-1126|0000|03|3|1200|200210|1|15|000000000|1|01|201612|4|3|01|0|12|218543|64276|9745|N63|
010593054|SAN FRANCISCO COMMUNITY POWER|% STEVEN MOSS|2325 3RD STREET|SAN FRANCISCO|CA|94107-3138|0000|03|3|1000|200205|1|15|000000000|1|01|201612|1|3|02|0|12|5219|48918|48918|C27|
010593099|PENSACOLA BEACH ELEMENTARY SCHOOL CHARTER SCHOOL|% JAMES BLASTOS|900 VIA DE LUNA DR|PENSACOLA BCH|FL|32561-2262|0000|03|3|1000|200211|1|11|000000000|1|01|201606|6|6|01|0|06|2672244|1068680|1068680|B29|
010593102|HOSANNAS HORSE GRANGER|% ROGER KING|3757 CENTENNIAL TRL|DULUTH|GA|30096-6217|0000|03|3|1000|200304|1|04|000000000|1|25|200806|1|1|00|0|06|1|1||P80|
010593546|TIOGA HISTORICAL SOCIETY|% JIMMIE NELLE LEWIS PRESIDENT|PO BOX 151|TIOGA|LA|71477-0151|0000|03|3|2000|200208|1|15|000000000|1|01|201612|0|0|02|0|12|0|0|0|A80|
010593614|FAITH INNER HEALING MINISTRIES|% NINA DAMON|40345 PRESTON RD|PALMDALE|CA|93551-5357|0000|03|3|7000|200302|1|10|000000000|1|01||0|0|06|0|12||||X20|
010593615|ST MARY OF THE CENACLE CATHOLIC||214 W MAGNOLIA ST|NEW BOSTON|TX|75570-2617|0928|03|9|7000|194603|0|10|000000000|5|01||0|0|06|0|06|||||
010593756|HERITAGE SOCCER CLUB INC|% JIM DICK|PO BOX 23772|PLEASANT HILL|CA|94523-0772|0000|03|3|1000|200406|1|15|000000000|1|01|201612|2|5|01|0|12|21094|518612|514462|N64|
